parcel_id,project_id,parcel_number,area_acres,ownership_type,verified_flag,dispute_flag
PCL-LG-TN-0042-01,LG-TN-0042,SY-230/1,266.67,Forest,1,0
PCL-LG-TN-0042-02,LG-TN-0042,SY-546/2,266.67,Community,0,1
PCL-LG-TN-0042-03,LG-TN-0042,SY-787/3,266.67,Private,0,1
PCL-LG-AP-0002-01,LG-AP-0002,SY-328/1,18.55,Forest,0,0
PCL-LG-AP-0002-02,LG-AP-0002,SY-582/2,18.55,Private,1,1
PCL-LG-AP-0002-03,LG-AP-0002,SY-690/3,18.55,Community,1,0
PCL-LG-AP-0002-04,LG-AP-0002,SY-672/4,18.55,Forest,1,1
PCL-LG-AP-0002-05,LG-AP-0002,SY-100/5,18.55,Government,1,0
PCL-LG-AP-0002-06,LG-AP-0002,SY-417/6,18.55,Government,0,0
PCL-LG-AR-0003-01,LG-AR-0003,SY-256/1,598.8,Private,1,0
PCL-LG-AR-0003-02,LG-AR-0003,SY-679/2,598.8,Community,1,1
PCL-LG-AR-0003-03,LG-AR-0003,SY-552/3,598.8,Forest,1,1
PCL-LG-AR-0003-04,LG-AR-0003,SY-792/4,598.8,Community,1,1
PCL-LG-AS-0004-01,LG-AS-0004,SY-363/1,104.43,Forest,1,0
PCL-LG-AS-0004-02,LG-AS-0004,SY-305/2,104.43,Forest,1,1
PCL-LG-AS-0004-03,LG-AS-0004,SY-392/3,104.43,Community,1,0
PCL-LG-AS-0004-04,LG-AS-0004,SY-897/4,104.43,Forest,1,0
PCL-LG-AS-0004-05,LG-AS-0004,SY-581/5,104.43,Private,0,0
PCL-LG-AS-0004-06,LG-AS-0004,SY-132/6,104.43,Private,1,1
PCL-LG-AS-0004-07,LG-AS-0004,SY-972/7,104.43,Private,1,1
PCL-LG-BR-0005-01,LG-BR-0005,SY-853/1,176.5,Community,1,0
PCL-LG-BR-0005-02,LG-BR-0005,SY-787/2,176.5,Community,1,1
PCL-LG-BR-0005-03,LG-BR-0005,SY-860/3,176.5,Government,1,1
PCL-LG-BR-0005-04,LG-BR-0005,SY-499/4,176.5,Community,1,1
PCL-LG-CG-0006-01,LG-CG-0006,SY-946/1,198.4,Government,1,1
PCL-LG-CG-0006-02,LG-CG-0006,SY-309/2,198.4,Forest,0,0
PCL-LG-CG-0006-03,LG-CG-0006,SY-677/3,198.4,Government,1,0
PCL-LG-CG-0006-04,LG-CG-0006,SY-783/4,198.4,Community,1,0
PCL-LG-CG-0006-05,LG-CG-0006,SY-694/5,198.4,Private,1,1
PCL-LG-CG-0006-06,LG-CG-0006,SY-110/6,198.4,Forest,0,0
PCL-LG-CG-0006-07,LG-CG-0006,SY-837/7,198.4,Private,0,0
PCL-LG-CG-0006-08,LG-CG-0006,SY-979/8,198.4,Government,0,0
PCL-LG-GA-0007-01,LG-GA-0007,SY-873/1,436.56,Community,1,1
PCL-LG-GA-0007-02,LG-GA-0007,SY-580/2,436.56,Forest,1,1
PCL-LG-GA-0007-03,LG-GA-0007,SY-386/3,436.56,Private,0,0
PCL-LG-GA-0007-04,LG-GA-0007,SY-914/4,436.56,Private,1,1
PCL-LG-GA-0007-05,LG-GA-0007,SY-302/5,436.56,Community,1,0
PCL-LG-GJ-0008-01,LG-GJ-0008,SY-889/1,333.28,Forest,1,0
PCL-LG-GJ-0008-02,LG-GJ-0008,SY-392/2,333.28,Forest,0,0
PCL-LG-GJ-0008-03,LG-GJ-0008,SY-832/3,333.28,Forest,0,0
PCL-LG-GJ-0008-04,LG-GJ-0008,SY-688/4,333.28,Forest,1,0
PCL-LG-GJ-0008-05,LG-GJ-0008,SY-911/5,333.28,Government,1,1
PCL-LG-HR-0009-01,LG-HR-0009,SY-886/1,37.32,Private,1,0
PCL-LG-HR-0009-02,LG-HR-0009,SY-613/2,37.32,Private,1,0
PCL-LG-HR-0009-03,LG-HR-0009,SY-547/3,37.32,Forest,1,1
PCL-LG-HR-0009-04,LG-HR-0009,SY-295/4,37.32,Community,1,1
PCL-LG-HR-0009-05,LG-HR-0009,SY-560/5,37.32,Community,1,1
PCL-LG-HR-0009-06,LG-HR-0009,SY-641/6,37.32,Government,0,0
PCL-LG-HP-0010-01,LG-HP-0010,SY-934/1,49.62,Forest,1,0
PCL-LG-HP-0010-02,LG-HP-0010,SY-720/2,49.62,Community,1,1
PCL-LG-HP-0010-03,LG-HP-0010,SY-319/3,49.62,Private,0,0
PCL-LG-HP-0010-04,LG-HP-0010,SY-864/4,49.62,Forest,1,0
PCL-LG-JH-0011-01,LG-JH-0011,SY-146/1,244.62,Community,1,0
PCL-LG-JH-0011-02,LG-JH-0011,SY-921/2,244.62,Government,1,0
PCL-LG-JH-0011-03,LG-JH-0011,SY-405/3,244.62,Government,1,0
PCL-LG-JH-0011-04,LG-JH-0011,SY-641/4,244.62,Community,1,0
PCL-LG-KA-0012-01,LG-KA-0012,SY-291/1,114.57,Private,1,0
PCL-LG-KA-0012-02,LG-KA-0012,SY-132/2,114.57,Government,0,0
PCL-LG-KA-0012-03,LG-KA-0012,SY-105/3,114.57,Private,1,0
PCL-LG-KL-0013-01,LG-KL-0013,SY-529/1,74.9,Forest,0,0
PCL-LG-KL-0013-02,LG-KL-0013,SY-100/2,74.9,Forest,1,0
PCL-LG-KL-0013-03,LG-KL-0013,SY-588/3,74.9,Community,1,0
PCL-LG-KL-0013-04,LG-KL-0013,SY-382/4,74.9,Community,0,1
PCL-LG-KL-0013-05,LG-KL-0013,SY-696/5,74.9,Private,1,0
PCL-LG-MP-0014-01,LG-MP-0014,SY-290/1,221.73,Government,1,0
PCL-LG-MP-0014-02,LG-MP-0014,SY-145/2,221.73,Government,0,1
PCL-LG-MP-0014-03,LG-MP-0014,SY-420/3,221.73,Forest,0,1
PCL-LG-MH-0015-01,LG-MH-0015,SY-828/1,321.77,Private,1,0
PCL-LG-MH-0015-02,LG-MH-0015,SY-906/2,321.77,Forest,1,0
PCL-LG-MH-0015-03,LG-MH-0015,SY-633/3,321.77,Government,1,0
PCL-LG-MH-0015-04,LG-MH-0015,SY-481/4,321.77,Government,0,1
PCL-LG-MH-0015-05,LG-MH-0015,SY-832/5,321.77,Community,1,0
PCL-LG-MH-0015-06,LG-MH-0015,SY-934/6,321.77,Government,1,0
PCL-LG-MH-0015-07,LG-MH-0015,SY-867/7,321.77,Private,1,0
PCL-LG-MN-0016-01,LG-MN-0016,SY-446/1,85.0,Community,1,1
PCL-LG-MN-0016-02,LG-MN-0016,SY-111/2,85.0,Private,1,0
PCL-LG-MN-0016-03,LG-MN-0016,SY-288/3,85.0,Forest,1,0
PCL-LG-MN-0016-04,LG-MN-0016,SY-196/4,85.0,Private,1,1
PCL-LG-MN-0016-05,LG-MN-0016,SY-156/5,85.0,Community,1,1
PCL-LG-MN-0016-06,LG-MN-0016,SY-402/6,85.0,Private,1,0
PCL-LG-MN-0016-07,LG-MN-0016,SY-740/7,85.0,Forest,1,0
PCL-LG-ML-0017-01,LG-ML-0017,SY-223/1,63.12,Private,1,1
PCL-LG-ML-0017-02,LG-ML-0017,SY-521/2,63.12,Community,1,1
PCL-LG-ML-0017-03,LG-ML-0017,SY-543/3,63.12,Community,1,0
PCL-LG-ML-0017-04,LG-ML-0017,SY-107/4,63.12,Private,1,1
PCL-LG-ML-0017-05,LG-ML-0017,SY-251/5,63.12,Government,1,1
PCL-LG-MZ-0018-01,LG-MZ-0018,SY-900/1,106.14,Forest,1,0
PCL-LG-MZ-0018-02,LG-MZ-0018,SY-818/2,106.14,Private,0,0
PCL-LG-MZ-0018-03,LG-MZ-0018,SY-257/3,106.14,Government,1,0
PCL-LG-MZ-0018-04,LG-MZ-0018,SY-176/4,106.14,Government,1,1
PCL-LG-MZ-0018-05,LG-MZ-0018,SY-461/5,106.14,Government,1,0
PCL-LG-MZ-0018-06,LG-MZ-0018,SY-676/6,106.14,Forest,1,1
PCL-LG-MZ-0018-07,LG-MZ-0018,SY-153/7,106.14,Government,0,1
PCL-LG-MZ-0018-08,LG-MZ-0018,SY-174/8,106.14,Community,0,0
PCL-LG-NL-0019-01,LG-NL-0019,SY-669/1,187.56,Forest,0,0
PCL-LG-NL-0019-02,LG-NL-0019,SY-833/2,187.56,Community,1,1
PCL-LG-NL-0019-03,LG-NL-0019,SY-107/3,187.56,Community,0,0
PCL-LG-NL-0019-04,LG-NL-0019,SY-169/4,187.56,Government,0,1
PCL-LG-NL-0019-05,LG-NL-0019,SY-234/5,187.56,Private,1,0
PCL-LG-NL-0019-06,LG-NL-0019,SY-497/6,187.56,Forest,1,0
PCL-LG-NL-0019-07,LG-NL-0019,SY-425/7,187.56,Community,1,0
PCL-LG-OD-0020-01,LG-OD-0020,SY-220/1,195.4,Community,1,1
PCL-LG-OD-0020-02,LG-OD-0020,SY-164/2,195.4,Private,1,1
PCL-LG-OD-0020-03,LG-OD-0020,SY-847/3,195.4,Government,1,1
PCL-LG-PB-0021-01,LG-PB-0021,SY-964/1,275.17,Government,1,0
PCL-LG-PB-0021-02,LG-PB-0021,SY-286/2,275.17,Forest,1,1
PCL-LG-PB-0021-03,LG-PB-0021,SY-995/3,275.17,Community,1,0
PCL-LG-PB-0021-04,LG-PB-0021,SY-539/4,275.17,Government,1,0
PCL-LG-PB-0021-05,LG-PB-0021,SY-909/5,275.17,Forest,1,1
PCL-LG-PB-0021-06,LG-PB-0021,SY-540/6,275.17,Private,1,1
PCL-LG-PB-0021-07,LG-PB-0021,SY-820/7,275.17,Community,1,1
PCL-LG-RJ-0022-01,LG-RJ-0022,SY-980/1,203.1,Private,1,0
PCL-LG-RJ-0022-02,LG-RJ-0022,SY-131/2,203.1,Forest,1,0
PCL-LG-RJ-0022-03,LG-RJ-0022,SY-166/3,203.1,Government,1,0
PCL-LG-RJ-0022-04,LG-RJ-0022,SY-911/4,203.1,Community,1,1
PCL-LG-RJ-0022-05,LG-RJ-0022,SY-225/5,203.1,Community,1,0
PCL-LG-RJ-0022-06,LG-RJ-0022,SY-805/6,203.1,Private,1,0
PCL-LG-SK-0023-01,LG-SK-0023,SY-915/1,271.73,Community,1,1
PCL-LG-SK-0023-02,LG-SK-0023,SY-818/2,271.73,Private,0,0
PCL-LG-SK-0023-03,LG-SK-0023,SY-362/3,271.73,Private,1,0
PCL-LG-SK-0023-04,LG-SK-0023,SY-535/4,271.73,Forest,1,0
PCL-LG-SK-0023-05,LG-SK-0023,SY-679/5,271.73,Forest,1,0
PCL-LG-SK-0023-06,LG-SK-0023,SY-111/6,271.73,Forest,1,0
PCL-LG-SK-0023-07,LG-SK-0023,SY-947/7,271.73,Government,0,0
PCL-LG-SK-0023-08,LG-SK-0023,SY-448/8,271.73,Community,0,1
PCL-LG-TN-0024-01,LG-TN-0024,SY-325/1,204.53,Forest,1,0
PCL-LG-TN-0024-02,LG-TN-0024,SY-364/2,204.53,Government,1,0
PCL-LG-TN-0024-03,LG-TN-0024,SY-412/3,204.53,Government,1,0
PCL-LG-TN-0024-04,LG-TN-0024,SY-735/4,204.53,Forest,0,1
PCL-LG-TN-0024-05,LG-TN-0024,SY-553/5,204.53,Community,1,0
PCL-LG-TN-0024-06,LG-TN-0024,SY-968/6,204.53,Government,1,0
PCL-LG-TN-0024-07,LG-TN-0024,SY-515/7,204.53,Community,1,1
PCL-LG-TS-0025-01,LG-TS-0025,SY-299/1,180.12,Private,1,0
PCL-LG-TS-0025-02,LG-TS-0025,SY-977/2,180.12,Forest,0,0
PCL-LG-TS-0025-03,LG-TS-0025,SY-637/3,180.12,Community,1,0
PCL-LG-TS-0025-04,LG-TS-0025,SY-400/4,180.12,Community,1,1
PCL-LG-TS-0025-05,LG-TS-0025,SY-114/5,180.12,Government,0,0
PCL-LG-TR-0026-01,LG-TR-0026,SY-925/1,104.77,Community,0,0
PCL-LG-TR-0026-02,LG-TR-0026,SY-223/2,104.77,Community,0,0
PCL-LG-TR-0026-03,LG-TR-0026,SY-887/3,104.77,Community,0,0
PCL-LG-TR-0026-04,LG-TR-0026,SY-886/4,104.77,Government,1,1
PCL-LG-TR-0026-05,LG-TR-0026,SY-634/5,104.77,Government,1,0
PCL-LG-TR-0026-06,LG-TR-0026,SY-997/6,104.77,Community,0,1
PCL-LG-TR-0026-07,LG-TR-0026,SY-147/7,104.77,Private,0,0
PCL-LG-UP-0027-01,LG-UP-0027,SY-261/1,332.12,Community,0,1
PCL-LG-UP-0027-02,LG-UP-0027,SY-402/2,332.12,Private,1,0
PCL-LG-UP-0027-03,LG-UP-0027,SY-472/3,332.12,Community,1,0
PCL-LG-UP-0027-04,LG-UP-0027,SY-188/4,332.12,Government,1,0
PCL-LG-UP-0027-05,LG-UP-0027,SY-380/5,332.12,Government,1,0
PCL-LG-UP-0027-06,LG-UP-0027,SY-255/6,332.12,Forest,0,0
PCL-LG-UK-0028-01,LG-UK-0028,SY-633/1,817.43,Forest,1,1
PCL-LG-UK-0028-02,LG-UK-0028,SY-499/2,817.43,Private,0,0
PCL-LG-UK-0028-03,LG-UK-0028,SY-210/3,817.43,Forest,1,0
PCL-LG-WB-0029-01,LG-WB-0029,SY-108/1,516.05,Forest,1,0
PCL-LG-WB-0029-02,LG-WB-0029,SY-303/2,516.05,Private,1,1
PCL-LG-WB-0029-03,LG-WB-0029,SY-221/3,516.05,Forest,1,0
PCL-LG-WB-0029-04,LG-WB-0029,SY-117/4,516.05,Forest,1,0
PCL-LG-AN-0030-01,LG-AN-0030,SY-252/1,296.45,Government,1,0
PCL-LG-AN-0030-02,LG-AN-0030,SY-843/2,296.45,Private,1,1
PCL-LG-AN-0030-03,LG-AN-0030,SY-187/3,296.45,Government,1,0
PCL-LG-AN-0030-04,LG-AN-0030,SY-862/4,296.45,Government,1,0
PCL-LG-AN-0030-05,LG-AN-0030,SY-815/5,296.45,Private,1,0
PCL-LG-AN-0030-06,LG-AN-0030,SY-926/6,296.45,Community,1,0
PCL-LG-AN-0030-07,LG-AN-0030,SY-811/7,296.45,Government,0,0
PCL-LG-AN-0030-08,LG-AN-0030,SY-705/8,296.45,Government,1,0
PCL-LG-CH-0031-01,LG-CH-0031,SY-198/1,82.8,Private,0,1
PCL-LG-CH-0031-02,LG-CH-0031,SY-250/2,82.8,Government,1,0
PCL-LG-CH-0031-03,LG-CH-0031,SY-603/3,82.8,Private,1,1
PCL-LG-CH-0031-04,LG-CH-0031,SY-115/4,82.8,Private,0,0
PCL-LG-DH-0032-01,LG-DH-0032,SY-266/1,54.76,Community,1,0
PCL-LG-DH-0032-02,LG-DH-0032,SY-631/2,54.76,Community,1,1
PCL-LG-DH-0032-03,LG-DH-0032,SY-440/3,54.76,Forest,0,0
PCL-LG-DH-0032-04,LG-DH-0032,SY-389/4,54.76,Forest,1,0
PCL-LG-DH-0032-05,LG-DH-0032,SY-318/5,54.76,Forest,1,0
PCL-LG-DL-0033-01,LG-DL-0033,SY-875/1,94.51,Community,1,0
PCL-LG-DL-0033-02,LG-DL-0033,SY-418/2,94.51,Forest,1,0
PCL-LG-DL-0033-03,LG-DL-0033,SY-754/3,94.51,Forest,1,0
PCL-LG-DL-0033-04,LG-DL-0033,SY-219/4,94.51,Private,0,1
PCL-LG-DL-0033-05,LG-DL-0033,SY-795/5,94.51,Government,1,0
PCL-LG-DL-0033-06,LG-DL-0033,SY-147/6,94.51,Government,1,0
PCL-LG-DL-0033-07,LG-DL-0033,SY-474/7,94.51,Government,1,1
PCL-LG-DL-0033-08,LG-DL-0033,SY-583/8,94.51,Government,1,0
PCL-LG-JK-0034-01,LG-JK-0034,SY-506/1,20.12,Community,0,0
PCL-LG-JK-0034-02,LG-JK-0034,SY-487/2,20.12,Private,1,1
PCL-LG-JK-0034-03,LG-JK-0034,SY-659/3,20.12,Community,1,0
PCL-LG-JK-0034-04,LG-JK-0034,SY-823/4,20.12,Community,1,1
PCL-LG-JK-0034-05,LG-JK-0034,SY-781/5,20.12,Government,1,1
PCL-LG-JK-0034-06,LG-JK-0034,SY-583/6,20.12,Forest,1,0
PCL-LG-LA-0035-01,LG-LA-0035,SY-962/1,64.62,Government,0,1
PCL-LG-LA-0035-02,LG-LA-0035,SY-468/2,64.62,Government,1,0
PCL-LG-LA-0035-03,LG-LA-0035,SY-895/3,64.62,Government,0,0
PCL-LG-LA-0035-04,LG-LA-0035,SY-197/4,64.62,Private,0,0
PCL-LG-LA-0035-05,LG-LA-0035,SY-828/5,64.62,Private,1,0
PCL-LG-LA-0035-06,LG-LA-0035,SY-325/6,64.62,Private,1,0
PCL-LG-LA-0035-07,LG-LA-0035,SY-924/7,64.62,Community,1,0
PCL-LG-LA-0035-08,LG-LA-0035,SY-393/8,64.62,Forest,1,1
PCL-LG-LD-0036-01,LG-LD-0036,SY-491/1,207.27,Forest,1,1
PCL-LG-LD-0036-02,LG-LD-0036,SY-572/2,207.27,Forest,1,0
PCL-LG-LD-0036-03,LG-LD-0036,SY-318/3,207.27,Private,0,0
PCL-LG-LD-0036-04,LG-LD-0036,SY-930/4,207.27,Private,1,0
PCL-LG-LD-0036-05,LG-LD-0036,SY-332/5,207.27,Government,1,1
PCL-LG-LD-0036-06,LG-LD-0036,SY-561/6,207.27,Government,0,1
PCL-LG-LD-0036-07,LG-LD-0036,SY-578/7,207.27,Private,1,0
PCL-LG-PY-0037-01,LG-PY-0037,SY-864/1,400.1,Government,1,0
PCL-LG-PY-0037-02,LG-PY-0037,SY-401/2,400.1,Forest,0,0
PCL-LG-PY-0037-03,LG-PY-0037,SY-856/3,400.1,Forest,0,1
PCL-LG-AP-0038-01,LG-AP-0038,SY-851/1,152.53,Private,0,1
PCL-LG-AP-0038-02,LG-AP-0038,SY-513/2,152.53,Private,1,0
PCL-LG-AP-0038-03,LG-AP-0038,SY-475/3,152.53,Government,0,1
PCL-LG-AR-0039-01,LG-AR-0039,SY-322/1,46.2,Community,0,0
PCL-LG-AR-0039-02,LG-AR-0039,SY-627/2,46.2,Government,0,0
PCL-LG-AR-0039-03,LG-AR-0039,SY-697/3,46.2,Private,1,0
PCL-LG-AR-0039-04,LG-AR-0039,SY-220/4,46.2,Government,1,0
PCL-LG-AR-0039-05,LG-AR-0039,SY-334/5,46.2,Forest,1,1
PCL-LG-AS-0040-01,LG-AS-0040,SY-549/1,696.83,Private,1,0
PCL-LG-AS-0040-02,LG-AS-0040,SY-311/2,696.83,Private,1,1
PCL-LG-AS-0040-03,LG-AS-0040,SY-999/3,696.83,Government,0,1
PCL-LG-BR-0041-01,LG-BR-0041,SY-417/1,347.45,Community,0,1
PCL-LG-BR-0041-02,LG-BR-0041,SY-979/2,347.45,Community,1,0
PCL-LG-BR-0041-03,LG-BR-0041,SY-570/3,347.45,Private,1,0
PCL-LG-BR-0041-04,LG-BR-0041,SY-494/4,347.45,Community,1,0
PCL-LG-BR-0041-05,LG-BR-0041,SY-112/5,347.45,Private,0,0
PCL-LG-BR-0041-06,LG-BR-0041,SY-834/6,347.45,Government,1,1
PCL-LG-CG-0042-01,LG-CG-0042,SY-223/1,78.85,Government,1,0
PCL-LG-CG-0042-02,LG-CG-0042,SY-694/2,78.85,Government,0,1
PCL-LG-CG-0042-03,LG-CG-0042,SY-268/3,78.85,Community,1,0
PCL-LG-CG-0042-04,LG-CG-0042,SY-236/4,78.85,Community,1,1
PCL-LG-GA-0043-01,LG-GA-0043,SY-713/1,554.83,Government,1,0
PCL-LG-GA-0043-02,LG-GA-0043,SY-406/2,554.83,Forest,0,1
PCL-LG-GA-0043-03,LG-GA-0043,SY-270/3,554.83,Private,0,0
PCL-LG-GA-0043-04,LG-GA-0043,SY-775/4,554.83,Community,1,0
PCL-LG-GJ-0044-01,LG-GJ-0044,SY-460/1,282.51,Government,1,0
PCL-LG-GJ-0044-02,LG-GJ-0044,SY-307/2,282.51,Forest,1,0
PCL-LG-GJ-0044-03,LG-GJ-0044,SY-448/3,282.51,Forest,1,0
PCL-LG-GJ-0044-04,LG-GJ-0044,SY-633/4,282.51,Forest,0,0
PCL-LG-GJ-0044-05,LG-GJ-0044,SY-200/5,282.51,Government,1,0
PCL-LG-GJ-0044-06,LG-GJ-0044,SY-221/6,282.51,Private,0,1
PCL-LG-GJ-0044-07,LG-GJ-0044,SY-340/7,282.51,Community,1,0
PCL-LG-HR-0045-01,LG-HR-0045,SY-119/1,248.19,Forest,1,0
PCL-LG-HR-0045-02,LG-HR-0045,SY-358/2,248.19,Private,1,1
PCL-LG-HR-0045-03,LG-HR-0045,SY-520/3,248.19,Forest,1,0
PCL-LG-HR-0045-04,LG-HR-0045,SY-855/4,248.19,Forest,1,0
PCL-LG-HR-0045-05,LG-HR-0045,SY-175/5,248.19,Government,0,1
PCL-LG-HR-0045-06,LG-HR-0045,SY-872/6,248.19,Government,1,0
PCL-LG-HR-0045-07,LG-HR-0045,SY-881/7,248.19,Community,1,1
PCL-LG-HR-0045-08,LG-HR-0045,SY-503/8,248.19,Forest,0,0
PCL-LG-HP-0046-01,LG-HP-0046,SY-509/1,288.48,Community,0,1
PCL-LG-HP-0046-02,LG-HP-0046,SY-604/2,288.48,Community,0,0
PCL-LG-HP-0046-03,LG-HP-0046,SY-681/3,288.48,Government,1,1
PCL-LG-HP-0046-04,LG-HP-0046,SY-535/4,288.48,Private,1,0
PCL-LG-HP-0046-05,LG-HP-0046,SY-191/5,288.48,Community,1,1
PCL-LG-HP-0046-06,LG-HP-0046,SY-174/6,288.48,Forest,1,1
PCL-LG-JH-0047-01,LG-JH-0047,SY-660/1,612.53,Forest,1,0
PCL-LG-JH-0047-02,LG-JH-0047,SY-905/2,612.53,Community,1,0
PCL-LG-JH-0047-03,LG-JH-0047,SY-305/3,612.53,Private,0,0
PCL-LG-KA-0048-01,LG-KA-0048,SY-472/1,807.53,Private,1,0
PCL-LG-KA-0048-02,LG-KA-0048,SY-176/2,807.53,Private,1,1
PCL-LG-KA-0048-03,LG-KA-0048,SY-208/3,807.53,Forest,1,1
PCL-LG-KL-0049-01,LG-KL-0049,SY-415/1,727.07,Forest,1,1
PCL-LG-KL-0049-02,LG-KL-0049,SY-303/2,727.07,Community,1,0
PCL-LG-KL-0049-03,LG-KL-0049,SY-733/3,727.07,Government,1,0
PCL-LG-MP-0050-01,LG-MP-0050,SY-718/1,102.76,Private,1,0
PCL-LG-MP-0050-02,LG-MP-0050,SY-984/2,102.76,Community,1,0
PCL-LG-MP-0050-03,LG-MP-0050,SY-895/3,102.76,Forest,0,1
PCL-LG-MP-0050-04,LG-MP-0050,SY-720/4,102.76,Private,1,1
PCL-LG-MP-0050-05,LG-MP-0050,SY-919/5,102.76,Private,1,0
PCL-LG-MP-0050-06,LG-MP-0050,SY-329/6,102.76,Private,0,0
PCL-LG-MP-0050-07,LG-MP-0050,SY-727/7,102.76,Community,0,1
PCL-LG-MH-0051-01,LG-MH-0051,SY-496/1,318.9,Community,1,0
PCL-LG-MH-0051-02,LG-MH-0051,SY-698/2,318.9,Community,1,0
PCL-LG-MH-0051-03,LG-MH-0051,SY-920/3,318.9,Government,1,0
PCL-LG-MH-0051-04,LG-MH-0051,SY-285/4,318.9,Community,1,0
PCL-LG-MN-0052-01,LG-MN-0052,SY-277/1,139.99,Private,1,1
PCL-LG-MN-0052-02,LG-MN-0052,SY-917/2,139.99,Community,0,0
PCL-LG-MN-0052-03,LG-MN-0052,SY-373/3,139.99,Forest,0,0
PCL-LG-MN-0052-04,LG-MN-0052,SY-780/4,139.99,Forest,1,1
PCL-LG-MN-0052-05,LG-MN-0052,SY-554/5,139.99,Government,1,0
PCL-LG-MN-0052-06,LG-MN-0052,SY-578/6,139.99,Private,1,0
PCL-LG-MN-0052-07,LG-MN-0052,SY-797/7,139.99,Forest,1,1
PCL-LG-MN-0052-08,LG-MN-0052,SY-733/8,139.99,Private,0,1
PCL-LG-ML-0053-01,LG-ML-0053,SY-310/1,396.78,Government,0,0
PCL-LG-ML-0053-02,LG-ML-0053,SY-936/2,396.78,Community,1,0
PCL-LG-ML-0053-03,LG-ML-0053,SY-620/3,396.78,Community,1,0
PCL-LG-ML-0053-04,LG-ML-0053,SY-874/4,396.78,Forest,0,0
PCL-LG-ML-0053-05,LG-ML-0053,SY-455/5,396.78,Community,0,1
PCL-LG-ML-0053-06,LG-ML-0053,SY-400/6,396.78,Government,1,0
PCL-LG-MZ-0054-01,LG-MZ-0054,SY-378/1,190.68,Community,1,0
PCL-LG-MZ-0054-02,LG-MZ-0054,SY-491/2,190.68,Government,1,0
PCL-LG-MZ-0054-03,LG-MZ-0054,SY-505/3,190.68,Community,0,0
PCL-LG-MZ-0054-04,LG-MZ-0054,SY-708/4,190.68,Community,1,1
PCL-LG-MZ-0054-05,LG-MZ-0054,SY-442/5,190.68,Community,0,0
PCL-LG-NL-0055-01,LG-NL-0055,SY-365/1,93.86,Forest,0,1
PCL-LG-NL-0055-02,LG-NL-0055,SY-180/2,93.86,Forest,1,1
PCL-LG-NL-0055-03,LG-NL-0055,SY-928/3,93.86,Government,1,0
PCL-LG-NL-0055-04,LG-NL-0055,SY-358/4,93.86,Forest,1,1
PCL-LG-NL-0055-05,LG-NL-0055,SY-753/5,93.86,Government,1,0
PCL-LG-NL-0055-06,LG-NL-0055,SY-893/6,93.86,Forest,1,0
PCL-LG-NL-0055-07,LG-NL-0055,SY-607/7,93.86,Government,1,1
PCL-LG-OD-0056-01,LG-OD-0056,SY-379/1,188.49,Community,1,0
PCL-LG-OD-0056-02,LG-OD-0056,SY-757/2,188.49,Forest,1,0
PCL-LG-OD-0056-03,LG-OD-0056,SY-342/3,188.49,Community,1,0
PCL-LG-OD-0056-04,LG-OD-0056,SY-667/4,188.49,Private,0,1
PCL-LG-OD-0056-05,LG-OD-0056,SY-107/5,188.49,Forest,1,1
PCL-LG-OD-0056-06,LG-OD-0056,SY-321/6,188.49,Government,1,0
PCL-LG-OD-0056-07,LG-OD-0056,SY-694/7,188.49,Government,1,1
PCL-LG-OD-0056-08,LG-OD-0056,SY-721/8,188.49,Private,1,0
PCL-LG-PB-0057-01,LG-PB-0057,SY-488/1,238.81,Forest,1,1
PCL-LG-PB-0057-02,LG-PB-0057,SY-383/2,238.81,Private,0,0
PCL-LG-PB-0057-03,LG-PB-0057,SY-569/3,238.81,Government,1,0
PCL-LG-PB-0057-04,LG-PB-0057,SY-189/4,238.81,Forest,1,1
PCL-LG-PB-0057-05,LG-PB-0057,SY-495/5,238.81,Government,1,1
PCL-LG-PB-0057-06,LG-PB-0057,SY-363/6,238.81,Private,1,0
PCL-LG-PB-0057-07,LG-PB-0057,SY-146/7,238.81,Government,0,0
PCL-LG-RJ-0058-01,LG-RJ-0058,SY-335/1,135.89,Community,0,0
PCL-LG-RJ-0058-02,LG-RJ-0058,SY-306/2,135.89,Forest,0,0
PCL-LG-RJ-0058-03,LG-RJ-0058,SY-387/3,135.89,Community,1,1
PCL-LG-RJ-0058-04,LG-RJ-0058,SY-907/4,135.89,Community,0,1
PCL-LG-RJ-0058-05,LG-RJ-0058,SY-138/5,135.89,Government,1,0
PCL-LG-RJ-0058-06,LG-RJ-0058,SY-597/6,135.89,Government,0,0
PCL-LG-RJ-0058-07,LG-RJ-0058,SY-214/7,135.89,Forest,1,0
PCL-LG-SK-0059-01,LG-SK-0059,SY-876/1,296.09,Forest,1,0
PCL-LG-SK-0059-02,LG-SK-0059,SY-998/2,296.09,Private,1,0
PCL-LG-SK-0059-03,LG-SK-0059,SY-743/3,296.09,Community,0,0
PCL-LG-SK-0059-04,LG-SK-0059,SY-594/4,296.09,Private,1,0
PCL-LG-SK-0059-05,LG-SK-0059,SY-501/5,296.09,Forest,1,1
PCL-LG-SK-0059-06,LG-SK-0059,SY-572/6,296.09,Community,0,0
PCL-LG-SK-0059-07,LG-SK-0059,SY-630/7,296.09,Government,1,0
PCL-LG-SK-0059-08,LG-SK-0059,SY-537/8,296.09,Private,1,0
PCL-LG-TN-0060-01,LG-TN-0060,SY-429/1,389.4,Community,1,0
PCL-LG-TN-0060-02,LG-TN-0060,SY-822/2,389.4,Community,1,0
PCL-LG-TN-0060-03,LG-TN-0060,SY-123/3,389.4,Forest,1,0
PCL-LG-TN-0060-04,LG-TN-0060,SY-132/4,389.4,Government,0,0
PCL-LG-TS-0061-01,LG-TS-0061,SY-513/1,63.61,Community,1,0
PCL-LG-TS-0061-02,LG-TS-0061,SY-874/2,63.61,Community,1,0
PCL-LG-TS-0061-03,LG-TS-0061,SY-187/3,63.61,Private,1,1
PCL-LG-TS-0061-04,LG-TS-0061,SY-286/4,63.61,Government,0,0
PCL-LG-TS-0061-05,LG-TS-0061,SY-983/5,63.61,Government,1,0
PCL-LG-TS-0061-06,LG-TS-0061,SY-292/6,63.61,Community,0,0
PCL-LG-TS-0061-07,LG-TS-0061,SY-472/7,63.61,Forest,1,1
PCL-LG-TS-0061-08,LG-TS-0061,SY-854/8,63.61,Government,1,0
PCL-LG-TR-0062-01,LG-TR-0062,SY-612/1,408.83,Community,1,0
PCL-LG-TR-0062-02,LG-TR-0062,SY-810/2,408.83,Private,0,1
PCL-LG-TR-0062-03,LG-TR-0062,SY-167/3,408.83,Private,0,1
PCL-LG-TR-0062-04,LG-TR-0062,SY-472/4,408.83,Private,1,0
PCL-LG-TR-0062-05,LG-TR-0062,SY-373/5,408.83,Private,0,0
PCL-LG-TR-0062-06,LG-TR-0062,SY-565/6,408.83,Government,1,0
PCL-LG-UP-0063-01,LG-UP-0063,SY-848/1,160.07,Forest,1,0
PCL-LG-UP-0063-02,LG-UP-0063,SY-333/2,160.07,Forest,1,0
PCL-LG-UP-0063-03,LG-UP-0063,SY-318/3,160.07,Community,1,1
PCL-LG-UP-0063-04,LG-UP-0063,SY-391/4,160.07,Private,1,0
PCL-LG-UP-0063-05,LG-UP-0063,SY-735/5,160.07,Government,0,0
PCL-LG-UP-0063-06,LG-UP-0063,SY-626/6,160.07,Private,1,0
PCL-LG-UP-0063-07,LG-UP-0063,SY-220/7,160.07,Community,1,1
PCL-LG-UK-0064-01,LG-UK-0064,SY-922/1,25.63,Forest,1,1
PCL-LG-UK-0064-02,LG-UK-0064,SY-184/2,25.63,Community,0,1
PCL-LG-UK-0064-03,LG-UK-0064,SY-631/3,25.63,Forest,1,0
PCL-LG-UK-0064-04,LG-UK-0064,SY-373/4,25.63,Private,1,1
PCL-LG-UK-0064-05,LG-UK-0064,SY-701/5,25.63,Government,1,0
PCL-LG-UK-0064-06,LG-UK-0064,SY-290/6,25.63,Private,0,1
PCL-LG-WB-0065-01,LG-WB-0065,SY-546/1,342.74,Private,1,0
PCL-LG-WB-0065-02,LG-WB-0065,SY-533/2,342.74,Private,1,1
PCL-LG-WB-0065-03,LG-WB-0065,SY-470/3,342.74,Government,1,1
PCL-LG-WB-0065-04,LG-WB-0065,SY-138/4,342.74,Government,0,0
PCL-LG-WB-0065-05,LG-WB-0065,SY-300/5,342.74,Government,1,1
PCL-LG-AN-0066-01,LG-AN-0066,SY-351/1,118.25,Forest,0,0
PCL-LG-AN-0066-02,LG-AN-0066,SY-371/2,118.25,Private,1,0
PCL-LG-AN-0066-03,LG-AN-0066,SY-550/3,118.25,Private,1,0
PCL-LG-AN-0066-04,LG-AN-0066,SY-924/4,118.25,Private,1,1
PCL-LG-CH-0067-01,LG-CH-0067,SY-313/1,35.18,Government,1,0
PCL-LG-CH-0067-02,LG-CH-0067,SY-249/2,35.18,Forest,1,0
PCL-LG-CH-0067-03,LG-CH-0067,SY-671/3,35.18,Forest,1,0
PCL-LG-CH-0067-04,LG-CH-0067,SY-399/4,35.18,Government,1,0
PCL-LG-CH-0067-05,LG-CH-0067,SY-780/5,35.18,Government,1,1
PCL-LG-CH-0067-06,LG-CH-0067,SY-974/6,35.18,Community,1,0
PCL-LG-DH-0068-01,LG-DH-0068,SY-641/1,474.26,Private,1,1
PCL-LG-DH-0068-02,LG-DH-0068,SY-343/2,474.26,Private,1,0
PCL-LG-DH-0068-03,LG-DH-0068,SY-643/3,474.26,Forest,0,0
PCL-LG-DH-0068-04,LG-DH-0068,SY-628/4,474.26,Forest,0,0
PCL-LG-DH-0068-05,LG-DH-0068,SY-714/5,474.26,Community,1,1
PCL-LG-DL-0069-01,LG-DL-0069,SY-866/1,235.04,Government,1,1
PCL-LG-DL-0069-02,LG-DL-0069,SY-437/2,235.04,Forest,1,1
PCL-LG-DL-0069-03,LG-DL-0069,SY-949/3,235.04,Private,1,0
PCL-LG-DL-0069-04,LG-DL-0069,SY-648/4,235.04,Government,0,0
PCL-LG-DL-0069-05,LG-DL-0069,SY-980/5,235.04,Government,1,0
PCL-LG-DL-0069-06,LG-DL-0069,SY-381/6,235.04,Government,1,0
PCL-LG-DL-0069-07,LG-DL-0069,SY-616/7,235.04,Forest,1,0
PCL-LG-JK-0070-01,LG-JK-0070,SY-762/1,382.72,Community,0,1
PCL-LG-JK-0070-02,LG-JK-0070,SY-902/2,382.72,Private,1,0
PCL-LG-JK-0070-03,LG-JK-0070,SY-705/3,382.72,Private,1,0
PCL-LG-JK-0070-04,LG-JK-0070,SY-625/4,382.72,Private,0,1
PCL-LG-JK-0070-05,LG-JK-0070,SY-844/5,382.72,Forest,1,0
PCL-LG-LA-0071-01,LG-LA-0071,SY-613/1,72.14,Community,0,0
PCL-LG-LA-0071-02,LG-LA-0071,SY-791/2,72.14,Forest,1,1
PCL-LG-LA-0071-03,LG-LA-0071,SY-880/3,72.14,Forest,1,1
PCL-LG-LA-0071-04,LG-LA-0071,SY-857/4,72.14,Private,1,1
PCL-LG-LA-0071-05,LG-LA-0071,SY-131/5,72.14,Government,1,0
PCL-LG-LA-0071-06,LG-LA-0071,SY-516/6,72.14,Forest,1,0
PCL-LG-LA-0071-07,LG-LA-0071,SY-440/7,72.14,Private,0,0
PCL-LG-LA-0071-08,LG-LA-0071,SY-709/8,72.14,Forest,1,0
PCL-LG-LD-0072-01,LG-LD-0072,SY-814/1,52.17,Government,1,0
PCL-LG-LD-0072-02,LG-LD-0072,SY-620/2,52.17,Private,1,1
PCL-LG-LD-0072-03,LG-LD-0072,SY-874/3,52.17,Government,1,0
PCL-LG-LD-0072-04,LG-LD-0072,SY-549/4,52.17,Forest,1,0
PCL-LG-LD-0072-05,LG-LD-0072,SY-886/5,52.17,Community,0,0
PCL-LG-LD-0072-06,LG-LD-0072,SY-378/6,52.17,Forest,1,0
PCL-LG-LD-0072-07,LG-LD-0072,SY-390/7,52.17,Private,1,0
PCL-LG-PY-0073-01,LG-PY-0073,SY-558/1,184.7,Government,1,1
PCL-LG-PY-0073-02,LG-PY-0073,SY-700/2,184.7,Government,0,1
PCL-LG-PY-0073-03,LG-PY-0073,SY-581/3,184.7,Private,1,0
PCL-LG-PY-0073-04,LG-PY-0073,SY-163/4,184.7,Forest,1,0
PCL-LG-PY-0073-05,LG-PY-0073,SY-714/5,184.7,Forest,1,1
PCL-LG-PY-0073-06,LG-PY-0073,SY-804/6,184.7,Community,0,0
PCL-LG-PY-0073-07,LG-PY-0073,SY-836/7,184.7,Private,0,0
PCL-LG-AP-0074-01,LG-AP-0074,SY-302/1,515.77,Forest,0,1
PCL-LG-AP-0074-02,LG-AP-0074,SY-965/2,515.77,Community,1,0
PCL-LG-AP-0074-03,LG-AP-0074,SY-437/3,515.77,Forest,1,0
PCL-LG-AP-0074-04,LG-AP-0074,SY-130/4,515.77,Government,0,0
PCL-LG-AR-0075-01,LG-AR-0075,SY-369/1,284.32,Private,0,0
PCL-LG-AR-0075-02,LG-AR-0075,SY-226/2,284.32,Government,1,0
PCL-LG-AR-0075-03,LG-AR-0075,SY-251/3,284.32,Community,0,0
PCL-LG-AR-0075-04,LG-AR-0075,SY-302/4,284.32,Private,1,0
PCL-LG-AR-0075-05,LG-AR-0075,SY-215/5,284.32,Government,1,0
PCL-LG-AR-0075-06,LG-AR-0075,SY-608/6,284.32,Private,1,0
PCL-LG-AS-0076-01,LG-AS-0076,SY-473/1,477.76,Forest,1,0
PCL-LG-AS-0076-02,LG-AS-0076,SY-461/2,477.76,Forest,1,0
PCL-LG-AS-0076-03,LG-AS-0076,SY-545/3,477.76,Government,1,0
PCL-LG-AS-0076-04,LG-AS-0076,SY-671/4,477.76,Government,1,0
PCL-LG-AS-0076-05,LG-AS-0076,SY-913/5,477.76,Community,0,0
PCL-LG-BR-0077-01,LG-BR-0077,SY-155/1,151.8,Forest,1,0
PCL-LG-BR-0077-02,LG-BR-0077,SY-922/2,151.8,Private,1,1
PCL-LG-BR-0077-03,LG-BR-0077,SY-527/3,151.8,Private,1,0
PCL-LG-BR-0077-04,LG-BR-0077,SY-181/4,151.8,Community,1,0
PCL-LG-BR-0077-05,LG-BR-0077,SY-437/5,151.8,Community,1,0
PCL-LG-BR-0077-06,LG-BR-0077,SY-195/6,151.8,Community,1,0
PCL-LG-BR-0077-07,LG-BR-0077,SY-500/7,151.8,Community,1,1
PCL-LG-CG-0078-01,LG-CG-0078,SY-348/1,247.56,Private,0,0
PCL-LG-CG-0078-02,LG-CG-0078,SY-636/2,247.56,Forest,1,0
PCL-LG-CG-0078-03,LG-CG-0078,SY-134/3,247.56,Forest,1,1
PCL-LG-CG-0078-04,LG-CG-0078,SY-301/4,247.56,Private,1,0
PCL-LG-CG-0078-05,LG-CG-0078,SY-478/5,247.56,Government,1,0
PCL-LG-CG-0078-06,LG-CG-0078,SY-265/6,247.56,Community,1,0
PCL-LG-CG-0078-07,LG-CG-0078,SY-133/7,247.56,Government,1,1
PCL-LG-CG-0078-08,LG-CG-0078,SY-322/8,247.56,Community,1,0
PCL-LG-GA-0079-01,LG-GA-0079,SY-143/1,12.07,Government,1,1
PCL-LG-GA-0079-02,LG-GA-0079,SY-785/2,12.07,Government,0,1
PCL-LG-GA-0079-03,LG-GA-0079,SY-273/3,12.07,Private,1,1
PCL-LG-GA-0079-04,LG-GA-0079,SY-404/4,12.07,Forest,0,1
PCL-LG-GA-0079-05,LG-GA-0079,SY-201/5,12.07,Community,0,0
PCL-LG-GA-0079-06,LG-GA-0079,SY-513/6,12.07,Government,1,0
PCL-LG-GA-0079-07,LG-GA-0079,SY-856/7,12.07,Private,1,0
PCL-LG-GJ-0080-01,LG-GJ-0080,SY-816/1,235.93,Private,1,0
PCL-LG-GJ-0080-02,LG-GJ-0080,SY-290/2,235.93,Community,0,0
PCL-LG-GJ-0080-03,LG-GJ-0080,SY-592/3,235.93,Forest,1,1
PCL-LG-GJ-0080-04,LG-GJ-0080,SY-935/4,235.93,Community,1,0
PCL-LG-GJ-0080-05,LG-GJ-0080,SY-968/5,235.93,Private,1,0
PCL-LG-GJ-0080-06,LG-GJ-0080,SY-763/6,235.93,Government,1,0
PCL-LG-GJ-0080-07,LG-GJ-0080,SY-713/7,235.93,Community,0,0
PCL-LG-HR-0081-01,LG-HR-0081,SY-708/1,319.43,Forest,1,1
PCL-LG-HR-0081-02,LG-HR-0081,SY-809/2,319.43,Community,0,0
PCL-LG-HR-0081-03,LG-HR-0081,SY-379/3,319.43,Government,1,0
PCL-LG-HR-0081-04,LG-HR-0081,SY-639/4,319.43,Community,1,0
PCL-LG-HR-0081-05,LG-HR-0081,SY-363/5,319.43,Community,1,1
PCL-LG-HR-0081-06,LG-HR-0081,SY-731/6,319.43,Forest,1,0
PCL-LG-HP-0082-01,LG-HP-0082,SY-438/1,74.66,Community,0,0
PCL-LG-HP-0082-02,LG-HP-0082,SY-769/2,74.66,Government,1,1
PCL-LG-HP-0082-03,LG-HP-0082,SY-385/3,74.66,Private,1,1
PCL-LG-HP-0082-04,LG-HP-0082,SY-487/4,74.66,Private,0,0
PCL-LG-HP-0082-05,LG-HP-0082,SY-884/5,74.66,Community,0,0
PCL-LG-JH-0083-01,LG-JH-0083,SY-927/1,310.31,Private,1,1
PCL-LG-JH-0083-02,LG-JH-0083,SY-650/2,310.31,Government,1,1
PCL-LG-JH-0083-03,LG-JH-0083,SY-900/3,310.31,Government,1,1
PCL-LG-JH-0083-04,LG-JH-0083,SY-890/4,310.31,Government,1,0
PCL-LG-JH-0083-05,LG-JH-0083,SY-673/5,310.31,Community,1,0
PCL-LG-JH-0083-06,LG-JH-0083,SY-153/6,310.31,Government,0,0
PCL-LG-JH-0083-07,LG-JH-0083,SY-335/7,310.31,Community,1,0
PCL-LG-JH-0083-08,LG-JH-0083,SY-496/8,310.31,Private,1,1
PCL-LG-KA-0084-01,LG-KA-0084,SY-603/1,149.68,Forest,1,0
PCL-LG-KA-0084-02,LG-KA-0084,SY-613/2,149.68,Government,1,0
PCL-LG-KA-0084-03,LG-KA-0084,SY-906/3,149.68,Forest,1,1
PCL-LG-KA-0084-04,LG-KA-0084,SY-494/4,149.68,Forest,0,1
PCL-LG-KA-0084-05,LG-KA-0084,SY-508/5,149.68,Forest,0,1
PCL-LG-KA-0084-06,LG-KA-0084,SY-494/6,149.68,Private,1,0
PCL-LG-KL-0085-01,LG-KL-0085,SY-168/1,409.74,Government,0,1
PCL-LG-KL-0085-02,LG-KL-0085,SY-866/2,409.74,Community,0,0
PCL-LG-KL-0085-03,LG-KL-0085,SY-754/3,409.74,Forest,1,0
PCL-LG-KL-0085-04,LG-KL-0085,SY-524/4,409.74,Government,1,0
PCL-LG-KL-0085-05,LG-KL-0085,SY-137/5,409.74,Forest,0,0
PCL-LG-MP-0086-01,LG-MP-0086,SY-544/1,210.04,Forest,1,0
PCL-LG-MP-0086-02,LG-MP-0086,SY-918/2,210.04,Forest,1,0
PCL-LG-MP-0086-03,LG-MP-0086,SY-162/3,210.04,Forest,1,0
PCL-LG-MP-0086-04,LG-MP-0086,SY-801/4,210.04,Community,0,0
PCL-LG-MP-0086-05,LG-MP-0086,SY-566/5,210.04,Private,1,0
PCL-LG-MH-0087-01,LG-MH-0087,SY-355/1,730.13,Forest,1,1
PCL-LG-MH-0087-02,LG-MH-0087,SY-688/2,730.13,Private,1,1
PCL-LG-MH-0087-03,LG-MH-0087,SY-773/3,730.13,Private,1,0
PCL-LG-MN-0088-01,LG-MN-0088,SY-742/1,138.16,Private,1,0
PCL-LG-MN-0088-02,LG-MN-0088,SY-424/2,138.16,Forest,1,1
PCL-LG-MN-0088-03,LG-MN-0088,SY-189/3,138.16,Forest,1,0
PCL-LG-MN-0088-04,LG-MN-0088,SY-952/4,138.16,Government,0,0
PCL-LG-MN-0088-05,LG-MN-0088,SY-520/5,138.16,Government,1,0
PCL-LG-ML-0089-01,LG-ML-0089,SY-705/1,240.03,Private,1,0
PCL-LG-ML-0089-02,LG-ML-0089,SY-312/2,240.03,Government,1,0
PCL-LG-ML-0089-03,LG-ML-0089,SY-511/3,240.03,Private,1,1
PCL-LG-ML-0089-04,LG-ML-0089,SY-943/4,240.03,Community,1,0
PCL-LG-ML-0089-05,LG-ML-0089,SY-472/5,240.03,Government,1,1
PCL-LG-ML-0089-06,LG-ML-0089,SY-183/6,240.03,Forest,1,0
PCL-LG-ML-0089-07,LG-ML-0089,SY-958/7,240.03,Forest,0,0
PCL-LG-ML-0089-08,LG-ML-0089,SY-732/8,240.03,Private,1,0
PCL-LG-MZ-0090-01,LG-MZ-0090,SY-119/1,97.65,Government,1,1
PCL-LG-MZ-0090-02,LG-MZ-0090,SY-735/2,97.65,Community,1,0
PCL-LG-MZ-0090-03,LG-MZ-0090,SY-921/3,97.65,Forest,1,0
PCL-LG-MZ-0090-04,LG-MZ-0090,SY-615/4,97.65,Government,1,0
PCL-LG-MZ-0090-05,LG-MZ-0090,SY-988/5,97.65,Private,0,0
PCL-LG-MZ-0090-06,LG-MZ-0090,SY-849/6,97.65,Forest,1,0
PCL-LG-NL-0091-01,LG-NL-0091,SY-538/1,234.97,Private,1,1
PCL-LG-NL-0091-02,LG-NL-0091,SY-869/2,234.97,Government,1,0
PCL-LG-NL-0091-03,LG-NL-0091,SY-511/3,234.97,Community,1,0
PCL-LG-OD-0092-01,LG-OD-0092,SY-942/1,560.55,Community,1,0
PCL-LG-OD-0092-02,LG-OD-0092,SY-557/2,560.55,Government,1,0
PCL-LG-OD-0092-03,LG-OD-0092,SY-390/3,560.55,Government,1,1
PCL-LG-OD-0092-04,LG-OD-0092,SY-229/4,560.55,Community,1,0
PCL-LG-PB-0093-01,LG-PB-0093,SY-283/1,330.13,Community,0,0
PCL-LG-PB-0093-02,LG-PB-0093,SY-459/2,330.13,Community,1,0
PCL-LG-PB-0093-03,LG-PB-0093,SY-326/3,330.13,Government,0,0
PCL-LG-RJ-0094-01,LG-RJ-0094,SY-464/1,323.63,Forest,1,0
PCL-LG-RJ-0094-02,LG-RJ-0094,SY-881/2,323.63,Government,1,0
PCL-LG-RJ-0094-03,LG-RJ-0094,SY-433/3,323.63,Forest,1,0
PCL-LG-RJ-0094-04,LG-RJ-0094,SY-531/4,323.63,Community,1,0
PCL-LG-RJ-0094-05,LG-RJ-0094,SY-790/5,323.63,Government,0,1
PCL-LG-RJ-0094-06,LG-RJ-0094,SY-584/6,323.63,Private,1,0
PCL-LG-SK-0095-01,LG-SK-0095,SY-421/1,114.64,Private,1,0
PCL-LG-SK-0095-02,LG-SK-0095,SY-464/2,114.64,Community,0,0
PCL-LG-SK-0095-03,LG-SK-0095,SY-536/3,114.64,Private,1,0
PCL-LG-SK-0095-04,LG-SK-0095,SY-177/4,114.64,Private,1,0
PCL-LG-SK-0095-05,LG-SK-0095,SY-814/5,114.64,Private,0,0
PCL-LG-SK-0095-06,LG-SK-0095,SY-990/6,114.64,Government,1,0
PCL-LG-SK-0095-07,LG-SK-0095,SY-473/7,114.64,Government,1,1
PCL-LG-SK-0095-08,LG-SK-0095,SY-336/8,114.64,Private,1,0
PCL-LG-TN-0096-01,LG-TN-0096,SY-388/1,112.06,Forest,1,0
PCL-LG-TN-0096-02,LG-TN-0096,SY-438/2,112.06,Community,1,0
PCL-LG-TN-0096-03,LG-TN-0096,SY-695/3,112.06,Forest,1,0
PCL-LG-TN-0096-04,LG-TN-0096,SY-981/4,112.06,Private,1,0
PCL-LG-TN-0096-05,LG-TN-0096,SY-251/5,112.06,Forest,1,0
PCL-LG-TN-0096-06,LG-TN-0096,SY-799/6,112.06,Forest,0,1
PCL-LG-TN-0096-07,LG-TN-0096,SY-641/7,112.06,Forest,1,1
PCL-LG-TS-0097-01,LG-TS-0097,SY-687/1,807.8,Private,1,1
PCL-LG-TS-0097-02,LG-TS-0097,SY-135/2,807.8,Forest,1,1
PCL-LG-TS-0097-03,LG-TS-0097,SY-166/3,807.8,Forest,1,1
PCL-LG-TR-0098-01,LG-TR-0098,SY-133/1,55.86,Forest,1,0
PCL-LG-TR-0098-02,LG-TR-0098,SY-721/2,55.86,Government,1,0
PCL-LG-TR-0098-03,LG-TR-0098,SY-500/3,55.86,Forest,1,0
PCL-LG-TR-0098-04,LG-TR-0098,SY-526/4,55.86,Government,1,0
PCL-LG-TR-0098-05,LG-TR-0098,SY-423/5,55.86,Community,1,1
PCL-LG-TR-0098-06,LG-TR-0098,SY-409/6,55.86,Government,0,1
PCL-LG-TR-0098-07,LG-TR-0098,SY-991/7,55.86,Private,1,1
PCL-LG-UP-0099-01,LG-UP-0099,SY-388/1,204.27,Private,0,0
PCL-LG-UP-0099-02,LG-UP-0099,SY-338/2,204.27,Community,0,0
PCL-LG-UP-0099-03,LG-UP-0099,SY-755/3,204.27,Government,1,0
PCL-LG-UP-0099-04,LG-UP-0099,SY-110/4,204.27,Forest,0,0
PCL-LG-UP-0099-05,LG-UP-0099,SY-213/5,204.27,Government,1,1
PCL-LG-UP-0099-06,LG-UP-0099,SY-816/6,204.27,Government,1,0
PCL-LG-UP-0099-07,LG-UP-0099,SY-742/7,204.27,Community,1,0
PCL-LG-UK-0100-01,LG-UK-0100,SY-960/1,260.84,Forest,0,1
PCL-LG-UK-0100-02,LG-UK-0100,SY-211/2,260.84,Community,0,1
PCL-LG-UK-0100-03,LG-UK-0100,SY-555/3,260.84,Forest,1,0
PCL-LG-UK-0100-04,LG-UK-0100,SY-718/4,260.84,Private,0,1
PCL-LG-UK-0100-05,LG-UK-0100,SY-342/5,260.84,Government,1,1
PCL-LG-UK-0100-06,LG-UK-0100,SY-170/6,260.84,Private,1,1
PCL-LG-UK-0100-07,LG-UK-0100,SY-471/7,260.84,Private,0,1
PCL-LG-UK-0100-08,LG-UK-0100,SY-887/8,260.84,Government,1,1
PCL-LG-WB-0101-01,LG-WB-0101,SY-175/1,199.11,Community,1,0
PCL-LG-WB-0101-02,LG-WB-0101,SY-394/2,199.11,Community,1,1
PCL-LG-WB-0101-03,LG-WB-0101,SY-716/3,199.11,Forest,1,0
PCL-LG-WB-0101-04,LG-WB-0101,SY-494/4,199.11,Forest,1,0
PCL-LG-WB-0101-05,LG-WB-0101,SY-947/5,199.11,Government,1,1
PCL-LG-WB-0101-06,LG-WB-0101,SY-307/6,199.11,Forest,0,0
PCL-LG-WB-0101-07,LG-WB-0101,SY-779/7,199.11,Community,0,0
PCL-LG-WB-0101-08,LG-WB-0101,SY-106/8,199.11,Forest,0,0
PCL-LG-AN-0102-01,LG-AN-0102,SY-580/1,496.07,Forest,0,0
PCL-LG-AN-0102-02,LG-AN-0102,SY-768/2,496.07,Government,0,0
PCL-LG-AN-0102-03,LG-AN-0102,SY-694/3,496.07,Government,0,0
PCL-LG-CH-0103-01,LG-CH-0103,SY-950/1,312.4,Community,1,0
PCL-LG-CH-0103-02,LG-CH-0103,SY-674/2,312.4,Community,1,1
PCL-LG-CH-0103-03,LG-CH-0103,SY-220/3,312.4,Private,1,0
PCL-LG-CH-0103-04,LG-CH-0103,SY-958/4,312.4,Private,1,1
PCL-LG-DH-0104-01,LG-DH-0104,SY-964/1,279.36,Private,1,1
PCL-LG-DH-0104-02,LG-DH-0104,SY-578/2,279.36,Private,1,0
PCL-LG-DH-0104-03,LG-DH-0104,SY-239/3,279.36,Community,0,1
PCL-LG-DH-0104-04,LG-DH-0104,SY-272/4,279.36,Private,1,1
PCL-LG-DH-0104-05,LG-DH-0104,SY-782/5,279.36,Community,0,0
PCL-LG-DL-0105-01,LG-DL-0105,SY-903/1,94.03,Private,1,0
PCL-LG-DL-0105-02,LG-DL-0105,SY-787/2,94.03,Community,1,1
PCL-LG-DL-0105-03,LG-DL-0105,SY-494/3,94.03,Government,1,0
PCL-LG-DL-0105-04,LG-DL-0105,SY-676/4,94.03,Forest,0,1
PCL-LG-DL-0105-05,LG-DL-0105,SY-771/5,94.03,Community,1,0
PCL-LG-DL-0105-06,LG-DL-0105,SY-128/6,94.03,Community,0,0
PCL-LG-JK-0106-01,LG-JK-0106,SY-425/1,221.06,Forest,0,1
PCL-LG-JK-0106-02,LG-JK-0106,SY-917/2,221.06,Private,1,0
PCL-LG-JK-0106-03,LG-JK-0106,SY-137/3,221.06,Forest,1,0
PCL-LG-JK-0106-04,LG-JK-0106,SY-477/4,221.06,Community,1,1
PCL-LG-JK-0106-05,LG-JK-0106,SY-953/5,221.06,Community,1,1
PCL-LG-JK-0106-06,LG-JK-0106,SY-643/6,221.06,Government,1,0
PCL-LG-JK-0106-07,LG-JK-0106,SY-149/7,221.06,Community,1,0
PCL-LG-JK-0106-08,LG-JK-0106,SY-534/8,221.06,Community,1,1
PCL-LG-LA-0107-01,LG-LA-0107,SY-526/1,229.34,Community,1,0
PCL-LG-LA-0107-02,LG-LA-0107,SY-654/2,229.34,Private,1,1
PCL-LG-LA-0107-03,LG-LA-0107,SY-215/3,229.34,Community,0,0
PCL-LG-LA-0107-04,LG-LA-0107,SY-621/4,229.34,Community,1,0
PCL-LG-LA-0107-05,LG-LA-0107,SY-561/5,229.34,Government,1,1
PCL-LG-LA-0107-06,LG-LA-0107,SY-737/6,229.34,Forest,1,0
PCL-LG-LA-0107-07,LG-LA-0107,SY-649/7,229.34,Government,1,0
PCL-LG-LD-0108-01,LG-LD-0108,SY-692/1,166.93,Community,1,0
PCL-LG-LD-0108-02,LG-LD-0108,SY-459/2,166.93,Government,1,0
PCL-LG-LD-0108-03,LG-LD-0108,SY-726/3,166.93,Government,1,1
PCL-LG-LD-0108-04,LG-LD-0108,SY-489/4,166.93,Forest,0,1
PCL-LG-LD-0108-05,LG-LD-0108,SY-691/5,166.93,Private,1,0
PCL-LG-LD-0108-06,LG-LD-0108,SY-929/6,166.93,Community,1,1
PCL-LG-LD-0108-07,LG-LD-0108,SY-191/7,166.93,Community,1,0
PCL-LG-PY-0109-01,LG-PY-0109,SY-344/1,14.56,Private,1,1
PCL-LG-PY-0109-02,LG-PY-0109,SY-178/2,14.56,Government,0,1
PCL-LG-PY-0109-03,LG-PY-0109,SY-321/3,14.56,Private,1,1
PCL-LG-PY-0109-04,LG-PY-0109,SY-502/4,14.56,Government,0,0
PCL-LG-PY-0109-05,LG-PY-0109,SY-337/5,14.56,Government,1,0
PCL-LG-AP-0110-01,LG-AP-0110,SY-533/1,397.2,Government,1,0
PCL-LG-AP-0110-02,LG-AP-0110,SY-712/2,397.2,Forest,0,0
PCL-LG-AP-0110-03,LG-AP-0110,SY-591/3,397.2,Private,1,0
PCL-LG-AP-0110-04,LG-AP-0110,SY-671/4,397.2,Government,0,1
PCL-LG-AR-0111-01,LG-AR-0111,SY-703/1,235.28,Government,1,1
PCL-LG-AR-0111-02,LG-AR-0111,SY-477/2,235.28,Private,0,0
PCL-LG-AR-0111-03,LG-AR-0111,SY-684/3,235.28,Government,1,0
PCL-LG-AR-0111-04,LG-AR-0111,SY-692/4,235.28,Government,1,0
PCL-LG-AR-0111-05,LG-AR-0111,SY-760/5,235.28,Community,0,0
PCL-LG-AR-0111-06,LG-AR-0111,SY-108/6,235.28,Government,1,1
PCL-LG-AR-0111-07,LG-AR-0111,SY-838/7,235.28,Community,1,1
PCL-LG-AR-0111-08,LG-AR-0111,SY-763/8,235.28,Private,1,0
PCL-LG-AS-0112-01,LG-AS-0112,SY-809/1,215.2,Community,0,1
PCL-LG-AS-0112-02,LG-AS-0112,SY-180/2,215.2,Community,1,0
PCL-LG-AS-0112-03,LG-AS-0112,SY-175/3,215.2,Government,1,0
PCL-LG-AS-0112-04,LG-AS-0112,SY-409/4,215.2,Forest,1,0
PCL-LG-AS-0112-05,LG-AS-0112,SY-353/5,215.2,Private,1,1
PCL-LG-AS-0112-06,LG-AS-0112,SY-438/6,215.2,Community,1,0
PCL-LG-BR-0113-01,LG-BR-0113,SY-244/1,165.83,Community,1,0
PCL-LG-BR-0113-02,LG-BR-0113,SY-733/2,165.83,Forest,1,1
PCL-LG-BR-0113-03,LG-BR-0113,SY-906/3,165.83,Government,0,1
PCL-LG-BR-0113-04,LG-BR-0113,SY-818/4,165.83,Forest,0,1
PCL-LG-BR-0113-05,LG-BR-0113,SY-460/5,165.83,Community,1,1
PCL-LG-BR-0113-06,LG-BR-0113,SY-362/6,165.83,Government,1,1
PCL-LG-BR-0113-07,LG-BR-0113,SY-202/7,165.83,Community,0,0
PCL-LG-CG-0114-01,LG-CG-0114,SY-925/1,598.4,Forest,1,0
PCL-LG-CG-0114-02,LG-CG-0114,SY-509/2,598.4,Forest,1,1
PCL-LG-CG-0114-03,LG-CG-0114,SY-758/3,598.4,Forest,1,0
PCL-LG-GA-0115-01,LG-GA-0115,SY-904/1,279.47,Private,1,0
PCL-LG-GA-0115-02,LG-GA-0115,SY-249/2,279.47,Community,0,0
PCL-LG-GA-0115-03,LG-GA-0115,SY-737/3,279.47,Government,1,0
PCL-LG-GJ-0116-01,LG-GJ-0116,SY-253/1,169.51,Private,1,0
PCL-LG-GJ-0116-02,LG-GJ-0116,SY-971/2,169.51,Private,0,1
PCL-LG-GJ-0116-03,LG-GJ-0116,SY-737/3,169.51,Private,1,0
PCL-LG-GJ-0116-04,LG-GJ-0116,SY-880/4,169.51,Government,1,0
PCL-LG-GJ-0116-05,LG-GJ-0116,SY-428/5,169.51,Government,1,1
PCL-LG-GJ-0116-06,LG-GJ-0116,SY-749/6,169.51,Private,1,0
PCL-LG-GJ-0116-07,LG-GJ-0116,SY-432/7,169.51,Community,1,0
PCL-LG-HR-0117-01,LG-HR-0117,SY-569/1,358.7,Forest,0,0
PCL-LG-HR-0117-02,LG-HR-0117,SY-758/2,358.7,Private,0,0
PCL-LG-HR-0117-03,LG-HR-0117,SY-961/3,358.7,Government,0,0
PCL-LG-HR-0117-04,LG-HR-0117,SY-409/4,358.7,Forest,1,0
PCL-LG-HR-0117-05,LG-HR-0117,SY-526/5,358.7,Government,1,0
PCL-LG-HP-0118-01,LG-HP-0118,SY-950/1,276.4,Government,1,1
PCL-LG-HP-0118-02,LG-HP-0118,SY-356/2,276.4,Community,1,0
PCL-LG-HP-0118-03,LG-HP-0118,SY-779/3,276.4,Government,1,0
PCL-LG-JH-0119-01,LG-JH-0119,SY-956/1,349.67,Private,0,0
PCL-LG-JH-0119-02,LG-JH-0119,SY-782/2,349.67,Forest,1,0
PCL-LG-JH-0119-03,LG-JH-0119,SY-494/3,349.67,Community,1,1
PCL-LG-JH-0119-04,LG-JH-0119,SY-448/4,349.67,Forest,0,1
PCL-LG-JH-0119-05,LG-JH-0119,SY-150/5,349.67,Private,0,0
PCL-LG-JH-0119-06,LG-JH-0119,SY-915/6,349.67,Government,1,0
PCL-LG-KA-0120-01,LG-KA-0120,SY-691/1,288.57,Forest,1,0
PCL-LG-KA-0120-02,LG-KA-0120,SY-294/2,288.57,Forest,1,0
PCL-LG-KA-0120-03,LG-KA-0120,SY-365/3,288.57,Private,1,0
PCL-LG-KA-0120-04,LG-KA-0120,SY-274/4,288.57,Government,1,1
PCL-LG-KA-0120-05,LG-KA-0120,SY-209/5,288.57,Community,1,0
PCL-LG-KA-0120-06,LG-KA-0120,SY-168/6,288.57,Community,1,1
PCL-LG-KL-0121-01,LG-KL-0121,SY-546/1,115.22,Forest,1,1
PCL-LG-KL-0121-02,LG-KL-0121,SY-849/2,115.22,Forest,1,0
PCL-LG-KL-0121-03,LG-KL-0121,SY-296/3,115.22,Government,1,0
PCL-LG-KL-0121-04,LG-KL-0121,SY-501/4,115.22,Forest,1,0
PCL-LG-KL-0121-05,LG-KL-0121,SY-630/5,115.22,Forest,1,0
PCL-LG-MP-0122-01,LG-MP-0122,SY-813/1,166.92,Forest,1,0
PCL-LG-MP-0122-02,LG-MP-0122,SY-762/2,166.92,Private,1,1
PCL-LG-MP-0122-03,LG-MP-0122,SY-584/3,166.92,Government,1,1
PCL-LG-MP-0122-04,LG-MP-0122,SY-437/4,166.92,Government,1,1
PCL-LG-MP-0122-05,LG-MP-0122,SY-282/5,166.92,Government,1,1
PCL-LG-MP-0122-06,LG-MP-0122,SY-983/6,166.92,Private,1,1
PCL-LG-MH-0123-01,LG-MH-0123,SY-263/1,405.04,Forest,1,0
PCL-LG-MH-0123-02,LG-MH-0123,SY-212/2,405.04,Forest,1,0
PCL-LG-MH-0123-03,LG-MH-0123,SY-321/3,405.04,Forest,0,1
PCL-LG-MH-0123-04,LG-MH-0123,SY-695/4,405.04,Government,1,0
PCL-LG-MH-0123-05,LG-MH-0123,SY-975/5,405.04,Government,0,0
PCL-LG-MN-0124-01,LG-MN-0124,SY-105/1,25.93,Private,1,1
PCL-LG-MN-0124-02,LG-MN-0124,SY-131/2,25.93,Private,0,0
PCL-LG-MN-0124-03,LG-MN-0124,SY-143/3,25.93,Government,1,1
PCL-LG-MN-0124-04,LG-MN-0124,SY-618/4,25.93,Forest,1,0
PCL-LG-ML-0125-01,LG-ML-0125,SY-615/1,240.09,Community,0,0
PCL-LG-ML-0125-02,LG-ML-0125,SY-739/2,240.09,Forest,1,1
PCL-LG-ML-0125-03,LG-ML-0125,SY-655/3,240.09,Government,0,0
PCL-LG-ML-0125-04,LG-ML-0125,SY-918/4,240.09,Private,1,1
PCL-LG-ML-0125-05,LG-ML-0125,SY-494/5,240.09,Community,1,1
PCL-LG-ML-0125-06,LG-ML-0125,SY-204/6,240.09,Community,1,0
PCL-LG-ML-0125-07,LG-ML-0125,SY-810/7,240.09,Private,1,0
PCL-LG-MZ-0126-01,LG-MZ-0126,SY-836/1,402.18,Private,1,0
PCL-LG-MZ-0126-02,LG-MZ-0126,SY-200/2,402.18,Government,1,1
PCL-LG-MZ-0126-03,LG-MZ-0126,SY-422/3,402.18,Government,1,0
PCL-LG-MZ-0126-04,LG-MZ-0126,SY-467/4,402.18,Community,1,0
PCL-LG-NL-0127-01,LG-NL-0127,SY-287/1,89.7,Forest,1,1
PCL-LG-NL-0127-02,LG-NL-0127,SY-228/2,89.7,Government,1,0
PCL-LG-NL-0127-03,LG-NL-0127,SY-278/3,89.7,Community,0,0
PCL-LG-NL-0127-04,LG-NL-0127,SY-744/4,89.7,Government,1,0
PCL-LG-NL-0127-05,LG-NL-0127,SY-242/5,89.7,Forest,1,0
PCL-LG-OD-0128-01,LG-OD-0128,SY-347/1,45.3,Community,0,0
PCL-LG-OD-0128-02,LG-OD-0128,SY-933/2,45.3,Community,0,0
PCL-LG-OD-0128-03,LG-OD-0128,SY-130/3,45.3,Forest,1,1
PCL-LG-OD-0128-04,LG-OD-0128,SY-849/4,45.3,Government,0,1
PCL-LG-PB-0129-01,LG-PB-0129,SY-536/1,58.56,Community,0,0
PCL-LG-PB-0129-02,LG-PB-0129,SY-153/2,58.56,Community,0,0
PCL-LG-PB-0129-03,LG-PB-0129,SY-176/3,58.56,Private,0,1
PCL-LG-PB-0129-04,LG-PB-0129,SY-446/4,58.56,Government,1,1
PCL-LG-PB-0129-05,LG-PB-0129,SY-153/5,58.56,Private,1,0
PCL-LG-PB-0129-06,LG-PB-0129,SY-815/6,58.56,Private,1,0
PCL-LG-PB-0129-07,LG-PB-0129,SY-119/7,58.56,Community,1,0
PCL-LG-PB-0129-08,LG-PB-0129,SY-917/8,58.56,Community,1,0
PCL-LG-RJ-0130-01,LG-RJ-0130,SY-287/1,337.38,Community,1,0
PCL-LG-RJ-0130-02,LG-RJ-0130,SY-166/2,337.38,Community,1,1
PCL-LG-RJ-0130-03,LG-RJ-0130,SY-282/3,337.38,Community,0,1
PCL-LG-RJ-0130-04,LG-RJ-0130,SY-871/4,337.38,Government,1,1
PCL-LG-RJ-0130-05,LG-RJ-0130,SY-289/5,337.38,Government,1,1
PCL-LG-SK-0131-01,LG-SK-0131,SY-914/1,593.92,Government,0,1
PCL-LG-SK-0131-02,LG-SK-0131,SY-296/2,593.92,Government,0,1
PCL-LG-SK-0131-03,LG-SK-0131,SY-766/3,593.92,Community,1,0
PCL-LG-SK-0131-04,LG-SK-0131,SY-855/4,593.92,Private,1,0
PCL-LG-TN-0132-01,LG-TN-0132,SY-997/1,247.12,Government,1,0
PCL-LG-TN-0132-02,LG-TN-0132,SY-891/2,247.12,Government,1,1
PCL-LG-TN-0132-03,LG-TN-0132,SY-728/3,247.12,Forest,1,0
PCL-LG-TN-0132-04,LG-TN-0132,SY-940/4,247.12,Private,0,1
PCL-LG-TN-0132-05,LG-TN-0132,SY-692/5,247.12,Government,1,1
PCL-LG-TN-0132-06,LG-TN-0132,SY-295/6,247.12,Forest,1,0
PCL-LG-TN-0132-07,LG-TN-0132,SY-824/7,247.12,Community,1,0
PCL-LG-TN-0132-08,LG-TN-0132,SY-107/8,247.12,Community,1,0
PCL-LG-TS-0133-01,LG-TS-0133,SY-483/1,172.88,Private,1,1
PCL-LG-TS-0133-02,LG-TS-0133,SY-389/2,172.88,Community,1,0
PCL-LG-TS-0133-03,LG-TS-0133,SY-567/3,172.88,Community,0,1
PCL-LG-TS-0133-04,LG-TS-0133,SY-524/4,172.88,Government,1,0
PCL-LG-TS-0133-05,LG-TS-0133,SY-659/5,172.88,Private,1,1
PCL-LG-TS-0133-06,LG-TS-0133,SY-467/6,172.88,Private,1,1
PCL-LG-TR-0134-01,LG-TR-0134,SY-857/1,306.44,Forest,1,1
PCL-LG-TR-0134-02,LG-TR-0134,SY-275/2,306.44,Government,1,1
PCL-LG-TR-0134-03,LG-TR-0134,SY-440/3,306.44,Forest,1,0
PCL-LG-TR-0134-04,LG-TR-0134,SY-936/4,306.44,Government,1,1
PCL-LG-TR-0134-05,LG-TR-0134,SY-435/5,306.44,Private,1,0
PCL-LG-UP-0135-01,LG-UP-0135,SY-695/1,689.2,Community,1,1
PCL-LG-UP-0135-02,LG-UP-0135,SY-805/2,689.2,Forest,1,1
PCL-LG-UP-0135-03,LG-UP-0135,SY-820/3,689.2,Private,1,1
PCL-LG-UK-0136-01,LG-UK-0136,SY-609/1,361.38,Forest,1,0
PCL-LG-UK-0136-02,LG-UK-0136,SY-788/2,361.38,Government,0,0
PCL-LG-UK-0136-03,LG-UK-0136,SY-511/3,361.38,Forest,1,0
PCL-LG-UK-0136-04,LG-UK-0136,SY-851/4,361.38,Private,1,0
PCL-LG-UK-0136-05,LG-UK-0136,SY-603/5,361.38,Government,0,0
PCL-LG-UK-0136-06,LG-UK-0136,SY-244/6,361.38,Government,1,0
PCL-LG-WB-0137-01,LG-WB-0137,SY-986/1,11.33,Community,0,0
PCL-LG-WB-0137-02,LG-WB-0137,SY-826/2,11.33,Government,1,0
PCL-LG-WB-0137-03,LG-WB-0137,SY-748/3,11.33,Private,1,1
PCL-LG-WB-0137-04,LG-WB-0137,SY-182/4,11.33,Community,1,1
PCL-LG-WB-0137-05,LG-WB-0137,SY-935/5,11.33,Government,1,0
PCL-LG-WB-0137-06,LG-WB-0137,SY-790/6,11.33,Community,1,0
PCL-LG-AN-0138-01,LG-AN-0138,SY-172/1,572.63,Government,0,1
PCL-LG-AN-0138-02,LG-AN-0138,SY-424/2,572.63,Community,1,0
PCL-LG-AN-0138-03,LG-AN-0138,SY-936/3,572.63,Government,1,0
PCL-LG-CH-0139-01,LG-CH-0139,SY-720/1,330.68,Government,1,0
PCL-LG-CH-0139-02,LG-CH-0139,SY-116/2,330.68,Community,1,0
PCL-LG-CH-0139-03,LG-CH-0139,SY-155/3,330.68,Community,1,1
PCL-LG-CH-0139-04,LG-CH-0139,SY-365/4,330.68,Private,1,0
PCL-LG-CH-0139-05,LG-CH-0139,SY-933/5,330.68,Private,1,0
PCL-LG-DH-0140-01,LG-DH-0140,SY-527/1,308.57,Forest,1,1
PCL-LG-DH-0140-02,LG-DH-0140,SY-194/2,308.57,Private,1,0
PCL-LG-DH-0140-03,LG-DH-0140,SY-169/3,308.57,Government,1,0
PCL-LG-DH-0140-04,LG-DH-0140,SY-823/4,308.57,Forest,1,1
PCL-LG-DH-0140-05,LG-DH-0140,SY-189/5,308.57,Community,1,0
PCL-LG-DH-0140-06,LG-DH-0140,SY-630/6,308.57,Forest,0,0
PCL-LG-DH-0140-07,LG-DH-0140,SY-534/7,308.57,Community,0,1
PCL-LG-DH-0140-08,LG-DH-0140,SY-911/8,308.57,Government,1,0
PCL-LG-DL-0141-01,LG-DL-0141,SY-681/1,271.56,Community,1,0
PCL-LG-DL-0141-02,LG-DL-0141,SY-780/2,271.56,Government,1,0
PCL-LG-DL-0141-03,LG-DL-0141,SY-292/3,271.56,Forest,0,0
PCL-LG-DL-0141-04,LG-DL-0141,SY-318/4,271.56,Government,1,0
PCL-LG-DL-0141-05,LG-DL-0141,SY-232/5,271.56,Private,1,0
PCL-LG-JK-0142-01,LG-JK-0142,SY-167/1,445.1,Private,1,0
PCL-LG-JK-0142-02,LG-JK-0142,SY-963/2,445.1,Community,1,0
PCL-LG-JK-0142-03,LG-JK-0142,SY-112/3,445.1,Forest,1,0
PCL-LG-JK-0142-04,LG-JK-0142,SY-224/4,445.1,Government,1,0
PCL-LG-JK-0142-05,LG-JK-0142,SY-441/5,445.1,Community,1,0
PCL-LG-LA-0143-01,LG-LA-0143,SY-838/1,501.7,Community,1,1
PCL-LG-LA-0143-02,LG-LA-0143,SY-797/2,501.7,Government,1,1
PCL-LG-LA-0143-03,LG-LA-0143,SY-465/3,501.7,Community,0,0
PCL-LG-LD-0144-01,LG-LD-0144,SY-187/1,41.16,Community,0,0
PCL-LG-LD-0144-02,LG-LD-0144,SY-827/2,41.16,Community,0,0
PCL-LG-LD-0144-03,LG-LD-0144,SY-533/3,41.16,Community,0,0
PCL-LG-LD-0144-04,LG-LD-0144,SY-985/4,41.16,Private,1,1
PCL-LG-LD-0144-05,LG-LD-0144,SY-591/5,41.16,Community,1,0
PCL-LG-LD-0144-06,LG-LD-0144,SY-908/6,41.16,Government,1,1
PCL-LG-LD-0144-07,LG-LD-0144,SY-687/7,41.16,Government,0,1
PCL-LG-LD-0144-08,LG-LD-0144,SY-751/8,41.16,Government,1,0
PCL-LG-PY-0145-01,LG-PY-0145,SY-587/1,323.81,Government,1,0
PCL-LG-PY-0145-02,LG-PY-0145,SY-469/2,323.81,Private,1,0
PCL-LG-PY-0145-03,LG-PY-0145,SY-449/3,323.81,Community,1,1
PCL-LG-PY-0145-04,LG-PY-0145,SY-854/4,323.81,Community,1,0
PCL-LG-PY-0145-05,LG-PY-0145,SY-216/5,323.81,Private,0,1
PCL-LG-PY-0145-06,LG-PY-0145,SY-773/6,323.81,Community,1,1
PCL-LG-PY-0145-07,LG-PY-0145,SY-793/7,323.81,Private,1,1
PCL-LG-AP-0146-01,LG-AP-0146,SY-914/1,275.29,Private,1,0
PCL-LG-AP-0146-02,LG-AP-0146,SY-924/2,275.29,Forest,1,1
PCL-LG-AP-0146-03,LG-AP-0146,SY-297/3,275.29,Private,1,0
PCL-LG-AP-0146-04,LG-AP-0146,SY-777/4,275.29,Community,1,0
PCL-LG-AP-0146-05,LG-AP-0146,SY-470/5,275.29,Forest,1,1
PCL-LG-AP-0146-06,LG-AP-0146,SY-295/6,275.29,Government,1,0
PCL-LG-AP-0146-07,LG-AP-0146,SY-183/7,275.29,Forest,1,0
PCL-LG-AP-0146-08,LG-AP-0146,SY-520/8,275.29,Government,1,0
PCL-LG-AR-0147-01,LG-AR-0147,SY-108/1,326.5,Government,1,1
PCL-LG-AR-0147-02,LG-AR-0147,SY-579/2,326.5,Private,1,0
PCL-LG-AR-0147-03,LG-AR-0147,SY-569/3,326.5,Forest,1,0
PCL-LG-AR-0147-04,LG-AR-0147,SY-803/4,326.5,Forest,1,1
PCL-LG-AR-0147-05,LG-AR-0147,SY-764/5,326.5,Forest,1,0
PCL-LG-AR-0147-06,LG-AR-0147,SY-789/6,326.5,Forest,1,0
PCL-LG-AS-0148-01,LG-AS-0148,SY-560/1,701.87,Community,0,0
PCL-LG-AS-0148-02,LG-AS-0148,SY-815/2,701.87,Government,1,0
PCL-LG-AS-0148-03,LG-AS-0148,SY-880/3,701.87,Private,1,0
PCL-LG-BR-0149-01,LG-BR-0149,SY-795/1,286.32,Private,1,0
PCL-LG-BR-0149-02,LG-BR-0149,SY-887/2,286.32,Forest,0,0
PCL-LG-BR-0149-03,LG-BR-0149,SY-227/3,286.32,Government,1,0
PCL-LG-BR-0149-04,LG-BR-0149,SY-208/4,286.32,Community,1,1
PCL-LG-CG-0150-01,LG-CG-0150,SY-650/1,54.9,Private,1,0
PCL-LG-CG-0150-02,LG-CG-0150,SY-123/2,54.9,Forest,0,0
PCL-LG-CG-0150-03,LG-CG-0150,SY-595/3,54.9,Private,0,0
PCL-LG-CG-0150-04,LG-CG-0150,SY-379/4,54.9,Government,0,0
PCL-LG-CG-0150-05,LG-CG-0150,SY-888/5,54.9,Forest,1,0
PCL-LG-CG-0150-06,LG-CG-0150,SY-160/6,54.9,Forest,0,0
PCL-LG-GA-0151-01,LG-GA-0151,SY-217/1,773.4,Private,1,1
PCL-LG-GA-0151-02,LG-GA-0151,SY-574/2,773.4,Community,1,0
PCL-LG-GA-0151-03,LG-GA-0151,SY-348/3,773.4,Government,1,0
PCL-LG-GJ-0152-01,LG-GJ-0152,SY-809/1,816.6,Forest,1,0
PCL-LG-GJ-0152-02,LG-GJ-0152,SY-904/2,816.6,Private,0,0
PCL-LG-GJ-0152-03,LG-GJ-0152,SY-237/3,816.6,Forest,0,1
PCL-LG-HR-0153-01,LG-HR-0153,SY-891/1,318.98,Community,1,1
PCL-LG-HR-0153-02,LG-HR-0153,SY-930/2,318.98,Private,1,1
PCL-LG-HR-0153-03,LG-HR-0153,SY-894/3,318.98,Private,1,0
PCL-LG-HR-0153-04,LG-HR-0153,SY-625/4,318.98,Private,0,0
PCL-LG-HR-0153-05,LG-HR-0153,SY-739/5,318.98,Government,1,0
PCL-LG-HR-0153-06,LG-HR-0153,SY-961/6,318.98,Government,1,0
PCL-LG-HP-0154-01,LG-HP-0154,SY-389/1,309.6,Private,1,1
PCL-LG-HP-0154-02,LG-HP-0154,SY-296/2,309.6,Private,1,1
PCL-LG-HP-0154-03,LG-HP-0154,SY-536/3,309.6,Forest,1,0
PCL-LG-JH-0155-01,LG-JH-0155,SY-185/1,487.9,Forest,1,1
PCL-LG-JH-0155-02,LG-JH-0155,SY-488/2,487.9,Forest,1,1
PCL-LG-JH-0155-03,LG-JH-0155,SY-906/3,487.9,Private,1,0
PCL-LG-JH-0155-04,LG-JH-0155,SY-476/4,487.9,Private,0,0
PCL-LG-KA-0156-01,LG-KA-0156,SY-351/1,648.5,Forest,1,0
PCL-LG-KA-0156-02,LG-KA-0156,SY-377/2,648.5,Government,1,0
PCL-LG-KA-0156-03,LG-KA-0156,SY-490/3,648.5,Community,1,0
PCL-LG-KL-0157-01,LG-KL-0157,SY-438/1,41.39,Government,0,0
PCL-LG-KL-0157-02,LG-KL-0157,SY-422/2,41.39,Private,1,0
PCL-LG-KL-0157-03,LG-KL-0157,SY-226/3,41.39,Private,1,0
PCL-LG-KL-0157-04,LG-KL-0157,SY-211/4,41.39,Private,1,1
PCL-LG-KL-0157-05,LG-KL-0157,SY-956/5,41.39,Private,1,0
PCL-LG-KL-0157-06,LG-KL-0157,SY-488/6,41.39,Private,0,0
PCL-LG-KL-0157-07,LG-KL-0157,SY-353/7,41.39,Community,1,0
PCL-LG-KL-0157-08,LG-KL-0157,SY-902/8,41.39,Private,1,0
PCL-LG-MP-0158-01,LG-MP-0158,SY-177/1,607.62,Forest,1,0
PCL-LG-MP-0158-02,LG-MP-0158,SY-762/2,607.62,Community,0,1
PCL-LG-MP-0158-03,LG-MP-0158,SY-350/3,607.62,Forest,1,1
PCL-LG-MP-0158-04,LG-MP-0158,SY-371/4,607.62,Government,1,0
PCL-LG-MH-0159-01,LG-MH-0159,SY-226/1,760.63,Community,1,1
PCL-LG-MH-0159-02,LG-MH-0159,SY-420/2,760.63,Forest,1,1
PCL-LG-MH-0159-03,LG-MH-0159,SY-245/3,760.63,Community,1,1
PCL-LG-MN-0160-01,LG-MN-0160,SY-971/1,86.6,Forest,1,0
PCL-LG-MN-0160-02,LG-MN-0160,SY-549/2,86.6,Forest,1,0
PCL-LG-MN-0160-03,LG-MN-0160,SY-642/3,86.6,Government,1,0
PCL-LG-MN-0160-04,LG-MN-0160,SY-646/4,86.6,Private,1,1
PCL-LG-MN-0160-05,LG-MN-0160,SY-694/5,86.6,Forest,1,0
PCL-LG-ML-0161-01,LG-ML-0161,SY-236/1,265.25,Government,1,1
PCL-LG-ML-0161-02,LG-ML-0161,SY-479/2,265.25,Government,1,1
PCL-LG-ML-0161-03,LG-ML-0161,SY-157/3,265.25,Government,1,1
PCL-LG-ML-0161-04,LG-ML-0161,SY-275/4,265.25,Private,1,0
PCL-LG-MZ-0162-01,LG-MZ-0162,SY-423/1,49.18,Private,0,1
PCL-LG-MZ-0162-02,LG-MZ-0162,SY-781/2,49.18,Private,0,0
PCL-LG-MZ-0162-03,LG-MZ-0162,SY-469/3,49.18,Forest,1,0
PCL-LG-MZ-0162-04,LG-MZ-0162,SY-466/4,49.18,Government,1,1
PCL-LG-MZ-0162-05,LG-MZ-0162,SY-818/5,49.18,Community,0,0
PCL-LG-MZ-0162-06,LG-MZ-0162,SY-594/6,49.18,Forest,1,0
PCL-LG-NL-0163-01,LG-NL-0163,SY-499/1,132.7,Forest,1,0
PCL-LG-NL-0163-02,LG-NL-0163,SY-413/2,132.7,Community,1,0
PCL-LG-NL-0163-03,LG-NL-0163,SY-149/3,132.7,Community,1,0
PCL-LG-NL-0163-04,LG-NL-0163,SY-681/4,132.7,Government,0,0
PCL-LG-NL-0163-05,LG-NL-0163,SY-659/5,132.7,Community,1,1
PCL-LG-NL-0163-06,LG-NL-0163,SY-787/6,132.7,Community,1,0
PCL-LG-NL-0163-07,LG-NL-0163,SY-921/7,132.7,Government,0,0
PCL-LG-OD-0164-01,LG-OD-0164,SY-333/1,135.19,Forest,1,1
PCL-LG-OD-0164-02,LG-OD-0164,SY-923/2,135.19,Community,1,1
PCL-LG-OD-0164-03,LG-OD-0164,SY-203/3,135.19,Government,1,0
PCL-LG-OD-0164-04,LG-OD-0164,SY-966/4,135.19,Forest,1,0
PCL-LG-OD-0164-05,LG-OD-0164,SY-260/5,135.19,Forest,1,0
PCL-LG-OD-0164-06,LG-OD-0164,SY-848/6,135.19,Government,0,0
PCL-LG-OD-0164-07,LG-OD-0164,SY-194/7,135.19,Community,1,1
PCL-LG-PB-0165-01,LG-PB-0165,SY-974/1,89.04,Government,1,1
PCL-LG-PB-0165-02,LG-PB-0165,SY-861/2,89.04,Forest,0,0
PCL-LG-PB-0165-03,LG-PB-0165,SY-550/3,89.04,Government,0,0
PCL-LG-PB-0165-04,LG-PB-0165,SY-469/4,89.04,Private,0,0
PCL-LG-PB-0165-05,LG-PB-0165,SY-306/5,89.04,Private,0,0
PCL-LG-PB-0165-06,LG-PB-0165,SY-322/6,89.04,Government,1,0
PCL-LG-PB-0165-07,LG-PB-0165,SY-764/7,89.04,Government,1,0
PCL-LG-RJ-0166-01,LG-RJ-0166,SY-749/1,121.5,Forest,1,0
PCL-LG-RJ-0166-02,LG-RJ-0166,SY-570/2,121.5,Forest,1,1
PCL-LG-RJ-0166-03,LG-RJ-0166,SY-348/3,121.5,Community,1,0
PCL-LG-RJ-0166-04,LG-RJ-0166,SY-705/4,121.5,Forest,0,1
PCL-LG-RJ-0166-05,LG-RJ-0166,SY-368/5,121.5,Forest,1,1
PCL-LG-RJ-0166-06,LG-RJ-0166,SY-815/6,121.5,Forest,1,0
PCL-LG-RJ-0166-07,LG-RJ-0166,SY-850/7,121.5,Private,1,0
PCL-LG-RJ-0166-08,LG-RJ-0166,SY-842/8,121.5,Government,1,0
PCL-LG-SK-0167-01,LG-SK-0167,SY-995/1,70.78,Forest,1,0
PCL-LG-SK-0167-02,LG-SK-0167,SY-846/2,70.78,Private,1,0
PCL-LG-SK-0167-03,LG-SK-0167,SY-970/3,70.78,Government,1,0
PCL-LG-SK-0167-04,LG-SK-0167,SY-265/4,70.78,Government,1,0
PCL-LG-SK-0167-05,LG-SK-0167,SY-983/5,70.78,Government,0,0
PCL-LG-SK-0167-06,LG-SK-0167,SY-204/6,70.78,Community,0,0
PCL-LG-SK-0167-07,LG-SK-0167,SY-827/7,70.78,Private,1,0
PCL-LG-SK-0167-08,LG-SK-0167,SY-384/8,70.78,Community,1,1
PCL-LG-TN-0168-01,LG-TN-0168,SY-201/1,399.36,Private,1,1
PCL-LG-TN-0168-02,LG-TN-0168,SY-486/2,399.36,Government,1,0
PCL-LG-TN-0168-03,LG-TN-0168,SY-116/3,399.36,Forest,1,0
PCL-LG-TN-0168-04,LG-TN-0168,SY-824/4,399.36,Government,1,0
PCL-LG-TN-0168-05,LG-TN-0168,SY-588/5,399.36,Forest,1,1
PCL-LG-TS-0169-01,LG-TS-0169,SY-273/1,55.66,Government,0,0
PCL-LG-TS-0169-02,LG-TS-0169,SY-602/2,55.66,Community,1,0
PCL-LG-TS-0169-03,LG-TS-0169,SY-311/3,55.66,Government,1,1
PCL-LG-TS-0169-04,LG-TS-0169,SY-371/4,55.66,Government,1,1
PCL-LG-TS-0169-05,LG-TS-0169,SY-567/5,55.66,Government,1,1
PCL-LG-TR-0170-01,LG-TR-0170,SY-632/1,252.63,Government,0,1
PCL-LG-TR-0170-02,LG-TR-0170,SY-692/2,252.63,Government,1,0
PCL-LG-TR-0170-03,LG-TR-0170,SY-222/3,252.63,Private,1,0
PCL-LG-TR-0170-04,LG-TR-0170,SY-488/4,252.63,Private,0,0
PCL-LG-TR-0170-05,LG-TR-0170,SY-874/5,252.63,Government,1,0
PCL-LG-TR-0170-06,LG-TR-0170,SY-298/6,252.63,Forest,0,1
PCL-LG-UP-0171-01,LG-UP-0171,SY-906/1,60.99,Community,1,0
PCL-LG-UP-0171-02,LG-UP-0171,SY-995/2,60.99,Community,1,0
PCL-LG-UP-0171-03,LG-UP-0171,SY-465/3,60.99,Community,1,0
PCL-LG-UP-0171-04,LG-UP-0171,SY-126/4,60.99,Forest,1,0
PCL-LG-UP-0171-05,LG-UP-0171,SY-673/5,60.99,Government,1,1
PCL-LG-UP-0171-06,LG-UP-0171,SY-564/6,60.99,Government,1,1
PCL-LG-UP-0171-07,LG-UP-0171,SY-929/7,60.99,Forest,1,0
PCL-LG-UP-0171-08,LG-UP-0171,SY-737/8,60.99,Government,1,0
PCL-LG-UK-0172-01,LG-UK-0172,SY-970/1,386.4,Government,1,0
PCL-LG-UK-0172-02,LG-UK-0172,SY-726/2,386.4,Community,1,0
PCL-LG-UK-0172-03,LG-UK-0172,SY-187/3,386.4,Forest,1,0
PCL-LG-UK-0172-04,LG-UK-0172,SY-885/4,386.4,Government,0,1
PCL-LG-UK-0172-05,LG-UK-0172,SY-482/5,386.4,Private,1,0
PCL-LG-UK-0172-06,LG-UK-0172,SY-657/6,386.4,Private,1,1
PCL-LG-WB-0173-01,LG-WB-0173,SY-583/1,44.1,Government,1,0
PCL-LG-WB-0173-02,LG-WB-0173,SY-674/2,44.1,Community,1,0
PCL-LG-WB-0173-03,LG-WB-0173,SY-871/3,44.1,Private,1,0
PCL-LG-AN-0174-01,LG-AN-0174,SY-351/1,602.52,Forest,0,0
PCL-LG-AN-0174-02,LG-AN-0174,SY-234/2,602.52,Government,1,0
PCL-LG-AN-0174-03,LG-AN-0174,SY-932/3,602.52,Forest,0,0
PCL-LG-AN-0174-04,LG-AN-0174,SY-217/4,602.52,Community,1,0
PCL-LG-CH-0175-01,LG-CH-0175,SY-130/1,320.93,Government,1,0
PCL-LG-CH-0175-02,LG-CH-0175,SY-114/2,320.93,Private,0,0
PCL-LG-CH-0175-03,LG-CH-0175,SY-719/3,320.93,Forest,1,0
PCL-LG-CH-0175-04,LG-CH-0175,SY-444/4,320.93,Private,1,1
PCL-LG-CH-0175-05,LG-CH-0175,SY-386/5,320.93,Private,1,0
PCL-LG-CH-0175-06,LG-CH-0175,SY-148/6,320.93,Community,0,0
PCL-LG-CH-0175-07,LG-CH-0175,SY-765/7,320.93,Forest,0,0
PCL-LG-DH-0176-01,LG-DH-0176,SY-799/1,474.08,Forest,1,1
PCL-LG-DH-0176-02,LG-DH-0176,SY-446/2,474.08,Private,1,0
PCL-LG-DH-0176-03,LG-DH-0176,SY-144/3,474.08,Forest,0,0
PCL-LG-DH-0176-04,LG-DH-0176,SY-354/4,474.08,Community,0,1
PCL-LG-DH-0176-05,LG-DH-0176,SY-398/5,474.08,Community,1,0
PCL-LG-DL-0177-01,LG-DL-0177,SY-613/1,314.05,Community,1,0
PCL-LG-DL-0177-02,LG-DL-0177,SY-653/2,314.05,Private,1,1
PCL-LG-DL-0177-03,LG-DL-0177,SY-237/3,314.05,Private,1,0
PCL-LG-DL-0177-04,LG-DL-0177,SY-766/4,314.05,Forest,1,0
PCL-LG-JK-0178-01,LG-JK-0178,SY-805/1,212.7,Forest,0,0
PCL-LG-JK-0178-02,LG-JK-0178,SY-208/2,212.7,Community,0,0
PCL-LG-JK-0178-03,LG-JK-0178,SY-778/3,212.7,Government,1,1
PCL-LG-JK-0178-04,LG-JK-0178,SY-990/4,212.7,Government,1,0
PCL-LG-JK-0178-05,LG-JK-0178,SY-535/5,212.7,Community,0,0
PCL-LG-JK-0178-06,LG-JK-0178,SY-134/6,212.7,Community,0,1
PCL-LG-JK-0178-07,LG-JK-0178,SY-623/7,212.7,Forest,1,0
PCL-LG-JK-0178-08,LG-JK-0178,SY-377/8,212.7,Private,1,0
PCL-LG-LA-0179-01,LG-LA-0179,SY-761/1,235.1,Community,0,1
PCL-LG-LA-0179-02,LG-LA-0179,SY-254/2,235.1,Community,1,0
PCL-LG-LA-0179-03,LG-LA-0179,SY-616/3,235.1,Community,1,1
PCL-LG-LA-0179-04,LG-LA-0179,SY-692/4,235.1,Community,1,0
PCL-LG-LA-0179-05,LG-LA-0179,SY-565/5,235.1,Community,1,0
PCL-LG-LA-0179-06,LG-LA-0179,SY-263/6,235.1,Forest,1,0
PCL-LG-LD-0180-01,LG-LD-0180,SY-858/1,155.73,Forest,1,1
PCL-LG-LD-0180-02,LG-LD-0180,SY-786/2,155.73,Government,1,0
PCL-LG-LD-0180-03,LG-LD-0180,SY-549/3,155.73,Private,1,0
PCL-LG-LD-0180-04,LG-LD-0180,SY-102/4,155.73,Forest,1,0
PCL-LG-LD-0180-05,LG-LD-0180,SY-743/5,155.73,Government,0,0
PCL-LG-LD-0180-06,LG-LD-0180,SY-169/6,155.73,Community,1,0
PCL-LG-PY-0181-01,LG-PY-0181,SY-282/1,231.34,Community,1,0
PCL-LG-PY-0181-02,LG-PY-0181,SY-953/2,231.34,Government,1,0
PCL-LG-PY-0181-03,LG-PY-0181,SY-313/3,231.34,Forest,0,0
PCL-LG-PY-0181-04,LG-PY-0181,SY-244/4,231.34,Forest,0,0
PCL-LG-PY-0181-05,LG-PY-0181,SY-289/5,231.34,Private,1,0
PCL-LG-PY-0181-06,LG-PY-0181,SY-104/6,231.34,Private,1,0
PCL-LG-PY-0181-07,LG-PY-0181,SY-775/7,231.34,Forest,1,0
PCL-LG-AP-0182-01,LG-AP-0182,SY-245/1,588.52,Forest,1,0
PCL-LG-AP-0182-02,LG-AP-0182,SY-894/2,588.52,Community,0,0
PCL-LG-AP-0182-03,LG-AP-0182,SY-107/3,588.52,Private,1,0
PCL-LG-AP-0182-04,LG-AP-0182,SY-930/4,588.52,Government,0,1
PCL-LG-AR-0183-01,LG-AR-0183,SY-147/1,191.5,Government,1,0
PCL-LG-AR-0183-02,LG-AR-0183,SY-375/2,191.5,Private,1,1
PCL-LG-AR-0183-03,LG-AR-0183,SY-515/3,191.5,Forest,1,0
PCL-LG-AR-0183-04,LG-AR-0183,SY-702/4,191.5,Forest,0,1
PCL-LG-AR-0183-05,LG-AR-0183,SY-648/5,191.5,Forest,0,1
PCL-LG-AR-0183-06,LG-AR-0183,SY-921/6,191.5,Community,1,1
PCL-LG-AR-0183-07,LG-AR-0183,SY-610/7,191.5,Private,0,0
PCL-LG-AS-0184-01,LG-AS-0184,SY-610/1,353.3,Forest,0,0
PCL-LG-AS-0184-02,LG-AS-0184,SY-951/2,353.3,Forest,1,0
PCL-LG-AS-0184-03,LG-AS-0184,SY-992/3,353.3,Community,1,0
PCL-LG-BR-0185-01,LG-BR-0185,SY-850/1,90.0,Private,0,0
PCL-LG-BR-0185-02,LG-BR-0185,SY-390/2,90.0,Government,0,1
PCL-LG-BR-0185-03,LG-BR-0185,SY-548/3,90.0,Private,0,0
PCL-LG-BR-0185-04,LG-BR-0185,SY-615/4,90.0,Community,0,0
PCL-LG-BR-0185-05,LG-BR-0185,SY-995/5,90.0,Private,1,0
PCL-LG-CG-0186-01,LG-CG-0186,SY-601/1,12.19,Forest,1,1
PCL-LG-CG-0186-02,LG-CG-0186,SY-432/2,12.19,Forest,1,1
PCL-LG-CG-0186-03,LG-CG-0186,SY-547/3,12.19,Community,1,1
PCL-LG-CG-0186-04,LG-CG-0186,SY-252/4,12.19,Forest,0,0
PCL-LG-CG-0186-05,LG-CG-0186,SY-168/5,12.19,Forest,1,0
PCL-LG-CG-0186-06,LG-CG-0186,SY-618/6,12.19,Forest,1,1
PCL-LG-CG-0186-07,LG-CG-0186,SY-165/7,12.19,Forest,1,1
PCL-LG-CG-0186-08,LG-CG-0186,SY-851/8,12.19,Community,1,0
PCL-LG-GA-0187-01,LG-GA-0187,SY-825/1,175.72,Forest,1,0
PCL-LG-GA-0187-02,LG-GA-0187,SY-748/2,175.72,Government,1,0
PCL-LG-GA-0187-03,LG-GA-0187,SY-830/3,175.72,Government,1,0
PCL-LG-GA-0187-04,LG-GA-0187,SY-421/4,175.72,Private,1,0
PCL-LG-GJ-0188-01,LG-GJ-0188,SY-941/1,83.83,Private,1,0
PCL-LG-GJ-0188-02,LG-GJ-0188,SY-777/2,83.83,Private,1,1
PCL-LG-GJ-0188-03,LG-GJ-0188,SY-379/3,83.83,Forest,1,0
PCL-LG-GJ-0188-04,LG-GJ-0188,SY-564/4,83.83,Community,1,0
PCL-LG-GJ-0188-05,LG-GJ-0188,SY-949/5,83.83,Forest,1,1
PCL-LG-GJ-0188-06,LG-GJ-0188,SY-575/6,83.83,Community,0,0
PCL-LG-GJ-0188-07,LG-GJ-0188,SY-403/7,83.83,Forest,0,1
PCL-LG-GJ-0188-08,LG-GJ-0188,SY-703/8,83.83,Government,1,0
PCL-LG-HR-0189-01,LG-HR-0189,SY-802/1,288.43,Forest,1,0
PCL-LG-HR-0189-02,LG-HR-0189,SY-768/2,288.43,Community,0,1
PCL-LG-HR-0189-03,LG-HR-0189,SY-560/3,288.43,Community,1,0
PCL-LG-HR-0189-04,LG-HR-0189,SY-836/4,288.43,Community,0,0
PCL-LG-HR-0189-05,LG-HR-0189,SY-981/5,288.43,Forest,0,0
PCL-LG-HR-0189-06,LG-HR-0189,SY-147/6,288.43,Forest,1,0
PCL-LG-HP-0190-01,LG-HP-0190,SY-787/1,197.1,Forest,1,1
PCL-LG-HP-0190-02,LG-HP-0190,SY-546/2,197.1,Forest,1,0
PCL-LG-HP-0190-03,LG-HP-0190,SY-289/3,197.1,Private,0,0
PCL-LG-HP-0190-04,LG-HP-0190,SY-163/4,197.1,Forest,0,1
PCL-LG-HP-0190-05,LG-HP-0190,SY-237/5,197.1,Community,1,0
PCL-LG-HP-0190-06,LG-HP-0190,SY-469/6,197.1,Forest,1,0
PCL-LG-HP-0190-07,LG-HP-0190,SY-270/7,197.1,Private,0,0
PCL-LG-JH-0191-01,LG-JH-0191,SY-816/1,227.06,Forest,1,0
PCL-LG-JH-0191-02,LG-JH-0191,SY-721/2,227.06,Government,0,1
PCL-LG-JH-0191-03,LG-JH-0191,SY-337/3,227.06,Community,1,0
PCL-LG-JH-0191-04,LG-JH-0191,SY-163/4,227.06,Community,0,0
PCL-LG-JH-0191-05,LG-JH-0191,SY-412/5,227.06,Community,0,0
PCL-LG-JH-0191-06,LG-JH-0191,SY-698/6,227.06,Private,1,0
PCL-LG-JH-0191-07,LG-JH-0191,SY-919/7,227.06,Private,1,0
PCL-LG-JH-0191-08,LG-JH-0191,SY-156/8,227.06,Government,1,1
PCL-LG-KA-0192-01,LG-KA-0192,SY-294/1,167.29,Government,1,0
PCL-LG-KA-0192-02,LG-KA-0192,SY-180/2,167.29,Private,1,1
PCL-LG-KA-0192-03,LG-KA-0192,SY-369/3,167.29,Private,0,0
PCL-LG-KA-0192-04,LG-KA-0192,SY-357/4,167.29,Forest,1,1
PCL-LG-KA-0192-05,LG-KA-0192,SY-610/5,167.29,Forest,1,0
PCL-LG-KA-0192-06,LG-KA-0192,SY-813/6,167.29,Forest,1,0
PCL-LG-KA-0192-07,LG-KA-0192,SY-683/7,167.29,Community,1,0
PCL-LG-KA-0192-08,LG-KA-0192,SY-176/8,167.29,Forest,1,0
PCL-LG-KL-0193-01,LG-KL-0193,SY-568/1,260.96,Forest,1,0
PCL-LG-KL-0193-02,LG-KL-0193,SY-824/2,260.96,Government,1,0
PCL-LG-KL-0193-03,LG-KL-0193,SY-563/3,260.96,Government,0,1
PCL-LG-KL-0193-04,LG-KL-0193,SY-191/4,260.96,Government,1,0
PCL-LG-KL-0193-05,LG-KL-0193,SY-506/5,260.96,Community,0,0
PCL-LG-KL-0193-06,LG-KL-0193,SY-772/6,260.96,Government,1,1
PCL-LG-KL-0193-07,LG-KL-0193,SY-862/7,260.96,Community,1,0
PCL-LG-MP-0194-01,LG-MP-0194,SY-769/1,232.95,Government,1,1
PCL-LG-MP-0194-02,LG-MP-0194,SY-496/2,232.95,Private,1,1
PCL-LG-MP-0194-03,LG-MP-0194,SY-729/3,232.95,Private,0,0
PCL-LG-MP-0194-04,LG-MP-0194,SY-370/4,232.95,Community,1,1
PCL-LG-MP-0194-05,LG-MP-0194,SY-581/5,232.95,Community,1,1
PCL-LG-MP-0194-06,LG-MP-0194,SY-300/6,232.95,Community,1,0
PCL-LG-MH-0195-01,LG-MH-0195,SY-637/1,130.97,Forest,1,0
PCL-LG-MH-0195-02,LG-MH-0195,SY-704/2,130.97,Community,1,0
PCL-LG-MH-0195-03,LG-MH-0195,SY-592/3,130.97,Private,1,0
PCL-LG-MH-0195-04,LG-MH-0195,SY-234/4,130.97,Community,1,1
PCL-LG-MH-0195-05,LG-MH-0195,SY-877/5,130.97,Private,1,1
PCL-LG-MH-0195-06,LG-MH-0195,SY-858/6,130.97,Government,1,0
PCL-LG-MN-0196-01,LG-MN-0196,SY-776/1,215.47,Community,1,0
PCL-LG-MN-0196-02,LG-MN-0196,SY-231/2,215.47,Private,1,1
PCL-LG-MN-0196-03,LG-MN-0196,SY-177/3,215.47,Private,1,0
PCL-LG-MN-0196-04,LG-MN-0196,SY-848/4,215.47,Community,1,0
PCL-LG-MN-0196-05,LG-MN-0196,SY-935/5,215.47,Forest,0,1
PCL-LG-MN-0196-06,LG-MN-0196,SY-287/6,215.47,Government,1,0
PCL-LG-MN-0196-07,LG-MN-0196,SY-500/7,215.47,Forest,0,0
PCL-LG-ML-0197-01,LG-ML-0197,SY-747/1,43.45,Government,1,1
PCL-LG-ML-0197-02,LG-ML-0197,SY-461/2,43.45,Private,1,0
PCL-LG-ML-0197-03,LG-ML-0197,SY-293/3,43.45,Government,0,0
PCL-LG-ML-0197-04,LG-ML-0197,SY-430/4,43.45,Government,1,0
PCL-LG-MZ-0198-01,LG-MZ-0198,SY-340/1,214.57,Private,0,0
PCL-LG-MZ-0198-02,LG-MZ-0198,SY-420/2,214.57,Forest,1,1
PCL-LG-MZ-0198-03,LG-MZ-0198,SY-380/3,214.57,Government,1,0
PCL-LG-NL-0199-01,LG-NL-0199,SY-641/1,381.28,Forest,1,0
PCL-LG-NL-0199-02,LG-NL-0199,SY-150/2,381.28,Community,1,0
PCL-LG-NL-0199-03,LG-NL-0199,SY-114/3,381.28,Government,1,0
PCL-LG-NL-0199-04,LG-NL-0199,SY-627/4,381.28,Private,0,0
PCL-LG-NL-0199-05,LG-NL-0199,SY-243/5,381.28,Forest,1,0
PCL-LG-OD-0200-01,LG-OD-0200,SY-906/1,135.18,Government,1,0
PCL-LG-OD-0200-02,LG-OD-0200,SY-734/2,135.18,Private,0,0
PCL-LG-OD-0200-03,LG-OD-0200,SY-198/3,135.18,Government,1,1
PCL-LG-OD-0200-04,LG-OD-0200,SY-436/4,135.18,Government,1,0
PCL-LG-OD-0200-05,LG-OD-0200,SY-586/5,135.18,Government,0,0
PCL-LG-PB-0201-01,LG-PB-0201,SY-451/1,107.44,Forest,0,0
PCL-LG-PB-0201-02,LG-PB-0201,SY-166/2,107.44,Community,1,0
PCL-LG-PB-0201-03,LG-PB-0201,SY-465/3,107.44,Community,1,0
PCL-LG-PB-0201-04,LG-PB-0201,SY-428/4,107.44,Forest,1,0
PCL-LG-PB-0201-05,LG-PB-0201,SY-579/5,107.44,Private,1,0
PCL-LG-RJ-0202-01,LG-RJ-0202,SY-538/1,100.45,Private,1,1
PCL-LG-RJ-0202-02,LG-RJ-0202,SY-352/2,100.45,Government,1,1
PCL-LG-RJ-0202-03,LG-RJ-0202,SY-372/3,100.45,Government,0,1
PCL-LG-RJ-0202-04,LG-RJ-0202,SY-152/4,100.45,Government,1,0
PCL-LG-RJ-0202-05,LG-RJ-0202,SY-160/5,100.45,Private,1,0
PCL-LG-RJ-0202-06,LG-RJ-0202,SY-950/6,100.45,Government,1,1
PCL-LG-SK-0203-01,LG-SK-0203,SY-547/1,829.8,Government,0,1
PCL-LG-SK-0203-02,LG-SK-0203,SY-975/2,829.8,Forest,1,0
PCL-LG-SK-0203-03,LG-SK-0203,SY-931/3,829.8,Community,0,0
PCL-LG-TN-0204-01,LG-TN-0204,SY-821/1,489.7,Private,1,1
PCL-LG-TN-0204-02,LG-TN-0204,SY-985/2,489.7,Private,1,0
PCL-LG-TN-0204-03,LG-TN-0204,SY-214/3,489.7,Private,1,0
PCL-LG-TN-0204-04,LG-TN-0204,SY-454/4,489.7,Government,1,0
PCL-LG-TS-0205-01,LG-TS-0205,SY-783/1,21.5,Private,1,0
PCL-LG-TS-0205-02,LG-TS-0205,SY-186/2,21.5,Private,0,1
PCL-LG-TS-0205-03,LG-TS-0205,SY-291/3,21.5,Government,1,1
PCL-LG-TS-0205-04,LG-TS-0205,SY-500/4,21.5,Forest,1,0
PCL-LG-TS-0205-05,LG-TS-0205,SY-103/5,21.5,Forest,1,0
PCL-LG-TS-0205-06,LG-TS-0205,SY-503/6,21.5,Forest,1,0
PCL-LG-TR-0206-01,LG-TR-0206,SY-397/1,309.64,Forest,1,0
PCL-LG-TR-0206-02,LG-TR-0206,SY-866/2,309.64,Community,1,0
PCL-LG-TR-0206-03,LG-TR-0206,SY-250/3,309.64,Government,1,1
PCL-LG-TR-0206-04,LG-TR-0206,SY-157/4,309.64,Community,1,0
PCL-LG-TR-0206-05,LG-TR-0206,SY-552/5,309.64,Community,1,0
PCL-LG-UP-0207-01,LG-UP-0207,SY-572/1,271.25,Private,0,1
PCL-LG-UP-0207-02,LG-UP-0207,SY-427/2,271.25,Community,1,0
PCL-LG-UP-0207-03,LG-UP-0207,SY-716/3,271.25,Government,1,1
PCL-LG-UP-0207-04,LG-UP-0207,SY-868/4,271.25,Forest,1,0
PCL-LG-UK-0208-01,LG-UK-0208,SY-144/1,220.9,Private,1,1
PCL-LG-UK-0208-02,LG-UK-0208,SY-533/2,220.9,Government,1,0
PCL-LG-UK-0208-03,LG-UK-0208,SY-626/3,220.9,Community,0,0
PCL-LG-WB-0209-01,LG-WB-0209,SY-390/1,386.88,Community,1,1
PCL-LG-WB-0209-02,LG-WB-0209,SY-523/2,386.88,Private,0,0
PCL-LG-WB-0209-03,LG-WB-0209,SY-666/3,386.88,Forest,0,1
PCL-LG-WB-0209-04,LG-WB-0209,SY-128/4,386.88,Government,1,0
PCL-LG-WB-0209-05,LG-WB-0209,SY-922/5,386.88,Community,1,0
PCL-LG-AN-0210-01,LG-AN-0210,SY-828/1,552.83,Forest,0,0
PCL-LG-AN-0210-02,LG-AN-0210,SY-764/2,552.83,Community,1,0
PCL-LG-AN-0210-03,LG-AN-0210,SY-442/3,552.83,Forest,0,1
PCL-LG-AN-0210-04,LG-AN-0210,SY-305/4,552.83,Forest,1,0
PCL-LG-CH-0211-01,LG-CH-0211,SY-606/1,377.18,Government,1,0
PCL-LG-CH-0211-02,LG-CH-0211,SY-937/2,377.18,Forest,1,1
PCL-LG-CH-0211-03,LG-CH-0211,SY-963/3,377.18,Community,0,1
PCL-LG-CH-0211-04,LG-CH-0211,SY-790/4,377.18,Community,1,1
PCL-LG-CH-0211-05,LG-CH-0211,SY-936/5,377.18,Forest,0,0
PCL-LG-DH-0212-01,LG-DH-0212,SY-112/1,304.0,Private,1,1
PCL-LG-DH-0212-02,LG-DH-0212,SY-324/2,304.0,Community,1,0
PCL-LG-DH-0212-03,LG-DH-0212,SY-286/3,304.0,Community,1,1
PCL-LG-DH-0212-04,LG-DH-0212,SY-362/4,304.0,Government,1,0
PCL-LG-DH-0212-05,LG-DH-0212,SY-677/5,304.0,Government,1,0
PCL-LG-DH-0212-06,LG-DH-0212,SY-433/6,304.0,Private,1,0
PCL-LG-DL-0213-01,LG-DL-0213,SY-591/1,401.78,Forest,1,0
PCL-LG-DL-0213-02,LG-DL-0213,SY-756/2,401.78,Government,1,0
PCL-LG-DL-0213-03,LG-DL-0213,SY-506/3,401.78,Community,1,0
PCL-LG-DL-0213-04,LG-DL-0213,SY-171/4,401.78,Forest,1,0
PCL-LG-DL-0213-05,LG-DL-0213,SY-414/5,401.78,Government,1,0
PCL-LG-JK-0214-01,LG-JK-0214,SY-966/1,122.83,Community,1,1
PCL-LG-JK-0214-02,LG-JK-0214,SY-179/2,122.83,Government,0,0
PCL-LG-JK-0214-03,LG-JK-0214,SY-283/3,122.83,Government,1,0
PCL-LG-JK-0214-04,LG-JK-0214,SY-734/4,122.83,Government,1,1
PCL-LG-JK-0214-05,LG-JK-0214,SY-875/5,122.83,Government,1,1
PCL-LG-JK-0214-06,LG-JK-0214,SY-294/6,122.83,Government,1,1
PCL-LG-JK-0214-07,LG-JK-0214,SY-753/7,122.83,Forest,1,0
PCL-LG-LA-0215-01,LG-LA-0215,SY-789/1,303.2,Forest,0,0
PCL-LG-LA-0215-02,LG-LA-0215,SY-670/2,303.2,Forest,1,0
PCL-LG-LA-0215-03,LG-LA-0215,SY-924/3,303.2,Community,1,0
PCL-LG-LA-0215-04,LG-LA-0215,SY-717/4,303.2,Private,0,1
PCL-LG-LA-0215-05,LG-LA-0215,SY-317/5,303.2,Forest,0,0
PCL-LG-LA-0215-06,LG-LA-0215,SY-568/6,303.2,Private,1,0
PCL-LG-LA-0215-07,LG-LA-0215,SY-617/7,303.2,Government,1,0
PCL-LG-LA-0215-08,LG-LA-0215,SY-508/8,303.2,Community,0,0
PCL-LG-LD-0216-01,LG-LD-0216,SY-416/1,46.43,Government,0,1
PCL-LG-LD-0216-02,LG-LD-0216,SY-939/2,46.43,Private,1,0
PCL-LG-LD-0216-03,LG-LD-0216,SY-630/3,46.43,Community,1,1
PCL-LG-LD-0216-04,LG-LD-0216,SY-861/4,46.43,Forest,1,1
PCL-LG-LD-0216-05,LG-LD-0216,SY-434/5,46.43,Forest,1,0
PCL-LG-LD-0216-06,LG-LD-0216,SY-906/6,46.43,Community,1,1
PCL-LG-LD-0216-07,LG-LD-0216,SY-588/7,46.43,Government,0,0
PCL-LG-PY-0217-01,LG-PY-0217,SY-868/1,115.99,Government,1,0
PCL-LG-PY-0217-02,LG-PY-0217,SY-435/2,115.99,Community,1,0
PCL-LG-PY-0217-03,LG-PY-0217,SY-350/3,115.99,Forest,0,1
PCL-LG-PY-0217-04,LG-PY-0217,SY-939/4,115.99,Government,0,0
PCL-LG-PY-0217-05,LG-PY-0217,SY-845/5,115.99,Forest,0,0
PCL-LG-PY-0217-06,LG-PY-0217,SY-297/6,115.99,Government,1,1
PCL-LG-PY-0217-07,LG-PY-0217,SY-357/7,115.99,Community,0,0
PCL-LG-AP-0218-01,LG-AP-0218,SY-147/1,185.37,Forest,1,0
PCL-LG-AP-0218-02,LG-AP-0218,SY-713/2,185.37,Community,1,1
PCL-LG-AP-0218-03,LG-AP-0218,SY-149/3,185.37,Community,0,0
PCL-LG-AR-0219-01,LG-AR-0219,SY-933/1,222.86,Community,0,1
PCL-LG-AR-0219-02,LG-AR-0219,SY-273/2,222.86,Forest,1,1
PCL-LG-AR-0219-03,LG-AR-0219,SY-360/3,222.86,Private,1,1
PCL-LG-AR-0219-04,LG-AR-0219,SY-915/4,222.86,Forest,1,1
PCL-LG-AR-0219-05,LG-AR-0219,SY-537/5,222.86,Forest,0,0
PCL-LG-AR-0219-06,LG-AR-0219,SY-335/6,222.86,Forest,1,0
PCL-LG-AR-0219-07,LG-AR-0219,SY-970/7,222.86,Government,1,0
PCL-LG-AS-0220-01,LG-AS-0220,SY-353/1,144.37,Private,1,0
PCL-LG-AS-0220-02,LG-AS-0220,SY-693/2,144.37,Government,1,0
PCL-LG-AS-0220-03,LG-AS-0220,SY-530/3,144.37,Private,1,1
PCL-LG-AS-0220-04,LG-AS-0220,SY-952/4,144.37,Government,0,0
PCL-LG-AS-0220-05,LG-AS-0220,SY-716/5,144.37,Government,1,0
PCL-LG-AS-0220-06,LG-AS-0220,SY-894/6,144.37,Government,1,0
PCL-LG-AS-0220-07,LG-AS-0220,SY-178/7,144.37,Community,1,0
PCL-LG-BR-0221-01,LG-BR-0221,SY-882/1,198.93,Forest,1,0
PCL-LG-BR-0221-02,LG-BR-0221,SY-106/2,198.93,Government,1,1
PCL-LG-BR-0221-03,LG-BR-0221,SY-201/3,198.93,Forest,1,0
PCL-LG-BR-0221-04,LG-BR-0221,SY-174/4,198.93,Government,1,0
PCL-LG-BR-0221-05,LG-BR-0221,SY-752/5,198.93,Government,1,0
PCL-LG-BR-0221-06,LG-BR-0221,SY-886/6,198.93,Private,1,0
PCL-LG-BR-0221-07,LG-BR-0221,SY-271/7,198.93,Community,1,0
PCL-LG-CG-0222-01,LG-CG-0222,SY-225/1,213.05,Community,0,0
PCL-LG-CG-0222-02,LG-CG-0222,SY-135/2,213.05,Private,1,1
PCL-LG-CG-0222-03,LG-CG-0222,SY-456/3,213.05,Private,1,0
PCL-LG-CG-0222-04,LG-CG-0222,SY-779/4,213.05,Community,0,1
PCL-LG-GA-0223-01,LG-GA-0223,SY-508/1,425.34,Private,1,1
PCL-LG-GA-0223-02,LG-GA-0223,SY-105/2,425.34,Private,1,0
PCL-LG-GA-0223-03,LG-GA-0223,SY-485/3,425.34,Forest,1,0
PCL-LG-GA-0223-04,LG-GA-0223,SY-401/4,425.34,Forest,1,0
PCL-LG-GA-0223-05,LG-GA-0223,SY-323/5,425.34,Community,1,0
PCL-LG-GJ-0224-01,LG-GJ-0224,SY-420/1,142.67,Forest,0,0
PCL-LG-GJ-0224-02,LG-GJ-0224,SY-545/2,142.67,Private,1,0
PCL-LG-GJ-0224-03,LG-GJ-0224,SY-741/3,142.67,Private,0,0
PCL-LG-HR-0225-01,LG-HR-0225,SY-594/1,126.3,Government,1,0
PCL-LG-HR-0225-02,LG-HR-0225,SY-964/2,126.3,Forest,1,0
PCL-LG-HR-0225-03,LG-HR-0225,SY-738/3,126.3,Government,1,1
PCL-LG-HR-0225-04,LG-HR-0225,SY-844/4,126.3,Government,1,1
PCL-LG-HP-0226-01,LG-HP-0226,SY-681/1,215.75,Private,1,0
PCL-LG-HP-0226-02,LG-HP-0226,SY-271/2,215.75,Private,0,1
PCL-LG-HP-0226-03,LG-HP-0226,SY-797/3,215.75,Private,1,0
PCL-LG-HP-0226-04,LG-HP-0226,SY-981/4,215.75,Government,1,0
PCL-LG-HP-0226-05,LG-HP-0226,SY-814/5,215.75,Private,1,0
PCL-LG-HP-0226-06,LG-HP-0226,SY-799/6,215.75,Forest,1,1
PCL-LG-HP-0226-07,LG-HP-0226,SY-561/7,215.75,Community,1,0
PCL-LG-HP-0226-08,LG-HP-0226,SY-251/8,215.75,Private,1,0
PCL-LG-JH-0227-01,LG-JH-0227,SY-214/1,188.18,Private,0,0
PCL-LG-JH-0227-02,LG-JH-0227,SY-677/2,188.18,Forest,1,0
PCL-LG-JH-0227-03,LG-JH-0227,SY-641/3,188.18,Government,1,0
PCL-LG-JH-0227-04,LG-JH-0227,SY-605/4,188.18,Private,1,1
PCL-LG-KA-0228-01,LG-KA-0228,SY-510/1,820.33,Community,1,0
PCL-LG-KA-0228-02,LG-KA-0228,SY-922/2,820.33,Community,0,1
PCL-LG-KA-0228-03,LG-KA-0228,SY-649/3,820.33,Community,1,1
PCL-LG-KL-0229-01,LG-KL-0229,SY-283/1,574.87,Forest,1,0
PCL-LG-KL-0229-02,LG-KL-0229,SY-293/2,574.87,Community,1,0
PCL-LG-KL-0229-03,LG-KL-0229,SY-542/3,574.87,Community,1,0
PCL-LG-MP-0230-01,LG-MP-0230,SY-275/1,486.05,Private,1,0
PCL-LG-MP-0230-02,LG-MP-0230,SY-594/2,486.05,Forest,1,1
PCL-LG-MP-0230-03,LG-MP-0230,SY-977/3,486.05,Private,1,1
PCL-LG-MP-0230-04,LG-MP-0230,SY-112/4,486.05,Forest,1,0
PCL-LG-MH-0231-01,LG-MH-0231,SY-634/1,254.97,Forest,1,0
PCL-LG-MH-0231-02,LG-MH-0231,SY-780/2,254.97,Forest,1,0
PCL-LG-MH-0231-03,LG-MH-0231,SY-430/3,254.97,Forest,1,1
PCL-LG-MH-0231-04,LG-MH-0231,SY-365/4,254.97,Forest,1,1
PCL-LG-MH-0231-05,LG-MH-0231,SY-398/5,254.97,Community,0,0
PCL-LG-MH-0231-06,LG-MH-0231,SY-163/6,254.97,Government,0,1
PCL-LG-MH-0231-07,LG-MH-0231,SY-356/7,254.97,Community,0,1
PCL-LG-MN-0232-01,LG-MN-0232,SY-150/1,113.78,Private,1,0
PCL-LG-MN-0232-02,LG-MN-0232,SY-766/2,113.78,Community,0,0
PCL-LG-MN-0232-03,LG-MN-0232,SY-775/3,113.78,Forest,1,0
PCL-LG-MN-0232-04,LG-MN-0232,SY-622/4,113.78,Government,1,0
PCL-LG-MN-0232-05,LG-MN-0232,SY-835/5,113.78,Private,1,0
PCL-LG-MN-0232-06,LG-MN-0232,SY-267/6,113.78,Community,1,0
PCL-LG-ML-0233-01,LG-ML-0233,SY-709/1,209.79,Community,1,1
PCL-LG-ML-0233-02,LG-ML-0233,SY-240/2,209.79,Government,1,0
PCL-LG-ML-0233-03,LG-ML-0233,SY-967/3,209.79,Government,1,0
PCL-LG-ML-0233-04,LG-ML-0233,SY-469/4,209.79,Private,1,0
PCL-LG-ML-0233-05,LG-ML-0233,SY-164/5,209.79,Government,1,0
PCL-LG-ML-0233-06,LG-ML-0233,SY-537/6,209.79,Government,0,1
PCL-LG-ML-0233-07,LG-ML-0233,SY-131/7,209.79,Private,1,0
PCL-LG-ML-0233-08,LG-ML-0233,SY-130/8,209.79,Government,1,0
PCL-LG-MZ-0234-01,LG-MZ-0234,SY-422/1,226.63,Private,1,1
PCL-LG-MZ-0234-02,LG-MZ-0234,SY-580/2,226.63,Forest,0,0
PCL-LG-MZ-0234-03,LG-MZ-0234,SY-836/3,226.63,Private,0,0
PCL-LG-MZ-0234-04,LG-MZ-0234,SY-784/4,226.63,Community,1,1
PCL-LG-MZ-0234-05,LG-MZ-0234,SY-460/5,226.63,Community,0,1
PCL-LG-MZ-0234-06,LG-MZ-0234,SY-669/6,226.63,Community,1,1
PCL-LG-NL-0235-01,LG-NL-0235,SY-191/1,25.54,Government,1,0
PCL-LG-NL-0235-02,LG-NL-0235,SY-558/2,25.54,Private,1,1
PCL-LG-NL-0235-03,LG-NL-0235,SY-404/3,25.54,Private,1,1
PCL-LG-NL-0235-04,LG-NL-0235,SY-773/4,25.54,Private,1,0
PCL-LG-NL-0235-05,LG-NL-0235,SY-202/5,25.54,Forest,1,1
PCL-LG-NL-0235-06,LG-NL-0235,SY-516/6,25.54,Community,0,0
PCL-LG-NL-0235-07,LG-NL-0235,SY-549/7,25.54,Community,1,1
PCL-LG-NL-0235-08,LG-NL-0235,SY-981/8,25.54,Forest,1,0
PCL-LG-OD-0236-01,LG-OD-0236,SY-508/1,92.09,Private,1,0
PCL-LG-OD-0236-02,LG-OD-0236,SY-139/2,92.09,Government,1,0
PCL-LG-OD-0236-03,LG-OD-0236,SY-532/3,92.09,Forest,1,0
PCL-LG-OD-0236-04,LG-OD-0236,SY-594/4,92.09,Community,1,0
PCL-LG-OD-0236-05,LG-OD-0236,SY-256/5,92.09,Government,1,0
PCL-LG-OD-0236-06,LG-OD-0236,SY-820/6,92.09,Forest,1,0
PCL-LG-OD-0236-07,LG-OD-0236,SY-562/7,92.09,Government,0,0
PCL-LG-PB-0237-01,LG-PB-0237,SY-239/1,187.89,Forest,1,1
PCL-LG-PB-0237-02,LG-PB-0237,SY-252/2,187.89,Private,1,1
PCL-LG-PB-0237-03,LG-PB-0237,SY-702/3,187.89,Government,1,1
PCL-LG-PB-0237-04,LG-PB-0237,SY-677/4,187.89,Community,1,0
PCL-LG-PB-0237-05,LG-PB-0237,SY-825/5,187.89,Community,1,0
PCL-LG-PB-0237-06,LG-PB-0237,SY-275/6,187.89,Government,1,1
PCL-LG-PB-0237-07,LG-PB-0237,SY-842/7,187.89,Forest,0,1
PCL-LG-PB-0237-08,LG-PB-0237,SY-742/8,187.89,Private,1,1
PCL-LG-RJ-0238-01,LG-RJ-0238,SY-130/1,349.82,Government,0,1
PCL-LG-RJ-0238-02,LG-RJ-0238,SY-533/2,349.82,Government,1,0
PCL-LG-RJ-0238-03,LG-RJ-0238,SY-393/3,349.82,Forest,1,0
PCL-LG-RJ-0238-04,LG-RJ-0238,SY-793/4,349.82,Community,1,1
PCL-LG-RJ-0238-05,LG-RJ-0238,SY-670/5,349.82,Government,1,1
PCL-LG-SK-0239-01,LG-SK-0239,SY-915/1,360.62,Forest,1,1
PCL-LG-SK-0239-02,LG-SK-0239,SY-345/2,360.62,Private,0,1
PCL-LG-SK-0239-03,LG-SK-0239,SY-564/3,360.62,Community,1,0
PCL-LG-SK-0239-04,LG-SK-0239,SY-584/4,360.62,Government,1,0
PCL-LG-SK-0239-05,LG-SK-0239,SY-950/5,360.62,Government,1,0
PCL-LG-SK-0239-06,LG-SK-0239,SY-499/6,360.62,Government,1,0
PCL-LG-TN-0240-01,LG-TN-0240,SY-534/1,50.97,Government,1,0
PCL-LG-TN-0240-02,LG-TN-0240,SY-898/2,50.97,Private,1,0
PCL-LG-TN-0240-03,LG-TN-0240,SY-807/3,50.97,Government,1,0
PCL-LG-TN-0240-04,LG-TN-0240,SY-507/4,50.97,Government,1,1
PCL-LG-TN-0240-05,LG-TN-0240,SY-451/5,50.97,Government,0,0
PCL-LG-TN-0240-06,LG-TN-0240,SY-510/6,50.97,Government,0,0
PCL-LG-TS-0241-01,LG-TS-0241,SY-299/1,101.28,Forest,0,0
PCL-LG-TS-0241-02,LG-TS-0241,SY-390/2,101.28,Forest,1,0
PCL-LG-TS-0241-03,LG-TS-0241,SY-471/3,101.28,Private,1,0
PCL-LG-TS-0241-04,LG-TS-0241,SY-377/4,101.28,Forest,1,0
PCL-LG-TR-0242-01,LG-TR-0242,SY-207/1,87.3,Community,1,0
PCL-LG-TR-0242-02,LG-TR-0242,SY-689/2,87.3,Forest,1,1
PCL-LG-TR-0242-03,LG-TR-0242,SY-440/3,87.3,Community,1,0
PCL-LG-UP-0243-01,LG-UP-0243,SY-746/1,386.17,Forest,1,1
PCL-LG-UP-0243-02,LG-UP-0243,SY-886/2,386.17,Forest,0,0
PCL-LG-UP-0243-03,LG-UP-0243,SY-617/3,386.17,Private,1,0
PCL-LG-UK-0244-01,LG-UK-0244,SY-739/1,443.65,Private,1,0
PCL-LG-UK-0244-02,LG-UK-0244,SY-379/2,443.65,Community,1,0
PCL-LG-UK-0244-03,LG-UK-0244,SY-776/3,443.65,Community,1,0
PCL-LG-UK-0244-04,LG-UK-0244,SY-700/4,443.65,Community,1,0
PCL-LG-WB-0245-01,LG-WB-0245,SY-845/1,157.97,Government,1,0
PCL-LG-WB-0245-02,LG-WB-0245,SY-767/2,157.97,Community,1,1
PCL-LG-WB-0245-03,LG-WB-0245,SY-683/3,157.97,Private,1,0
PCL-LG-WB-0245-04,LG-WB-0245,SY-974/4,157.97,Private,1,0
PCL-LG-WB-0245-05,LG-WB-0245,SY-423/5,157.97,Private,1,0
PCL-LG-WB-0245-06,LG-WB-0245,SY-766/6,157.97,Private,1,0
PCL-LG-AN-0246-01,LG-AN-0246,SY-682/1,298.18,Government,1,0
PCL-LG-AN-0246-02,LG-AN-0246,SY-447/2,298.18,Community,1,0
PCL-LG-AN-0246-03,LG-AN-0246,SY-432/3,298.18,Government,1,0
PCL-LG-AN-0246-04,LG-AN-0246,SY-841/4,298.18,Private,1,0
PCL-LG-AN-0246-05,LG-AN-0246,SY-514/5,298.18,Forest,1,1
PCL-LG-AN-0246-06,LG-AN-0246,SY-589/6,298.18,Community,1,0
PCL-LG-CH-0247-01,LG-CH-0247,SY-862/1,192.07,Private,1,0
PCL-LG-CH-0247-02,LG-CH-0247,SY-747/2,192.07,Community,1,0
PCL-LG-CH-0247-03,LG-CH-0247,SY-530/3,192.07,Community,1,1
PCL-LG-CH-0247-04,LG-CH-0247,SY-127/4,192.07,Community,0,0
PCL-LG-DH-0248-01,LG-DH-0248,SY-556/1,281.35,Forest,1,0
PCL-LG-DH-0248-02,LG-DH-0248,SY-918/2,281.35,Private,0,1
PCL-LG-DH-0248-03,LG-DH-0248,SY-816/3,281.35,Private,0,0
PCL-LG-DH-0248-04,LG-DH-0248,SY-109/4,281.35,Community,1,0
PCL-LG-DH-0248-05,LG-DH-0248,SY-548/5,281.35,Private,1,1
PCL-LG-DH-0248-06,LG-DH-0248,SY-109/6,281.35,Private,1,0
PCL-LG-DH-0248-07,LG-DH-0248,SY-426/7,281.35,Private,1,1
PCL-LG-DH-0248-08,LG-DH-0248,SY-295/8,281.35,Private,0,0
PCL-LG-DL-0249-01,LG-DL-0249,SY-360/1,167.33,Private,1,0
PCL-LG-DL-0249-02,LG-DL-0249,SY-269/2,167.33,Community,1,1
PCL-LG-DL-0249-03,LG-DL-0249,SY-236/3,167.33,Private,1,0
PCL-LG-JK-0250-01,LG-JK-0250,SY-500/1,125.69,Private,1,1
PCL-LG-JK-0250-02,LG-JK-0250,SY-818/2,125.69,Forest,1,0
PCL-LG-JK-0250-03,LG-JK-0250,SY-137/3,125.69,Community,0,0
PCL-LG-JK-0250-04,LG-JK-0250,SY-732/4,125.69,Community,1,0
PCL-LG-JK-0250-05,LG-JK-0250,SY-133/5,125.69,Private,1,0
PCL-LG-JK-0250-06,LG-JK-0250,SY-186/6,125.69,Forest,1,0
PCL-LG-JK-0250-07,LG-JK-0250,SY-363/7,125.69,Community,1,1
PCL-LG-LA-0251-01,LG-LA-0251,SY-328/1,87.73,Community,1,0
PCL-LG-LA-0251-02,LG-LA-0251,SY-822/2,87.73,Community,1,1
PCL-LG-LA-0251-03,LG-LA-0251,SY-462/3,87.73,Forest,1,1
PCL-LG-LA-0251-04,LG-LA-0251,SY-821/4,87.73,Forest,1,0
PCL-LG-LA-0251-05,LG-LA-0251,SY-431/5,87.73,Community,0,0
PCL-LG-LA-0251-06,LG-LA-0251,SY-871/6,87.73,Community,1,1
PCL-LG-LD-0252-01,LG-LD-0252,SY-129/1,97.97,Forest,1,0
PCL-LG-LD-0252-02,LG-LD-0252,SY-589/2,97.97,Community,1,0
PCL-LG-LD-0252-03,LG-LD-0252,SY-554/3,97.97,Community,1,0
PCL-LG-LD-0252-04,LG-LD-0252,SY-419/4,97.97,Private,1,0
PCL-LG-PY-0253-01,LG-PY-0253,SY-323/1,180.07,Forest,1,0
PCL-LG-PY-0253-02,LG-PY-0253,SY-104/2,180.07,Forest,1,1
PCL-LG-PY-0253-03,LG-PY-0253,SY-157/3,180.07,Government,1,0
PCL-LG-PY-0253-04,LG-PY-0253,SY-859/4,180.07,Private,1,1
PCL-LG-PY-0253-05,LG-PY-0253,SY-464/5,180.07,Community,0,0
PCL-LG-PY-0253-06,LG-PY-0253,SY-833/6,180.07,Private,0,0
PCL-LG-PY-0253-07,LG-PY-0253,SY-465/7,180.07,Forest,0,0
PCL-LG-AP-0254-01,LG-AP-0254,SY-597/1,812.3,Forest,1,0
PCL-LG-AP-0254-02,LG-AP-0254,SY-189/2,812.3,Private,1,1
PCL-LG-AP-0254-03,LG-AP-0254,SY-397/3,812.3,Government,0,0
PCL-LG-AR-0255-01,LG-AR-0255,SY-240/1,240.44,Community,1,1
PCL-LG-AR-0255-02,LG-AR-0255,SY-392/2,240.44,Private,1,0
PCL-LG-AR-0255-03,LG-AR-0255,SY-975/3,240.44,Forest,1,1
PCL-LG-AR-0255-04,LG-AR-0255,SY-400/4,240.44,Private,1,1
PCL-LG-AR-0255-05,LG-AR-0255,SY-748/5,240.44,Government,1,0
PCL-LG-AR-0255-06,LG-AR-0255,SY-482/6,240.44,Government,1,0
PCL-LG-AR-0255-07,LG-AR-0255,SY-920/7,240.44,Forest,1,0
PCL-LG-AR-0255-08,LG-AR-0255,SY-891/8,240.44,Community,1,0
PCL-LG-AS-0256-01,LG-AS-0256,SY-840/1,178.75,Community,1,0
PCL-LG-AS-0256-02,LG-AS-0256,SY-569/2,178.75,Government,0,0
PCL-LG-AS-0256-03,LG-AS-0256,SY-673/3,178.75,Forest,1,0
PCL-LG-AS-0256-04,LG-AS-0256,SY-177/4,178.75,Government,1,0
PCL-LG-AS-0256-05,LG-AS-0256,SY-937/5,178.75,Forest,0,0
PCL-LG-AS-0256-06,LG-AS-0256,SY-912/6,178.75,Private,1,1
PCL-LG-BR-0257-01,LG-BR-0257,SY-924/1,16.02,Forest,1,0
PCL-LG-BR-0257-02,LG-BR-0257,SY-972/2,16.02,Community,1,1
PCL-LG-BR-0257-03,LG-BR-0257,SY-380/3,16.02,Community,1,0
PCL-LG-BR-0257-04,LG-BR-0257,SY-314/4,16.02,Community,0,0
PCL-LG-BR-0257-05,LG-BR-0257,SY-794/5,16.02,Private,1,0
PCL-LG-BR-0257-06,LG-BR-0257,SY-939/6,16.02,Government,1,0
PCL-LG-CG-0258-01,LG-CG-0258,SY-548/1,147.8,Private,1,1
PCL-LG-CG-0258-02,LG-CG-0258,SY-368/2,147.8,Private,1,1
PCL-LG-CG-0258-03,LG-CG-0258,SY-831/3,147.8,Private,1,0
PCL-LG-GA-0259-01,LG-GA-0259,SY-524/1,523.77,Forest,0,0
PCL-LG-GA-0259-02,LG-GA-0259,SY-326/2,523.77,Forest,1,1
PCL-LG-GA-0259-03,LG-GA-0259,SY-306/3,523.77,Community,0,1
PCL-LG-GA-0259-04,LG-GA-0259,SY-353/4,523.77,Forest,1,1
PCL-LG-GJ-0260-01,LG-GJ-0260,SY-527/1,281.42,Private,1,0
PCL-LG-GJ-0260-02,LG-GJ-0260,SY-840/2,281.42,Community,1,0
PCL-LG-GJ-0260-03,LG-GJ-0260,SY-377/3,281.42,Private,1,0
PCL-LG-GJ-0260-04,LG-GJ-0260,SY-122/4,281.42,Community,1,0
PCL-LG-GJ-0260-05,LG-GJ-0260,SY-369/5,281.42,Community,1,0
PCL-LG-HR-0261-01,LG-HR-0261,SY-713/1,215.39,Community,0,0
PCL-LG-HR-0261-02,LG-HR-0261,SY-559/2,215.39,Government,1,1
PCL-LG-HR-0261-03,LG-HR-0261,SY-491/3,215.39,Forest,1,1
PCL-LG-HR-0261-04,LG-HR-0261,SY-323/4,215.39,Private,1,0
PCL-LG-HR-0261-05,LG-HR-0261,SY-828/5,215.39,Private,0,0
PCL-LG-HR-0261-06,LG-HR-0261,SY-923/6,215.39,Community,1,0
PCL-LG-HR-0261-07,LG-HR-0261,SY-307/7,215.39,Government,1,1
PCL-LG-HP-0262-01,LG-HP-0262,SY-398/1,371.52,Forest,1,1
PCL-LG-HP-0262-02,LG-HP-0262,SY-765/2,371.52,Forest,1,0
PCL-LG-HP-0262-03,LG-HP-0262,SY-768/3,371.52,Community,1,1
PCL-LG-HP-0262-04,LG-HP-0262,SY-285/4,371.52,Private,1,0
PCL-LG-HP-0262-05,LG-HP-0262,SY-327/5,371.52,Community,1,1
PCL-LG-JH-0263-01,LG-JH-0263,SY-800/1,619.3,Private,1,1
PCL-LG-JH-0263-02,LG-JH-0263,SY-346/2,619.3,Community,0,1
PCL-LG-JH-0263-03,LG-JH-0263,SY-840/3,619.3,Community,0,0
PCL-LG-JH-0263-04,LG-JH-0263,SY-901/4,619.3,Community,0,0
PCL-LG-KA-0264-01,LG-KA-0264,SY-450/1,260.25,Community,0,0
PCL-LG-KA-0264-02,LG-KA-0264,SY-465/2,260.25,Forest,1,0
PCL-LG-KA-0264-03,LG-KA-0264,SY-732/3,260.25,Private,1,0
PCL-LG-KA-0264-04,LG-KA-0264,SY-616/4,260.25,Private,1,1
PCL-LG-KA-0264-05,LG-KA-0264,SY-356/5,260.25,Government,1,1
PCL-LG-KA-0264-06,LG-KA-0264,SY-839/6,260.25,Private,1,0
PCL-LG-KL-0265-01,LG-KL-0265,SY-490/1,570.12,Government,1,0
PCL-LG-KL-0265-02,LG-KL-0265,SY-310/2,570.12,Government,1,1
PCL-LG-KL-0265-03,LG-KL-0265,SY-733/3,570.12,Government,1,1
PCL-LG-KL-0265-04,LG-KL-0265,SY-355/4,570.12,Government,1,0
PCL-LG-MP-0266-01,LG-MP-0266,SY-795/1,311.26,Private,1,1
PCL-LG-MP-0266-02,LG-MP-0266,SY-632/2,311.26,Forest,1,1
PCL-LG-MP-0266-03,LG-MP-0266,SY-904/3,311.26,Private,0,0
PCL-LG-MP-0266-04,LG-MP-0266,SY-246/4,311.26,Community,1,0
PCL-LG-MP-0266-05,LG-MP-0266,SY-542/5,311.26,Government,0,0
PCL-LG-MH-0267-01,LG-MH-0267,SY-550/1,333.22,Forest,1,0
PCL-LG-MH-0267-02,LG-MH-0267,SY-747/2,333.22,Private,1,0
PCL-LG-MH-0267-03,LG-MH-0267,SY-934/3,333.22,Community,0,0
PCL-LG-MH-0267-04,LG-MH-0267,SY-209/4,333.22,Community,1,1
PCL-LG-MH-0267-05,LG-MH-0267,SY-350/5,333.22,Forest,1,0
PCL-LG-MH-0267-06,LG-MH-0267,SY-813/6,333.22,Community,1,0
PCL-LG-MN-0268-01,LG-MN-0268,SY-697/1,159.72,Forest,1,0
PCL-LG-MN-0268-02,LG-MN-0268,SY-680/2,159.72,Forest,0,0
PCL-LG-MN-0268-03,LG-MN-0268,SY-453/3,159.72,Government,1,0
PCL-LG-MN-0268-04,LG-MN-0268,SY-334/4,159.72,Forest,1,0
PCL-LG-ML-0269-01,LG-ML-0269,SY-886/1,272.5,Private,1,0
PCL-LG-ML-0269-02,LG-ML-0269,SY-659/2,272.5,Government,1,1
PCL-LG-ML-0269-03,LG-ML-0269,SY-884/3,272.5,Private,1,1
PCL-LG-ML-0269-04,LG-ML-0269,SY-466/4,272.5,Private,0,1
PCL-LG-ML-0269-05,LG-ML-0269,SY-842/5,272.5,Forest,1,1
PCL-LG-ML-0269-06,LG-ML-0269,SY-823/6,272.5,Forest,1,0
PCL-LG-MZ-0270-01,LG-MZ-0270,SY-400/1,166.1,Forest,0,0
PCL-LG-MZ-0270-02,LG-MZ-0270,SY-885/2,166.1,Forest,1,0
PCL-LG-MZ-0270-03,LG-MZ-0270,SY-944/3,166.1,Private,1,0
PCL-LG-MZ-0270-04,LG-MZ-0270,SY-174/4,166.1,Forest,1,0
PCL-LG-MZ-0270-05,LG-MZ-0270,SY-993/5,166.1,Government,0,0
PCL-LG-MZ-0270-06,LG-MZ-0270,SY-651/6,166.1,Forest,1,0
PCL-LG-MZ-0270-07,LG-MZ-0270,SY-605/7,166.1,Private,1,1
PCL-LG-MZ-0270-08,LG-MZ-0270,SY-702/8,166.1,Community,0,1
PCL-LG-NL-0271-01,LG-NL-0271,SY-454/1,220.51,Private,1,1
PCL-LG-NL-0271-02,LG-NL-0271,SY-408/2,220.51,Community,0,0
PCL-LG-NL-0271-03,LG-NL-0271,SY-866/3,220.51,Government,0,0
PCL-LG-NL-0271-04,LG-NL-0271,SY-246/4,220.51,Forest,1,1
PCL-LG-NL-0271-05,LG-NL-0271,SY-231/5,220.51,Private,1,1
PCL-LG-NL-0271-06,LG-NL-0271,SY-417/6,220.51,Private,0,0
PCL-LG-NL-0271-07,LG-NL-0271,SY-828/7,220.51,Private,0,0
PCL-LG-NL-0271-08,LG-NL-0271,SY-376/8,220.51,Community,1,1
PCL-LG-OD-0272-01,LG-OD-0272,SY-208/1,250.45,Community,1,0
PCL-LG-OD-0272-02,LG-OD-0272,SY-779/2,250.45,Forest,1,1
PCL-LG-OD-0272-03,LG-OD-0272,SY-599/3,250.45,Government,1,0
PCL-LG-OD-0272-04,LG-OD-0272,SY-374/4,250.45,Forest,0,0
PCL-LG-PB-0273-01,LG-PB-0273,SY-599/1,451.9,Forest,1,1
PCL-LG-PB-0273-02,LG-PB-0273,SY-283/2,451.9,Government,1,1
PCL-LG-PB-0273-03,LG-PB-0273,SY-872/3,451.9,Community,0,1
PCL-LG-PB-0273-04,LG-PB-0273,SY-614/4,451.9,Forest,1,0
PCL-LG-RJ-0274-01,LG-RJ-0274,SY-153/1,54.59,Community,0,1
PCL-LG-RJ-0274-02,LG-RJ-0274,SY-620/2,54.59,Private,1,0
PCL-LG-RJ-0274-03,LG-RJ-0274,SY-860/3,54.59,Community,1,1
PCL-LG-RJ-0274-04,LG-RJ-0274,SY-432/4,54.59,Forest,0,1
PCL-LG-RJ-0274-05,LG-RJ-0274,SY-526/5,54.59,Private,0,0
PCL-LG-RJ-0274-06,LG-RJ-0274,SY-673/6,54.59,Forest,1,1
PCL-LG-RJ-0274-07,LG-RJ-0274,SY-345/7,54.59,Community,1,0
PCL-LG-RJ-0274-08,LG-RJ-0274,SY-356/8,54.59,Community,1,0
PCL-LG-SK-0275-01,LG-SK-0275,SY-479/1,338.99,Forest,1,1
PCL-LG-SK-0275-02,LG-SK-0275,SY-523/2,338.99,Private,1,0
PCL-LG-SK-0275-03,LG-SK-0275,SY-312/3,338.99,Forest,0,0
PCL-LG-SK-0275-04,LG-SK-0275,SY-291/4,338.99,Government,1,0
PCL-LG-SK-0275-05,LG-SK-0275,SY-176/5,338.99,Government,1,0
PCL-LG-SK-0275-06,LG-SK-0275,SY-721/6,338.99,Community,1,1
PCL-LG-SK-0275-07,LG-SK-0275,SY-231/7,338.99,Private,1,1
PCL-LG-TN-0276-01,LG-TN-0276,SY-539/1,75.0,Community,1,1
PCL-LG-TN-0276-02,LG-TN-0276,SY-959/2,75.0,Community,0,1
PCL-LG-TN-0276-03,LG-TN-0276,SY-411/3,75.0,Community,0,1
PCL-LG-TN-0276-04,LG-TN-0276,SY-302/4,75.0,Private,0,0
PCL-LG-TN-0276-05,LG-TN-0276,SY-159/5,75.0,Forest,1,0
PCL-LG-TN-0276-06,LG-TN-0276,SY-742/6,75.0,Private,1,1
PCL-LG-TN-0276-07,LG-TN-0276,SY-309/7,75.0,Community,1,0
PCL-LG-TN-0276-08,LG-TN-0276,SY-880/8,75.0,Forest,1,0
PCL-LG-TS-0277-01,LG-TS-0277,SY-236/1,15.06,Government,1,0
PCL-LG-TS-0277-02,LG-TS-0277,SY-237/2,15.06,Community,1,0
PCL-LG-TS-0277-03,LG-TS-0277,SY-700/3,15.06,Private,1,0
PCL-LG-TS-0277-04,LG-TS-0277,SY-499/4,15.06,Government,1,1
PCL-LG-TS-0277-05,LG-TS-0277,SY-192/5,15.06,Community,1,0
PCL-LG-TR-0278-01,LG-TR-0278,SY-767/1,302.71,Private,1,1
PCL-LG-TR-0278-02,LG-TR-0278,SY-454/2,302.71,Government,0,0
PCL-LG-TR-0278-03,LG-TR-0278,SY-530/3,302.71,Government,1,0
PCL-LG-TR-0278-04,LG-TR-0278,SY-112/4,302.71,Community,1,0
PCL-LG-TR-0278-05,LG-TR-0278,SY-527/5,302.71,Community,1,1
PCL-LG-TR-0278-06,LG-TR-0278,SY-854/6,302.71,Forest,0,0
PCL-LG-TR-0278-07,LG-TR-0278,SY-482/7,302.71,Community,1,0
PCL-LG-TR-0278-08,LG-TR-0278,SY-884/8,302.71,Forest,1,0
PCL-LG-UP-0279-01,LG-UP-0279,SY-108/1,223.52,Private,1,1
PCL-LG-UP-0279-02,LG-UP-0279,SY-263/2,223.52,Community,1,0
PCL-LG-UP-0279-03,LG-UP-0279,SY-323/3,223.52,Government,1,1
PCL-LG-UP-0279-04,LG-UP-0279,SY-278/4,223.52,Community,1,1
PCL-LG-UP-0279-05,LG-UP-0279,SY-490/5,223.52,Government,1,0
PCL-LG-UK-0280-01,LG-UK-0280,SY-842/1,40.7,Government,1,0
PCL-LG-UK-0280-02,LG-UK-0280,SY-182/2,40.7,Private,1,0
PCL-LG-UK-0280-03,LG-UK-0280,SY-348/3,40.7,Private,0,1
PCL-LG-UK-0280-04,LG-UK-0280,SY-820/4,40.7,Forest,0,0
PCL-LG-UK-0280-05,LG-UK-0280,SY-777/5,40.7,Private,1,0
PCL-LG-UK-0280-06,LG-UK-0280,SY-765/6,40.7,Private,1,0
PCL-LG-UK-0280-07,LG-UK-0280,SY-771/7,40.7,Government,1,0
PCL-LG-UK-0280-08,LG-UK-0280,SY-596/8,40.7,Private,1,1
PCL-LG-WB-0281-01,LG-WB-0281,SY-534/1,124.42,Community,0,0
PCL-LG-WB-0281-02,LG-WB-0281,SY-501/2,124.42,Forest,0,0
PCL-LG-WB-0281-03,LG-WB-0281,SY-619/3,124.42,Private,1,0
PCL-LG-WB-0281-04,LG-WB-0281,SY-524/4,124.42,Forest,1,0
PCL-LG-WB-0281-05,LG-WB-0281,SY-110/5,124.42,Government,1,1
PCL-LG-WB-0281-06,LG-WB-0281,SY-603/6,124.42,Private,1,1
PCL-LG-AN-0282-01,LG-AN-0282,SY-715/1,270.62,Forest,1,0
PCL-LG-AN-0282-02,LG-AN-0282,SY-602/2,270.62,Forest,1,0
PCL-LG-AN-0282-03,LG-AN-0282,SY-748/3,270.62,Government,1,1
PCL-LG-AN-0282-04,LG-AN-0282,SY-305/4,270.62,Government,1,1
PCL-LG-AN-0282-05,LG-AN-0282,SY-451/5,270.62,Government,0,1
PCL-LG-AN-0282-06,LG-AN-0282,SY-437/6,270.62,Community,0,0
PCL-LG-AN-0282-07,LG-AN-0282,SY-696/7,270.62,Forest,1,1
PCL-LG-AN-0282-08,LG-AN-0282,SY-355/8,270.62,Private,1,0
PCL-LG-CH-0283-01,LG-CH-0283,SY-565/1,323.44,Private,0,0
PCL-LG-CH-0283-02,LG-CH-0283,SY-228/2,323.44,Community,1,0
PCL-LG-CH-0283-03,LG-CH-0283,SY-390/3,323.44,Forest,1,1
PCL-LG-CH-0283-04,LG-CH-0283,SY-464/4,323.44,Government,1,1
PCL-LG-CH-0283-05,LG-CH-0283,SY-614/5,323.44,Government,1,1
PCL-LG-CH-0283-06,LG-CH-0283,SY-175/6,323.44,Forest,1,0
PCL-LG-CH-0283-07,LG-CH-0283,SY-701/7,323.44,Community,0,0
PCL-LG-DH-0284-01,LG-DH-0284,SY-374/1,223.63,Private,1,0
PCL-LG-DH-0284-02,LG-DH-0284,SY-843/2,223.63,Private,0,0
PCL-LG-DH-0284-03,LG-DH-0284,SY-551/3,223.63,Community,1,0
PCL-LG-DH-0284-04,LG-DH-0284,SY-620/4,223.63,Government,1,1
PCL-LG-DH-0284-05,LG-DH-0284,SY-924/5,223.63,Community,1,1
PCL-LG-DH-0284-06,LG-DH-0284,SY-771/6,223.63,Forest,1,1
PCL-LG-DL-0285-01,LG-DL-0285,SY-782/1,276.17,Private,1,1
PCL-LG-DL-0285-02,LG-DL-0285,SY-412/2,276.17,Forest,1,0
PCL-LG-DL-0285-03,LG-DL-0285,SY-787/3,276.17,Forest,1,0
PCL-LG-DL-0285-04,LG-DL-0285,SY-591/4,276.17,Community,0,0
PCL-LG-DL-0285-05,LG-DL-0285,SY-839/5,276.17,Government,0,0
PCL-LG-DL-0285-06,LG-DL-0285,SY-740/6,276.17,Forest,1,1
PCL-LG-DL-0285-07,LG-DL-0285,SY-134/7,276.17,Private,1,1
PCL-LG-JK-0286-01,LG-JK-0286,SY-837/1,271.84,Community,0,1
PCL-LG-JK-0286-02,LG-JK-0286,SY-292/2,271.84,Government,1,1
PCL-LG-JK-0286-03,LG-JK-0286,SY-813/3,271.84,Forest,1,0
PCL-LG-JK-0286-04,LG-JK-0286,SY-926/4,271.84,Private,1,1
PCL-LG-JK-0286-05,LG-JK-0286,SY-898/5,271.84,Forest,1,0
PCL-LG-LA-0287-01,LG-LA-0287,SY-570/1,70.33,Private,0,0
PCL-LG-LA-0287-02,LG-LA-0287,SY-208/2,70.33,Forest,1,0
PCL-LG-LA-0287-03,LG-LA-0287,SY-135/3,70.33,Community,1,0
PCL-LG-LA-0287-04,LG-LA-0287,SY-239/4,70.33,Private,1,0
PCL-LG-LA-0287-05,LG-LA-0287,SY-978/5,70.33,Government,1,1
PCL-LG-LA-0287-06,LG-LA-0287,SY-662/6,70.33,Private,1,0
PCL-LG-LA-0287-07,LG-LA-0287,SY-111/7,70.33,Community,0,0
PCL-LG-LA-0287-08,LG-LA-0287,SY-538/8,70.33,Government,0,0
PCL-LG-LD-0288-01,LG-LD-0288,SY-304/1,289.3,Community,1,0
PCL-LG-LD-0288-02,LG-LD-0288,SY-892/2,289.3,Forest,1,0
PCL-LG-LD-0288-03,LG-LD-0288,SY-470/3,289.3,Community,0,0
PCL-LG-PY-0289-01,LG-PY-0289,SY-755/1,56.08,Private,1,0
PCL-LG-PY-0289-02,LG-PY-0289,SY-515/2,56.08,Forest,0,0
PCL-LG-PY-0289-03,LG-PY-0289,SY-959/3,56.08,Government,0,0
PCL-LG-PY-0289-04,LG-PY-0289,SY-589/4,56.08,Private,1,0
PCL-LG-PY-0289-05,LG-PY-0289,SY-500/5,56.08,Community,1,1
PCL-LG-PY-0289-06,LG-PY-0289,SY-349/6,56.08,Private,0,0
PCL-LG-AP-0290-01,LG-AP-0290,SY-711/1,250.01,Private,1,0
PCL-LG-AP-0290-02,LG-AP-0290,SY-535/2,250.01,Community,1,1
PCL-LG-AP-0290-03,LG-AP-0290,SY-776/3,250.01,Private,1,1
PCL-LG-AP-0290-04,LG-AP-0290,SY-614/4,250.01,Community,1,0
PCL-LG-AP-0290-05,LG-AP-0290,SY-970/5,250.01,Government,1,0
PCL-LG-AP-0290-06,LG-AP-0290,SY-196/6,250.01,Government,1,0
PCL-LG-AP-0290-07,LG-AP-0290,SY-959/7,250.01,Community,1,0
PCL-LG-AP-0290-08,LG-AP-0290,SY-378/8,250.01,Community,1,1
PCL-LG-AR-0291-01,LG-AR-0291,SY-677/1,675.57,Forest,1,0
PCL-LG-AR-0291-02,LG-AR-0291,SY-114/2,675.57,Private,1,0
PCL-LG-AR-0291-03,LG-AR-0291,SY-225/3,675.57,Forest,0,1
PCL-LG-AS-0292-01,LG-AS-0292,SY-141/1,760.63,Private,1,1
PCL-LG-AS-0292-02,LG-AS-0292,SY-787/2,760.63,Private,1,0
PCL-LG-AS-0292-03,LG-AS-0292,SY-314/3,760.63,Forest,1,0
PCL-LG-BR-0293-01,LG-BR-0293,SY-876/1,265.35,Government,1,1
PCL-LG-BR-0293-02,LG-BR-0293,SY-608/2,265.35,Forest,1,0
PCL-LG-BR-0293-03,LG-BR-0293,SY-871/3,265.35,Government,1,1
PCL-LG-BR-0293-04,LG-BR-0293,SY-718/4,265.35,Forest,1,0
PCL-LG-BR-0293-05,LG-BR-0293,SY-209/5,265.35,Forest,0,0
PCL-LG-BR-0293-06,LG-BR-0293,SY-169/6,265.35,Government,1,0
PCL-LG-CG-0294-01,LG-CG-0294,SY-113/1,477.5,Forest,1,0
PCL-LG-CG-0294-02,LG-CG-0294,SY-776/2,477.5,Forest,1,0
PCL-LG-CG-0294-03,LG-CG-0294,SY-745/3,477.5,Private,1,0
PCL-LG-CG-0294-04,LG-CG-0294,SY-696/4,477.5,Private,1,0
PCL-LG-GA-0295-01,LG-GA-0295,SY-407/1,317.83,Private,1,0
PCL-LG-GA-0295-02,LG-GA-0295,SY-777/2,317.83,Forest,1,0
PCL-LG-GA-0295-03,LG-GA-0295,SY-421/3,317.83,Community,1,1
PCL-LG-GA-0295-04,LG-GA-0295,SY-799/4,317.83,Government,1,0
PCL-LG-GA-0295-05,LG-GA-0295,SY-671/5,317.83,Community,0,0
PCL-LG-GA-0295-06,LG-GA-0295,SY-498/6,317.83,Community,1,1
PCL-LG-GA-0295-07,LG-GA-0295,SY-496/7,317.83,Government,1,0
PCL-LG-GJ-0296-01,LG-GJ-0296,SY-899/1,522.25,Forest,1,1
PCL-LG-GJ-0296-02,LG-GJ-0296,SY-317/2,522.25,Community,1,1
PCL-LG-GJ-0296-03,LG-GJ-0296,SY-572/3,522.25,Forest,1,1
PCL-LG-GJ-0296-04,LG-GJ-0296,SY-816/4,522.25,Government,1,1
PCL-LG-HR-0297-01,LG-HR-0297,SY-622/1,441.07,Government,0,0
PCL-LG-HR-0297-02,LG-HR-0297,SY-264/2,441.07,Government,0,1
PCL-LG-HR-0297-03,LG-HR-0297,SY-108/3,441.07,Government,0,0
PCL-LG-HP-0298-01,LG-HP-0298,SY-622/1,460.68,Government,1,0
PCL-LG-HP-0298-02,LG-HP-0298,SY-225/2,460.68,Forest,1,1
PCL-LG-HP-0298-03,LG-HP-0298,SY-181/3,460.68,Forest,1,0
PCL-LG-HP-0298-04,LG-HP-0298,SY-328/4,460.68,Private,1,0
PCL-LG-JH-0299-01,LG-JH-0299,SY-524/1,354.0,Private,1,0
PCL-LG-JH-0299-02,LG-JH-0299,SY-949/2,354.0,Community,0,0
PCL-LG-JH-0299-03,LG-JH-0299,SY-605/3,354.0,Private,1,1
PCL-LG-JH-0299-04,LG-JH-0299,SY-901/4,354.0,Government,1,0
PCL-LG-JH-0299-05,LG-JH-0299,SY-160/5,354.0,Government,0,0
PCL-LG-JH-0299-06,LG-JH-0299,SY-923/6,354.0,Community,1,0
PCL-LG-JH-0299-07,LG-JH-0299,SY-466/7,354.0,Government,1,1
PCL-LG-KA-0300-01,LG-KA-0300,SY-314/1,428.9,Community,1,0
PCL-LG-KA-0300-02,LG-KA-0300,SY-548/2,428.9,Community,0,0
PCL-LG-KA-0300-03,LG-KA-0300,SY-708/3,428.9,Government,1,1
PCL-LG-KL-0301-01,LG-KL-0301,SY-778/1,314.82,Government,0,0
PCL-LG-KL-0301-02,LG-KL-0301,SY-449/2,314.82,Community,1,0
PCL-LG-KL-0301-03,LG-KL-0301,SY-514/3,314.82,Forest,0,0
PCL-LG-KL-0301-04,LG-KL-0301,SY-364/4,314.82,Forest,1,1
PCL-LG-KL-0301-05,LG-KL-0301,SY-862/5,314.82,Forest,1,0
PCL-LG-KL-0301-06,LG-KL-0301,SY-563/6,314.82,Forest,1,0
PCL-LG-MP-0302-01,LG-MP-0302,SY-836/1,45.5,Forest,1,1
PCL-LG-MP-0302-02,LG-MP-0302,SY-930/2,45.5,Government,1,0
PCL-LG-MP-0302-03,LG-MP-0302,SY-837/3,45.5,Community,1,1
PCL-LG-MP-0302-04,LG-MP-0302,SY-215/4,45.5,Forest,1,0
PCL-LG-MP-0302-05,LG-MP-0302,SY-938/5,45.5,Private,1,1
PCL-LG-MP-0302-06,LG-MP-0302,SY-543/6,45.5,Community,1,0
PCL-LG-MH-0303-01,LG-MH-0303,SY-985/1,78.04,Forest,1,0
PCL-LG-MH-0303-02,LG-MH-0303,SY-570/2,78.04,Community,1,1
PCL-LG-MH-0303-03,LG-MH-0303,SY-530/3,78.04,Community,1,1
PCL-LG-MH-0303-04,LG-MH-0303,SY-477/4,78.04,Private,0,1
PCL-LG-MH-0303-05,LG-MH-0303,SY-109/5,78.04,Government,1,0
PCL-LG-MH-0303-06,LG-MH-0303,SY-980/6,78.04,Government,1,0
PCL-LG-MH-0303-07,LG-MH-0303,SY-431/7,78.04,Private,1,0
PCL-LG-MN-0304-01,LG-MN-0304,SY-621/1,51.12,Community,1,0
PCL-LG-MN-0304-02,LG-MN-0304,SY-740/2,51.12,Forest,1,0
PCL-LG-MN-0304-03,LG-MN-0304,SY-307/3,51.12,Government,1,1
PCL-LG-MN-0304-04,LG-MN-0304,SY-691/4,51.12,Government,1,0
PCL-LG-MN-0304-05,LG-MN-0304,SY-738/5,51.12,Forest,1,0
PCL-LG-ML-0305-01,LG-ML-0305,SY-562/1,296.72,Private,1,0
PCL-LG-ML-0305-02,LG-ML-0305,SY-424/2,296.72,Forest,0,1
PCL-LG-ML-0305-03,LG-ML-0305,SY-753/3,296.72,Government,0,0
PCL-LG-ML-0305-04,LG-ML-0305,SY-648/4,296.72,Private,1,0
PCL-LG-ML-0305-05,LG-ML-0305,SY-375/5,296.72,Government,0,0
PCL-LG-MZ-0306-01,LG-MZ-0306,SY-212/1,381.55,Community,1,1
PCL-LG-MZ-0306-02,LG-MZ-0306,SY-804/2,381.55,Community,0,1
PCL-LG-MZ-0306-03,LG-MZ-0306,SY-356/3,381.55,Community,0,1
PCL-LG-MZ-0306-04,LG-MZ-0306,SY-924/4,381.55,Government,1,1
PCL-LG-MZ-0306-05,LG-MZ-0306,SY-580/5,381.55,Private,1,1
PCL-LG-MZ-0306-06,LG-MZ-0306,SY-669/6,381.55,Forest,1,0
PCL-LG-NL-0307-01,LG-NL-0307,SY-875/1,169.09,Community,1,0
PCL-LG-NL-0307-02,LG-NL-0307,SY-639/2,169.09,Private,1,0
PCL-LG-NL-0307-03,LG-NL-0307,SY-915/3,169.09,Government,1,1
PCL-LG-NL-0307-04,LG-NL-0307,SY-685/4,169.09,Forest,1,1
PCL-LG-NL-0307-05,LG-NL-0307,SY-279/5,169.09,Government,1,1
PCL-LG-NL-0307-06,LG-NL-0307,SY-871/6,169.09,Private,0,0
PCL-LG-NL-0307-07,LG-NL-0307,SY-456/7,169.09,Government,1,1
PCL-LG-OD-0308-01,LG-OD-0308,SY-613/1,155.9,Forest,1,0
PCL-LG-OD-0308-02,LG-OD-0308,SY-476/2,155.9,Forest,1,1
PCL-LG-OD-0308-03,LG-OD-0308,SY-727/3,155.9,Government,1,1
PCL-LG-PB-0309-01,LG-PB-0309,SY-344/1,158.53,Private,1,0
PCL-LG-PB-0309-02,LG-PB-0309,SY-152/2,158.53,Government,1,0
PCL-LG-PB-0309-03,LG-PB-0309,SY-330/3,158.53,Private,1,0
PCL-LG-PB-0309-04,LG-PB-0309,SY-617/4,158.53,Government,0,0
PCL-LG-PB-0309-05,LG-PB-0309,SY-295/5,158.53,Forest,1,1
PCL-LG-PB-0309-06,LG-PB-0309,SY-109/6,158.53,Forest,0,1
PCL-LG-PB-0309-07,LG-PB-0309,SY-932/7,158.53,Community,1,0
PCL-LG-RJ-0310-01,LG-RJ-0310,SY-536/1,270.5,Community,1,0
PCL-LG-RJ-0310-02,LG-RJ-0310,SY-299/2,270.5,Government,1,0
PCL-LG-RJ-0310-03,LG-RJ-0310,SY-637/3,270.5,Community,1,1
PCL-LG-SK-0311-01,LG-SK-0311,SY-649/1,136.25,Forest,0,0
PCL-LG-SK-0311-02,LG-SK-0311,SY-740/2,136.25,Government,1,0
PCL-LG-SK-0311-03,LG-SK-0311,SY-495/3,136.25,Private,1,0
PCL-LG-SK-0311-04,LG-SK-0311,SY-120/4,136.25,Government,1,1
PCL-LG-SK-0311-05,LG-SK-0311,SY-549/5,136.25,Government,1,0
PCL-LG-SK-0311-06,LG-SK-0311,SY-578/6,136.25,Government,0,0
PCL-LG-TN-0312-01,LG-TN-0312,SY-506/1,548.27,Government,1,0
PCL-LG-TN-0312-02,LG-TN-0312,SY-972/2,548.27,Forest,0,0
PCL-LG-TN-0312-03,LG-TN-0312,SY-205/3,548.27,Community,1,1
PCL-LG-TS-0313-01,LG-TS-0313,SY-255/1,135.4,Private,1,0
PCL-LG-TS-0313-02,LG-TS-0313,SY-817/2,135.4,Community,1,1
PCL-LG-TS-0313-03,LG-TS-0313,SY-150/3,135.4,Forest,0,0
PCL-LG-TS-0313-04,LG-TS-0313,SY-684/4,135.4,Private,1,0
PCL-LG-TS-0313-05,LG-TS-0313,SY-926/5,135.4,Government,1,1
PCL-LG-TS-0313-06,LG-TS-0313,SY-824/6,135.4,Government,1,0
PCL-LG-TR-0314-01,LG-TR-0314,SY-162/1,712.47,Private,0,0
PCL-LG-TR-0314-02,LG-TR-0314,SY-340/2,712.47,Community,0,0
PCL-LG-TR-0314-03,LG-TR-0314,SY-869/3,712.47,Government,1,0
PCL-LG-UP-0315-01,LG-UP-0315,SY-413/1,206.16,Private,1,0
PCL-LG-UP-0315-02,LG-UP-0315,SY-646/2,206.16,Forest,0,1
PCL-LG-UP-0315-03,LG-UP-0315,SY-974/3,206.16,Community,1,0
PCL-LG-UP-0315-04,LG-UP-0315,SY-688/4,206.16,Forest,1,0
PCL-LG-UP-0315-05,LG-UP-0315,SY-749/5,206.16,Private,1,1
PCL-LG-UK-0316-01,LG-UK-0316,SY-181/1,163.07,Private,0,1
PCL-LG-UK-0316-02,LG-UK-0316,SY-892/2,163.07,Community,1,1
PCL-LG-UK-0316-03,LG-UK-0316,SY-775/3,163.07,Private,1,0
PCL-LG-UK-0316-04,LG-UK-0316,SY-106/4,163.07,Forest,0,1
PCL-LG-UK-0316-05,LG-UK-0316,SY-118/5,163.07,Private,0,0
PCL-LG-UK-0316-06,LG-UK-0316,SY-727/6,163.07,Forest,1,1
PCL-LG-WB-0317-01,LG-WB-0317,SY-739/1,239.95,Private,0,0
PCL-LG-WB-0317-02,LG-WB-0317,SY-419/2,239.95,Forest,1,0
PCL-LG-WB-0317-03,LG-WB-0317,SY-526/3,239.95,Community,0,1
PCL-LG-WB-0317-04,LG-WB-0317,SY-657/4,239.95,Forest,1,0
PCL-LG-WB-0317-05,LG-WB-0317,SY-994/5,239.95,Government,1,0
PCL-LG-WB-0317-06,LG-WB-0317,SY-540/6,239.95,Forest,1,0
PCL-LG-WB-0317-07,LG-WB-0317,SY-799/7,239.95,Forest,1,0
PCL-LG-WB-0317-08,LG-WB-0317,SY-892/8,239.95,Government,1,0
PCL-LG-AN-0318-01,LG-AN-0318,SY-360/1,165.16,Private,0,0
PCL-LG-AN-0318-02,LG-AN-0318,SY-919/2,165.16,Private,1,1
PCL-LG-AN-0318-03,LG-AN-0318,SY-575/3,165.16,Government,1,0
PCL-LG-AN-0318-04,LG-AN-0318,SY-272/4,165.16,Government,1,0
PCL-LG-AN-0318-05,LG-AN-0318,SY-754/5,165.16,Private,0,0
PCL-LG-AN-0318-06,LG-AN-0318,SY-555/6,165.16,Private,1,1
PCL-LG-AN-0318-07,LG-AN-0318,SY-447/7,165.16,Government,1,1
PCL-LG-AN-0318-08,LG-AN-0318,SY-303/8,165.16,Private,0,0
PCL-LG-CH-0319-01,LG-CH-0319,SY-566/1,122.78,Forest,1,0
PCL-LG-CH-0319-02,LG-CH-0319,SY-853/2,122.78,Private,1,1
PCL-LG-CH-0319-03,LG-CH-0319,SY-918/3,122.78,Government,1,1
PCL-LG-CH-0319-04,LG-CH-0319,SY-282/4,122.78,Government,1,0
PCL-LG-CH-0319-05,LG-CH-0319,SY-619/5,122.78,Private,1,1
PCL-LG-DH-0320-01,LG-DH-0320,SY-148/1,132.95,Forest,1,0
PCL-LG-DH-0320-02,LG-DH-0320,SY-965/2,132.95,Community,0,1
PCL-LG-DH-0320-03,LG-DH-0320,SY-103/3,132.95,Private,1,0
PCL-LG-DH-0320-04,LG-DH-0320,SY-721/4,132.95,Community,1,0
PCL-LG-DL-0321-01,LG-DL-0321,SY-971/1,723.47,Forest,1,0
PCL-LG-DL-0321-02,LG-DL-0321,SY-854/2,723.47,Government,1,0
PCL-LG-DL-0321-03,LG-DL-0321,SY-867/3,723.47,Private,1,1
PCL-LG-JK-0322-01,LG-JK-0322,SY-344/1,407.1,Private,1,1
PCL-LG-JK-0322-02,LG-JK-0322,SY-868/2,407.1,Government,1,0
PCL-LG-JK-0322-03,LG-JK-0322,SY-859/3,407.1,Government,0,0
PCL-LG-JK-0322-04,LG-JK-0322,SY-714/4,407.1,Community,1,0
PCL-LG-JK-0322-05,LG-JK-0322,SY-674/5,407.1,Government,1,0
PCL-LG-LA-0323-01,LG-LA-0323,SY-876/1,92.8,Government,0,1
PCL-LG-LA-0323-02,LG-LA-0323,SY-502/2,92.8,Forest,1,0
PCL-LG-LA-0323-03,LG-LA-0323,SY-710/3,92.8,Forest,1,1
PCL-LG-LD-0324-01,LG-LD-0324,SY-875/1,194.9,Forest,1,0
PCL-LG-LD-0324-02,LG-LD-0324,SY-330/2,194.9,Private,0,1
PCL-LG-LD-0324-03,LG-LD-0324,SY-360/3,194.9,Private,1,1
PCL-LG-LD-0324-04,LG-LD-0324,SY-521/4,194.9,Government,1,1
PCL-LG-LD-0324-05,LG-LD-0324,SY-764/5,194.9,Private,1,0
PCL-LG-LD-0324-06,LG-LD-0324,SY-440/6,194.9,Private,1,1
PCL-LG-LD-0324-07,LG-LD-0324,SY-623/7,194.9,Community,1,0
PCL-LG-PY-0325-01,LG-PY-0325,SY-128/1,169.09,Forest,1,1
PCL-LG-PY-0325-02,LG-PY-0325,SY-228/2,169.09,Government,0,0
PCL-LG-PY-0325-03,LG-PY-0325,SY-274/3,169.09,Private,1,1
PCL-LG-PY-0325-04,LG-PY-0325,SY-153/4,169.09,Community,1,0
PCL-LG-PY-0325-05,LG-PY-0325,SY-363/5,169.09,Community,1,1
PCL-LG-PY-0325-06,LG-PY-0325,SY-209/6,169.09,Private,0,0
PCL-LG-PY-0325-07,LG-PY-0325,SY-596/7,169.09,Forest,1,0
PCL-LG-AP-0326-01,LG-AP-0326,SY-827/1,420.82,Forest,1,0
PCL-LG-AP-0326-02,LG-AP-0326,SY-640/2,420.82,Forest,0,0
PCL-LG-AP-0326-03,LG-AP-0326,SY-790/3,420.82,Community,1,0
PCL-LG-AP-0326-04,LG-AP-0326,SY-400/4,420.82,Forest,0,0
PCL-LG-AR-0327-01,LG-AR-0327,SY-105/1,312.93,Community,1,0
PCL-LG-AR-0327-02,LG-AR-0327,SY-503/2,312.93,Community,1,0
PCL-LG-AR-0327-03,LG-AR-0327,SY-971/3,312.93,Community,1,0
PCL-LG-AR-0327-04,LG-AR-0327,SY-251/4,312.93,Private,1,1
PCL-LG-AR-0327-05,LG-AR-0327,SY-101/5,312.93,Government,0,1
PCL-LG-AR-0327-06,LG-AR-0327,SY-708/6,312.93,Government,1,0
PCL-LG-AS-0328-01,LG-AS-0328,SY-909/1,60.02,Forest,1,0
PCL-LG-AS-0328-02,LG-AS-0328,SY-321/2,60.02,Government,1,0
PCL-LG-AS-0328-03,LG-AS-0328,SY-511/3,60.02,Private,1,0
PCL-LG-AS-0328-04,LG-AS-0328,SY-722/4,60.02,Forest,0,0
PCL-LG-BR-0329-01,LG-BR-0329,SY-235/1,455.3,Community,0,1
PCL-LG-BR-0329-02,LG-BR-0329,SY-396/2,455.3,Private,1,1
PCL-LG-BR-0329-03,LG-BR-0329,SY-858/3,455.3,Private,0,0
PCL-LG-BR-0329-04,LG-BR-0329,SY-509/4,455.3,Community,1,0
PCL-LG-BR-0329-05,LG-BR-0329,SY-422/5,455.3,Government,1,1
PCL-LG-CG-0330-01,LG-CG-0330,SY-168/1,120.33,Government,1,0
PCL-LG-CG-0330-02,LG-CG-0330,SY-599/2,120.33,Community,1,0
PCL-LG-CG-0330-03,LG-CG-0330,SY-724/3,120.33,Government,1,0
PCL-LG-CG-0330-04,LG-CG-0330,SY-314/4,120.33,Forest,1,1
PCL-LG-CG-0330-05,LG-CG-0330,SY-475/5,120.33,Government,0,0
PCL-LG-CG-0330-06,LG-CG-0330,SY-634/6,120.33,Forest,1,0
PCL-LG-CG-0330-07,LG-CG-0330,SY-714/7,120.33,Community,1,0
PCL-LG-GA-0331-01,LG-GA-0331,SY-985/1,107.94,Private,1,0
PCL-LG-GA-0331-02,LG-GA-0331,SY-360/2,107.94,Community,1,0
PCL-LG-GA-0331-03,LG-GA-0331,SY-436/3,107.94,Forest,0,0
PCL-LG-GA-0331-04,LG-GA-0331,SY-788/4,107.94,Community,0,0
PCL-LG-GA-0331-05,LG-GA-0331,SY-382/5,107.94,Private,0,0
PCL-LG-GA-0331-06,LG-GA-0331,SY-646/6,107.94,Private,1,0
PCL-LG-GA-0331-07,LG-GA-0331,SY-942/7,107.94,Community,1,1
PCL-LG-GA-0331-08,LG-GA-0331,SY-590/8,107.94,Community,1,1
PCL-LG-GJ-0332-01,LG-GJ-0332,SY-196/1,161.27,Private,1,1
PCL-LG-GJ-0332-02,LG-GJ-0332,SY-356/2,161.27,Private,1,0
PCL-LG-GJ-0332-03,LG-GJ-0332,SY-310/3,161.27,Community,1,0
PCL-LG-GJ-0332-04,LG-GJ-0332,SY-631/4,161.27,Private,1,0
PCL-LG-GJ-0332-05,LG-GJ-0332,SY-822/5,161.27,Community,1,0
PCL-LG-GJ-0332-06,LG-GJ-0332,SY-739/6,161.27,Forest,1,0
PCL-LG-HR-0333-01,LG-HR-0333,SY-976/1,378.53,Government,1,1
PCL-LG-HR-0333-02,LG-HR-0333,SY-614/2,378.53,Community,0,0
PCL-LG-HR-0333-03,LG-HR-0333,SY-793/3,378.53,Community,1,0
PCL-LG-HR-0333-04,LG-HR-0333,SY-427/4,378.53,Community,1,0
PCL-LG-HR-0333-05,LG-HR-0333,SY-520/5,378.53,Government,1,0
PCL-LG-HR-0333-06,LG-HR-0333,SY-221/6,378.53,Private,1,1
PCL-LG-HP-0334-01,LG-HP-0334,SY-550/1,130.02,Community,0,0
PCL-LG-HP-0334-02,LG-HP-0334,SY-248/2,130.02,Community,1,0
PCL-LG-HP-0334-03,LG-HP-0334,SY-810/3,130.02,Government,1,1
PCL-LG-HP-0334-04,LG-HP-0334,SY-247/4,130.02,Private,1,0
PCL-LG-HP-0334-05,LG-HP-0334,SY-876/5,130.02,Forest,1,0
PCL-LG-JH-0335-01,LG-JH-0335,SY-789/1,97.2,Private,0,0
PCL-LG-JH-0335-02,LG-JH-0335,SY-753/2,97.2,Forest,1,1
PCL-LG-JH-0335-03,LG-JH-0335,SY-812/3,97.2,Forest,1,0
PCL-LG-JH-0335-04,LG-JH-0335,SY-297/4,97.2,Community,1,0
PCL-LG-JH-0335-05,LG-JH-0335,SY-823/5,97.2,Forest,1,0
PCL-LG-JH-0335-06,LG-JH-0335,SY-526/6,97.2,Government,1,1
PCL-LG-JH-0335-07,LG-JH-0335,SY-428/7,97.2,Forest,0,0
PCL-LG-KA-0336-01,LG-KA-0336,SY-604/1,827.2,Private,0,1
PCL-LG-KA-0336-02,LG-KA-0336,SY-954/2,827.2,Forest,1,1
PCL-LG-KA-0336-03,LG-KA-0336,SY-827/3,827.2,Private,1,1
PCL-LG-KL-0337-01,LG-KL-0337,SY-102/1,131.24,Private,1,1
PCL-LG-KL-0337-02,LG-KL-0337,SY-851/2,131.24,Forest,1,0
PCL-LG-KL-0337-03,LG-KL-0337,SY-478/3,131.24,Community,1,0
PCL-LG-KL-0337-04,LG-KL-0337,SY-344/4,131.24,Private,1,1
PCL-LG-KL-0337-05,LG-KL-0337,SY-532/5,131.24,Forest,1,0
PCL-LG-MP-0338-01,LG-MP-0338,SY-597/1,229.8,Government,0,1
PCL-LG-MP-0338-02,LG-MP-0338,SY-858/2,229.8,Government,1,1
PCL-LG-MP-0338-03,LG-MP-0338,SY-675/3,229.8,Forest,1,0
PCL-LG-MP-0338-04,LG-MP-0338,SY-564/4,229.8,Government,1,0
PCL-LG-MP-0338-05,LG-MP-0338,SY-702/5,229.8,Community,1,0
PCL-LG-MP-0338-06,LG-MP-0338,SY-217/6,229.8,Community,1,0
PCL-LG-MP-0338-07,LG-MP-0338,SY-517/7,229.8,Forest,1,0
PCL-LG-MH-0339-01,LG-MH-0339,SY-475/1,179.93,Community,1,1
PCL-LG-MH-0339-02,LG-MH-0339,SY-595/2,179.93,Private,1,1
PCL-LG-MH-0339-03,LG-MH-0339,SY-430/3,179.93,Government,1,0
PCL-LG-MH-0339-04,LG-MH-0339,SY-763/4,179.93,Private,0,1
PCL-LG-MH-0339-05,LG-MH-0339,SY-925/5,179.93,Community,0,0
PCL-LG-MH-0339-06,LG-MH-0339,SY-671/6,179.93,Forest,1,1
PCL-LG-MH-0339-07,LG-MH-0339,SY-510/7,179.93,Private,1,0
PCL-LG-MH-0339-08,LG-MH-0339,SY-396/8,179.93,Government,1,0
PCL-LG-MN-0340-01,LG-MN-0340,SY-261/1,560.0,Forest,0,0
PCL-LG-MN-0340-02,LG-MN-0340,SY-147/2,560.0,Forest,1,0
PCL-LG-MN-0340-03,LG-MN-0340,SY-201/3,560.0,Community,0,0
PCL-LG-ML-0341-01,LG-ML-0341,SY-460/1,194.92,Government,0,0
PCL-LG-ML-0341-02,LG-ML-0341,SY-548/2,194.92,Private,1,0
PCL-LG-ML-0341-03,LG-ML-0341,SY-689/3,194.92,Community,1,0
PCL-LG-ML-0341-04,LG-ML-0341,SY-540/4,194.92,Government,1,0
PCL-LG-ML-0341-05,LG-ML-0341,SY-520/5,194.92,Forest,1,1
PCL-LG-ML-0341-06,LG-ML-0341,SY-569/6,194.92,Government,1,1
PCL-LG-MZ-0342-01,LG-MZ-0342,SY-315/1,307.32,Private,0,1
PCL-LG-MZ-0342-02,LG-MZ-0342,SY-516/2,307.32,Community,0,0
PCL-LG-MZ-0342-03,LG-MZ-0342,SY-985/3,307.32,Government,0,0
PCL-LG-MZ-0342-04,LG-MZ-0342,SY-247/4,307.32,Forest,1,0
PCL-LG-MZ-0342-05,LG-MZ-0342,SY-173/5,307.32,Community,1,1
PCL-LG-NL-0343-01,LG-NL-0343,SY-426/1,410.43,Forest,0,0
PCL-LG-NL-0343-02,LG-NL-0343,SY-594/2,410.43,Government,1,0
PCL-LG-NL-0343-03,LG-NL-0343,SY-155/3,410.43,Forest,0,0
PCL-LG-OD-0344-01,LG-OD-0344,SY-261/1,312.33,Private,1,0
PCL-LG-OD-0344-02,LG-OD-0344,SY-735/2,312.33,Private,0,1
PCL-LG-OD-0344-03,LG-OD-0344,SY-210/3,312.33,Forest,1,0
PCL-LG-OD-0344-04,LG-OD-0344,SY-779/4,312.33,Government,0,0
PCL-LG-OD-0344-05,LG-OD-0344,SY-343/5,312.33,Forest,1,1
PCL-LG-OD-0344-06,LG-OD-0344,SY-738/6,312.33,Community,1,0
PCL-LG-OD-0344-07,LG-OD-0344,SY-985/7,312.33,Government,1,1
PCL-LG-PB-0345-01,LG-PB-0345,SY-935/1,67.2,Community,0,0
PCL-LG-PB-0345-02,LG-PB-0345,SY-545/2,67.2,Community,1,0
PCL-LG-PB-0345-03,LG-PB-0345,SY-771/3,67.2,Private,1,0
PCL-LG-RJ-0346-01,LG-RJ-0346,SY-750/1,100.85,Government,1,0
PCL-LG-RJ-0346-02,LG-RJ-0346,SY-742/2,100.85,Private,0,1
PCL-LG-RJ-0346-03,LG-RJ-0346,SY-384/3,100.85,Government,1,0
PCL-LG-RJ-0346-04,LG-RJ-0346,SY-818/4,100.85,Government,0,0
PCL-LG-RJ-0346-05,LG-RJ-0346,SY-577/5,100.85,Private,1,1
PCL-LG-RJ-0346-06,LG-RJ-0346,SY-169/6,100.85,Government,1,0
PCL-LG-RJ-0346-07,LG-RJ-0346,SY-563/7,100.85,Government,1,0
PCL-LG-RJ-0346-08,LG-RJ-0346,SY-328/8,100.85,Community,0,1
PCL-LG-SK-0347-01,LG-SK-0347,SY-673/1,109.59,Community,1,0
PCL-LG-SK-0347-02,LG-SK-0347,SY-440/2,109.59,Forest,1,0
PCL-LG-SK-0347-03,LG-SK-0347,SY-212/3,109.59,Forest,1,0
PCL-LG-SK-0347-04,LG-SK-0347,SY-551/4,109.59,Private,1,1
PCL-LG-SK-0347-05,LG-SK-0347,SY-474/5,109.59,Community,1,0
PCL-LG-SK-0347-06,LG-SK-0347,SY-260/6,109.59,Forest,1,1
PCL-LG-SK-0347-07,LG-SK-0347,SY-508/7,109.59,Community,1,0
PCL-LG-SK-0347-08,LG-SK-0347,SY-194/8,109.59,Government,1,0
PCL-LG-TN-0348-01,LG-TN-0348,SY-700/1,117.19,Community,1,0
PCL-LG-TN-0348-02,LG-TN-0348,SY-674/2,117.19,Community,1,0
PCL-LG-TN-0348-03,LG-TN-0348,SY-352/3,117.19,Forest,0,0
PCL-LG-TN-0348-04,LG-TN-0348,SY-135/4,117.19,Community,1,0
PCL-LG-TN-0348-05,LG-TN-0348,SY-781/5,117.19,Forest,1,0
PCL-LG-TN-0348-06,LG-TN-0348,SY-189/6,117.19,Community,0,1
PCL-LG-TN-0348-07,LG-TN-0348,SY-471/7,117.19,Private,1,0
PCL-LG-TN-0348-08,LG-TN-0348,SY-998/8,117.19,Forest,1,0
PCL-LG-TS-0349-01,LG-TS-0349,SY-955/1,263.87,Government,0,0
PCL-LG-TS-0349-02,LG-TS-0349,SY-373/2,263.87,Forest,1,1
PCL-LG-TS-0349-03,LG-TS-0349,SY-761/3,263.87,Private,1,1
PCL-LG-TR-0350-01,LG-TR-0350,SY-533/1,165.12,Government,1,0
PCL-LG-TR-0350-02,LG-TR-0350,SY-375/2,165.12,Community,1,0
PCL-LG-TR-0350-03,LG-TR-0350,SY-383/3,165.12,Community,1,0
PCL-LG-TR-0350-04,LG-TR-0350,SY-252/4,165.12,Community,1,0
PCL-LG-TR-0350-05,LG-TR-0350,SY-254/5,165.12,Government,1,1
PCL-LG-TR-0350-06,LG-TR-0350,SY-909/6,165.12,Forest,0,0
PCL-LG-UP-0351-01,LG-UP-0351,SY-792/1,7.88,Private,1,0
PCL-LG-UP-0351-02,LG-UP-0351,SY-376/2,7.88,Private,1,1
PCL-LG-UP-0351-03,LG-UP-0351,SY-837/3,7.88,Community,1,1
PCL-LG-UP-0351-04,LG-UP-0351,SY-671/4,7.88,Forest,1,1
PCL-LG-UP-0351-05,LG-UP-0351,SY-715/5,7.88,Forest,1,0
PCL-LG-UP-0351-06,LG-UP-0351,SY-886/6,7.88,Forest,1,0
PCL-LG-UP-0351-07,LG-UP-0351,SY-511/7,7.88,Private,0,1
PCL-LG-UP-0351-08,LG-UP-0351,SY-355/8,7.88,Private,1,1
PCL-LG-UK-0352-01,LG-UK-0352,SY-431/1,130.87,Private,1,1
PCL-LG-UK-0352-02,LG-UK-0352,SY-620/2,130.87,Private,1,0
PCL-LG-UK-0352-03,LG-UK-0352,SY-116/3,130.87,Government,1,0
PCL-LG-WB-0353-01,LG-WB-0353,SY-959/1,205.24,Private,1,0
PCL-LG-WB-0353-02,LG-WB-0353,SY-666/2,205.24,Private,1,0
PCL-LG-WB-0353-03,LG-WB-0353,SY-485/3,205.24,Government,1,1
PCL-LG-WB-0353-04,LG-WB-0353,SY-630/4,205.24,Community,1,1
PCL-LG-WB-0353-05,LG-WB-0353,SY-288/5,205.24,Private,1,0
PCL-LG-WB-0353-06,LG-WB-0353,SY-199/6,205.24,Community,0,1
PCL-LG-WB-0353-07,LG-WB-0353,SY-410/7,205.24,Community,1,0
PCL-LG-WB-0353-08,LG-WB-0353,SY-751/8,205.24,Private,1,0
PCL-LG-AN-0354-01,LG-AN-0354,SY-558/1,39.98,Community,1,0
PCL-LG-AN-0354-02,LG-AN-0354,SY-617/2,39.98,Private,1,1
PCL-LG-AN-0354-03,LG-AN-0354,SY-801/3,39.98,Forest,1,0
PCL-LG-AN-0354-04,LG-AN-0354,SY-895/4,39.98,Government,1,0
PCL-LG-AN-0354-05,LG-AN-0354,SY-937/5,39.98,Forest,1,1
PCL-LG-AN-0354-06,LG-AN-0354,SY-806/6,39.98,Forest,1,0
PCL-LG-CH-0355-01,LG-CH-0355,SY-104/1,294.35,Government,1,0
PCL-LG-CH-0355-02,LG-CH-0355,SY-329/2,294.35,Private,1,1
PCL-LG-CH-0355-03,LG-CH-0355,SY-543/3,294.35,Forest,0,1
PCL-LG-CH-0355-04,LG-CH-0355,SY-462/4,294.35,Community,1,0
PCL-LG-CH-0355-05,LG-CH-0355,SY-500/5,294.35,Forest,0,1
PCL-LG-CH-0355-06,LG-CH-0355,SY-746/6,294.35,Private,1,0
PCL-LG-DH-0356-01,LG-DH-0356,SY-688/1,225.1,Forest,1,0
PCL-LG-DH-0356-02,LG-DH-0356,SY-340/2,225.1,Community,1,1
PCL-LG-DH-0356-03,LG-DH-0356,SY-202/3,225.1,Community,1,0
PCL-LG-DH-0356-04,LG-DH-0356,SY-140/4,225.1,Community,1,1
PCL-LG-DH-0356-05,LG-DH-0356,SY-823/5,225.1,Forest,1,0
PCL-LG-DL-0357-01,LG-DL-0357,SY-967/1,601.83,Government,1,0
PCL-LG-DL-0357-02,LG-DL-0357,SY-251/2,601.83,Forest,0,0
PCL-LG-DL-0357-03,LG-DL-0357,SY-360/3,601.83,Private,1,0
PCL-LG-DL-0357-04,LG-DL-0357,SY-201/4,601.83,Government,1,0
PCL-LG-JK-0358-01,LG-JK-0358,SY-357/1,39.0,Forest,0,0
PCL-LG-JK-0358-02,LG-JK-0358,SY-616/2,39.0,Private,1,1
PCL-LG-JK-0358-03,LG-JK-0358,SY-304/3,39.0,Government,1,0
PCL-LG-JK-0358-04,LG-JK-0358,SY-630/4,39.0,Government,1,0
PCL-LG-JK-0358-05,LG-JK-0358,SY-748/5,39.0,Forest,1,1
PCL-LG-JK-0358-06,LG-JK-0358,SY-754/6,39.0,Community,1,1
PCL-LG-LA-0359-01,LG-LA-0359,SY-622/1,319.51,Private,1,0
PCL-LG-LA-0359-02,LG-LA-0359,SY-543/2,319.51,Community,1,0
PCL-LG-LA-0359-03,LG-LA-0359,SY-727/3,319.51,Government,1,0
PCL-LG-LA-0359-04,LG-LA-0359,SY-780/4,319.51,Community,1,0
PCL-LG-LA-0359-05,LG-LA-0359,SY-546/5,319.51,Government,1,0
PCL-LG-LA-0359-06,LG-LA-0359,SY-524/6,319.51,Government,1,0
PCL-LG-LA-0359-07,LG-LA-0359,SY-581/7,319.51,Forest,1,0
PCL-LG-LD-0360-01,LG-LD-0360,SY-645/1,401.07,Government,1,0
PCL-LG-LD-0360-02,LG-LD-0360,SY-750/2,401.07,Community,1,0
PCL-LG-LD-0360-03,LG-LD-0360,SY-902/3,401.07,Government,1,0
PCL-LG-PY-0361-01,LG-PY-0361,SY-609/1,400.22,Private,1,0
PCL-LG-PY-0361-02,LG-PY-0361,SY-233/2,400.22,Forest,1,0
PCL-LG-PY-0361-03,LG-PY-0361,SY-236/3,400.22,Community,1,0
PCL-LG-PY-0361-04,LG-PY-0361,SY-565/4,400.22,Government,1,1
PCL-LG-PY-0361-05,LG-PY-0361,SY-318/5,400.22,Forest,1,1
PCL-LG-PY-0361-06,LG-PY-0361,SY-388/6,400.22,Government,1,0
PCL-LG-AP-0362-01,LG-AP-0362,SY-322/1,137.84,Government,1,1
PCL-LG-AP-0362-02,LG-AP-0362,SY-817/2,137.84,Private,0,1
PCL-LG-AP-0362-03,LG-AP-0362,SY-866/3,137.84,Community,0,1
PCL-LG-AP-0362-04,LG-AP-0362,SY-752/4,137.84,Private,0,0
PCL-LG-AP-0362-05,LG-AP-0362,SY-755/5,137.84,Community,1,0
PCL-LG-AP-0362-06,LG-AP-0362,SY-593/6,137.84,Government,1,1
PCL-LG-AP-0362-07,LG-AP-0362,SY-199/7,137.84,Private,1,0
PCL-LG-AP-0362-08,LG-AP-0362,SY-101/8,137.84,Government,1,0
PCL-LG-AR-0363-01,LG-AR-0363,SY-579/1,64.03,Government,0,0
PCL-LG-AR-0363-02,LG-AR-0363,SY-911/2,64.03,Private,0,0
PCL-LG-AR-0363-03,LG-AR-0363,SY-828/3,64.03,Community,1,1
PCL-LG-AR-0363-04,LG-AR-0363,SY-327/4,64.03,Government,1,0
PCL-LG-AR-0363-05,LG-AR-0363,SY-236/5,64.03,Forest,1,1
PCL-LG-AR-0363-06,LG-AR-0363,SY-331/6,64.03,Government,1,0
PCL-LG-AR-0363-07,LG-AR-0363,SY-231/7,64.03,Forest,0,0
PCL-LG-AR-0363-08,LG-AR-0363,SY-561/8,64.03,Government,0,0
PCL-LG-AS-0364-01,LG-AS-0364,SY-470/1,141.94,Community,1,0
PCL-LG-AS-0364-02,LG-AS-0364,SY-268/2,141.94,Private,1,0
PCL-LG-AS-0364-03,LG-AS-0364,SY-195/3,141.94,Private,1,1
PCL-LG-AS-0364-04,LG-AS-0364,SY-416/4,141.94,Community,1,0
PCL-LG-AS-0364-05,LG-AS-0364,SY-828/5,141.94,Community,1,1
PCL-LG-BR-0365-01,LG-BR-0365,SY-696/1,233.35,Community,0,1
PCL-LG-BR-0365-02,LG-BR-0365,SY-952/2,233.35,Forest,1,0
PCL-LG-BR-0365-03,LG-BR-0365,SY-876/3,233.35,Forest,0,0
PCL-LG-BR-0365-04,LG-BR-0365,SY-804/4,233.35,Government,1,1
PCL-LG-CG-0366-01,LG-CG-0366,SY-910/1,193.89,Forest,0,0
PCL-LG-CG-0366-02,LG-CG-0366,SY-157/2,193.89,Community,1,1
PCL-LG-CG-0366-03,LG-CG-0366,SY-703/3,193.89,Government,1,0
PCL-LG-CG-0366-04,LG-CG-0366,SY-233/4,193.89,Private,1,0
PCL-LG-CG-0366-05,LG-CG-0366,SY-417/5,193.89,Community,1,0
PCL-LG-CG-0366-06,LG-CG-0366,SY-829/6,193.89,Community,1,0
PCL-LG-CG-0366-07,LG-CG-0366,SY-864/7,193.89,Community,0,1
PCL-LG-GA-0367-01,LG-GA-0367,SY-912/1,215.94,Private,0,0
PCL-LG-GA-0367-02,LG-GA-0367,SY-834/2,215.94,Community,1,0
PCL-LG-GA-0367-03,LG-GA-0367,SY-990/3,215.94,Forest,1,1
PCL-LG-GA-0367-04,LG-GA-0367,SY-435/4,215.94,Government,1,0
PCL-LG-GA-0367-05,LG-GA-0367,SY-829/5,215.94,Forest,0,0
PCL-LG-GA-0367-06,LG-GA-0367,SY-335/6,215.94,Forest,1,0
PCL-LG-GA-0367-07,LG-GA-0367,SY-733/7,215.94,Forest,0,0
PCL-LG-GA-0367-08,LG-GA-0367,SY-606/8,215.94,Community,0,0
PCL-LG-GJ-0368-01,LG-GJ-0368,SY-790/1,26.97,Government,0,0
PCL-LG-GJ-0368-02,LG-GJ-0368,SY-399/2,26.97,Community,0,1
PCL-LG-GJ-0368-03,LG-GJ-0368,SY-187/3,26.97,Community,1,0
PCL-LG-GJ-0368-04,LG-GJ-0368,SY-120/4,26.97,Private,1,0
PCL-LG-GJ-0368-05,LG-GJ-0368,SY-907/5,26.97,Private,1,1
PCL-LG-GJ-0368-06,LG-GJ-0368,SY-361/6,26.97,Government,0,1
PCL-LG-HR-0369-01,LG-HR-0369,SY-710/1,410.65,Private,0,0
PCL-LG-HR-0369-02,LG-HR-0369,SY-427/2,410.65,Private,1,0
PCL-LG-HR-0369-03,LG-HR-0369,SY-431/3,410.65,Forest,1,0
PCL-LG-HR-0369-04,LG-HR-0369,SY-987/4,410.65,Private,0,0
PCL-LG-HR-0369-05,LG-HR-0369,SY-200/5,410.65,Private,1,0
PCL-LG-HR-0369-06,LG-HR-0369,SY-830/6,410.65,Forest,1,1
PCL-LG-HP-0370-01,LG-HP-0370,SY-595/1,142.85,Government,1,0
PCL-LG-HP-0370-02,LG-HP-0370,SY-774/2,142.85,Government,0,1
PCL-LG-HP-0370-03,LG-HP-0370,SY-756/3,142.85,Forest,0,0
PCL-LG-HP-0370-04,LG-HP-0370,SY-457/4,142.85,Government,1,1
PCL-LG-HP-0370-05,LG-HP-0370,SY-303/5,142.85,Private,1,0
PCL-LG-HP-0370-06,LG-HP-0370,SY-567/6,142.85,Private,0,0
PCL-LG-HP-0370-07,LG-HP-0370,SY-860/7,142.85,Forest,1,0
PCL-LG-HP-0370-08,LG-HP-0370,SY-768/8,142.85,Government,1,0
PCL-LG-JH-0371-01,LG-JH-0371,SY-435/1,73.9,Government,0,0
PCL-LG-JH-0371-02,LG-JH-0371,SY-482/2,73.9,Community,0,0
PCL-LG-JH-0371-03,LG-JH-0371,SY-554/3,73.9,Government,1,1
PCL-LG-JH-0371-04,LG-JH-0371,SY-905/4,73.9,Government,0,0
PCL-LG-KA-0372-01,LG-KA-0372,SY-974/1,123.26,Community,1,0
PCL-LG-KA-0372-02,LG-KA-0372,SY-311/2,123.26,Private,1,0
PCL-LG-KA-0372-03,LG-KA-0372,SY-825/3,123.26,Community,1,0
PCL-LG-KA-0372-04,LG-KA-0372,SY-101/4,123.26,Community,0,0
PCL-LG-KA-0372-05,LG-KA-0372,SY-744/5,123.26,Government,1,0
PCL-LG-KA-0372-06,LG-KA-0372,SY-187/6,123.26,Private,0,0
PCL-LG-KA-0372-07,LG-KA-0372,SY-503/7,123.26,Community,0,1
PCL-LG-KL-0373-01,LG-KL-0373,SY-952/1,209.17,Forest,0,0
PCL-LG-KL-0373-02,LG-KL-0373,SY-912/2,209.17,Private,0,0
PCL-LG-KL-0373-03,LG-KL-0373,SY-868/3,209.17,Government,1,0
PCL-LG-KL-0373-04,LG-KL-0373,SY-477/4,209.17,Community,0,1
PCL-LG-KL-0373-05,LG-KL-0373,SY-772/5,209.17,Government,1,0
PCL-LG-KL-0373-06,LG-KL-0373,SY-257/6,209.17,Forest,1,0
PCL-LG-MP-0374-01,LG-MP-0374,SY-480/1,333.66,Government,1,0
PCL-LG-MP-0374-02,LG-MP-0374,SY-644/2,333.66,Community,0,0
PCL-LG-MP-0374-03,LG-MP-0374,SY-311/3,333.66,Forest,1,0
PCL-LG-MP-0374-04,LG-MP-0374,SY-673/4,333.66,Private,1,1
PCL-LG-MP-0374-05,LG-MP-0374,SY-611/5,333.66,Government,1,1
PCL-LG-MP-0374-06,LG-MP-0374,SY-709/6,333.66,Forest,0,0
PCL-LG-MP-0374-07,LG-MP-0374,SY-374/7,333.66,Community,1,0
PCL-LG-MH-0375-01,LG-MH-0375,SY-487/1,136.05,Private,1,1
PCL-LG-MH-0375-02,LG-MH-0375,SY-814/2,136.05,Government,0,1
PCL-LG-MH-0375-03,LG-MH-0375,SY-342/3,136.05,Private,0,0
PCL-LG-MH-0375-04,LG-MH-0375,SY-981/4,136.05,Community,1,0
PCL-LG-MH-0375-05,LG-MH-0375,SY-814/5,136.05,Forest,1,0
PCL-LG-MH-0375-06,LG-MH-0375,SY-694/6,136.05,Private,1,0
PCL-LG-MH-0375-07,LG-MH-0375,SY-744/7,136.05,Forest,0,0
PCL-LG-MH-0375-08,LG-MH-0375,SY-322/8,136.05,Private,1,1
PCL-LG-MN-0376-01,LG-MN-0376,SY-305/1,236.33,Community,1,1
PCL-LG-MN-0376-02,LG-MN-0376,SY-220/2,236.33,Private,1,1
PCL-LG-MN-0376-03,LG-MN-0376,SY-179/3,236.33,Community,1,0
PCL-LG-MN-0376-04,LG-MN-0376,SY-556/4,236.33,Community,1,0
PCL-LG-MN-0376-05,LG-MN-0376,SY-959/5,236.33,Private,1,0
PCL-LG-MN-0376-06,LG-MN-0376,SY-858/6,236.33,Forest,1,1
PCL-LG-ML-0377-01,LG-ML-0377,SY-587/1,120.08,Government,0,0
PCL-LG-ML-0377-02,LG-ML-0377,SY-263/2,120.08,Community,1,1
PCL-LG-ML-0377-03,LG-ML-0377,SY-424/3,120.08,Community,0,0
PCL-LG-ML-0377-04,LG-ML-0377,SY-580/4,120.08,Private,1,0
PCL-LG-ML-0377-05,LG-ML-0377,SY-405/5,120.08,Private,0,0
PCL-LG-ML-0377-06,LG-ML-0377,SY-286/6,120.08,Community,1,0
PCL-LG-ML-0377-07,LG-ML-0377,SY-399/7,120.08,Government,0,0
PCL-LG-ML-0377-08,LG-ML-0377,SY-150/8,120.08,Government,1,0
PCL-LG-MZ-0378-01,LG-MZ-0378,SY-945/1,40.33,Private,1,0
PCL-LG-MZ-0378-02,LG-MZ-0378,SY-500/2,40.33,Government,0,0
PCL-LG-MZ-0378-03,LG-MZ-0378,SY-530/3,40.33,Private,1,0
PCL-LG-MZ-0378-04,LG-MZ-0378,SY-355/4,40.33,Community,1,0
PCL-LG-MZ-0378-05,LG-MZ-0378,SY-468/5,40.33,Community,0,0
PCL-LG-MZ-0378-06,LG-MZ-0378,SY-809/6,40.33,Government,1,1
PCL-LG-MZ-0378-07,LG-MZ-0378,SY-372/7,40.33,Government,1,0
PCL-LG-MZ-0378-08,LG-MZ-0378,SY-839/8,40.33,Forest,0,0
PCL-LG-NL-0379-01,LG-NL-0379,SY-546/1,261.12,Forest,1,1
PCL-LG-NL-0379-02,LG-NL-0379,SY-714/2,261.12,Government,1,0
PCL-LG-NL-0379-03,LG-NL-0379,SY-809/3,261.12,Forest,1,0
PCL-LG-NL-0379-04,LG-NL-0379,SY-807/4,261.12,Forest,0,1
PCL-LG-NL-0379-05,LG-NL-0379,SY-126/5,261.12,Community,1,0
PCL-LG-NL-0379-06,LG-NL-0379,SY-902/6,261.12,Government,1,1
PCL-LG-OD-0380-01,LG-OD-0380,SY-281/1,172.1,Government,1,0
PCL-LG-OD-0380-02,LG-OD-0380,SY-247/2,172.1,Community,0,0
PCL-LG-OD-0380-03,LG-OD-0380,SY-483/3,172.1,Government,1,1
PCL-LG-OD-0380-04,LG-OD-0380,SY-764/4,172.1,Community,1,0
PCL-LG-OD-0380-05,LG-OD-0380,SY-260/5,172.1,Community,1,1
PCL-LG-OD-0380-06,LG-OD-0380,SY-610/6,172.1,Forest,0,0
PCL-LG-OD-0380-07,LG-OD-0380,SY-792/7,172.1,Forest,1,0
PCL-LG-OD-0380-08,LG-OD-0380,SY-565/8,172.1,Government,1,0
PCL-LG-PB-0381-01,LG-PB-0381,SY-225/1,811.97,Forest,1,1
PCL-LG-PB-0381-02,LG-PB-0381,SY-659/2,811.97,Private,0,0
PCL-LG-PB-0381-03,LG-PB-0381,SY-512/3,811.97,Forest,1,0
PCL-LG-RJ-0382-01,LG-RJ-0382,SY-793/1,246.76,Forest,1,1
PCL-LG-RJ-0382-02,LG-RJ-0382,SY-112/2,246.76,Forest,1,0
PCL-LG-RJ-0382-03,LG-RJ-0382,SY-101/3,246.76,Community,0,1
PCL-LG-RJ-0382-04,LG-RJ-0382,SY-603/4,246.76,Forest,1,0
PCL-LG-RJ-0382-05,LG-RJ-0382,SY-545/5,246.76,Private,1,0
PCL-LG-RJ-0382-06,LG-RJ-0382,SY-644/6,246.76,Community,0,0
PCL-LG-RJ-0382-07,LG-RJ-0382,SY-949/7,246.76,Community,1,0
PCL-LG-RJ-0382-08,LG-RJ-0382,SY-881/8,246.76,Forest,1,0
PCL-LG-SK-0383-01,LG-SK-0383,SY-407/1,184.07,Community,0,0
PCL-LG-SK-0383-02,LG-SK-0383,SY-861/2,184.07,Community,1,0
PCL-LG-SK-0383-03,LG-SK-0383,SY-591/3,184.07,Government,1,1
PCL-LG-SK-0383-04,LG-SK-0383,SY-540/4,184.07,Government,1,1
PCL-LG-TN-0384-01,LG-TN-0384,SY-453/1,321.83,Private,1,0
PCL-LG-TN-0384-02,LG-TN-0384,SY-596/2,321.83,Forest,1,1
PCL-LG-TN-0384-03,LG-TN-0384,SY-754/3,321.83,Community,1,0
PCL-LG-TS-0385-01,LG-TS-0385,SY-151/1,98.34,Forest,1,0
PCL-LG-TS-0385-02,LG-TS-0385,SY-714/2,98.34,Forest,1,0
PCL-LG-TS-0385-03,LG-TS-0385,SY-748/3,98.34,Private,1,0
PCL-LG-TS-0385-04,LG-TS-0385,SY-233/4,98.34,Community,1,1
PCL-LG-TS-0385-05,LG-TS-0385,SY-589/5,98.34,Community,1,1
PCL-LG-TR-0386-01,LG-TR-0386,SY-376/1,781.43,Forest,0,0
PCL-LG-TR-0386-02,LG-TR-0386,SY-341/2,781.43,Community,0,0
PCL-LG-TR-0386-03,LG-TR-0386,SY-685/3,781.43,Forest,1,1
PCL-LG-UP-0387-01,LG-UP-0387,SY-195/1,344.31,Community,1,0
PCL-LG-UP-0387-02,LG-UP-0387,SY-837/2,344.31,Government,0,0
PCL-LG-UP-0387-03,LG-UP-0387,SY-473/3,344.31,Government,0,1
PCL-LG-UP-0387-04,LG-UP-0387,SY-641/4,344.31,Forest,0,0
PCL-LG-UP-0387-05,LG-UP-0387,SY-618/5,344.31,Forest,1,0
PCL-LG-UP-0387-06,LG-UP-0387,SY-219/6,344.31,Government,1,1
PCL-LG-UP-0387-07,LG-UP-0387,SY-726/7,344.31,Forest,1,0
PCL-LG-UK-0388-01,LG-UK-0388,SY-715/1,248.8,Community,1,0
PCL-LG-UK-0388-02,LG-UK-0388,SY-348/2,248.8,Forest,1,0
PCL-LG-UK-0388-03,LG-UK-0388,SY-590/3,248.8,Forest,0,0
PCL-LG-UK-0388-04,LG-UK-0388,SY-594/4,248.8,Forest,1,0
PCL-LG-UK-0388-05,LG-UK-0388,SY-755/5,248.8,Government,1,0
PCL-LG-UK-0388-06,LG-UK-0388,SY-327/6,248.8,Forest,0,0
PCL-LG-UK-0388-07,LG-UK-0388,SY-478/7,248.8,Community,1,1
PCL-LG-UK-0388-08,LG-UK-0388,SY-183/8,248.8,Community,1,0
PCL-LG-WB-0389-01,LG-WB-0389,SY-706/1,273.3,Government,1,1
PCL-LG-WB-0389-02,LG-WB-0389,SY-291/2,273.3,Private,1,0
PCL-LG-WB-0389-03,LG-WB-0389,SY-431/3,273.3,Private,1,0
PCL-LG-WB-0389-04,LG-WB-0389,SY-459/4,273.3,Private,0,0
PCL-LG-WB-0389-05,LG-WB-0389,SY-488/5,273.3,Forest,1,0
PCL-LG-WB-0389-06,LG-WB-0389,SY-133/6,273.3,Forest,1,1
PCL-LG-AN-0390-01,LG-AN-0390,SY-383/1,67.4,Forest,1,0
PCL-LG-AN-0390-02,LG-AN-0390,SY-518/2,67.4,Government,0,0
PCL-LG-AN-0390-03,LG-AN-0390,SY-237/3,67.4,Government,1,0
PCL-LG-AN-0390-04,LG-AN-0390,SY-156/4,67.4,Community,1,0
PCL-LG-CH-0391-01,LG-CH-0391,SY-480/1,588.02,Government,1,1
PCL-LG-CH-0391-02,LG-CH-0391,SY-583/2,588.02,Forest,1,1
PCL-LG-CH-0391-03,LG-CH-0391,SY-505/3,588.02,Government,1,1
PCL-LG-CH-0391-04,LG-CH-0391,SY-820/4,588.02,Private,0,0
PCL-LG-DH-0392-01,LG-DH-0392,SY-601/1,222.84,Community,1,1
PCL-LG-DH-0392-02,LG-DH-0392,SY-581/2,222.84,Government,0,0
PCL-LG-DH-0392-03,LG-DH-0392,SY-576/3,222.84,Community,1,0
PCL-LG-DH-0392-04,LG-DH-0392,SY-702/4,222.84,Community,0,0
PCL-LG-DH-0392-05,LG-DH-0392,SY-694/5,222.84,Government,0,0
PCL-LG-DH-0392-06,LG-DH-0392,SY-521/6,222.84,Private,0,1
PCL-LG-DH-0392-07,LG-DH-0392,SY-683/7,222.84,Community,1,0
PCL-LG-DL-0393-01,LG-DL-0393,SY-909/1,92.83,Private,1,0
PCL-LG-DL-0393-02,LG-DL-0393,SY-472/2,92.83,Private,0,1
PCL-LG-DL-0393-03,LG-DL-0393,SY-243/3,92.83,Community,1,1
PCL-LG-JK-0394-01,LG-JK-0394,SY-891/1,208.15,Private,1,0
PCL-LG-JK-0394-02,LG-JK-0394,SY-552/2,208.15,Government,1,1
PCL-LG-JK-0394-03,LG-JK-0394,SY-251/3,208.15,Community,1,0
PCL-LG-JK-0394-04,LG-JK-0394,SY-559/4,208.15,Government,1,0
PCL-LG-JK-0394-05,LG-JK-0394,SY-495/5,208.15,Government,1,0
PCL-LG-JK-0394-06,LG-JK-0394,SY-736/6,208.15,Forest,1,1
PCL-LG-JK-0394-07,LG-JK-0394,SY-459/7,208.15,Community,0,0
PCL-LG-JK-0394-08,LG-JK-0394,SY-169/8,208.15,Community,0,0
PCL-LG-LA-0395-01,LG-LA-0395,SY-698/1,433.5,Community,1,0
PCL-LG-LA-0395-02,LG-LA-0395,SY-920/2,433.5,Forest,1,1
PCL-LG-LA-0395-03,LG-LA-0395,SY-704/3,433.5,Community,1,1
PCL-LG-LA-0395-04,LG-LA-0395,SY-787/4,433.5,Forest,1,0
PCL-LG-LD-0396-01,LG-LD-0396,SY-828/1,263.82,Forest,1,1
PCL-LG-LD-0396-02,LG-LD-0396,SY-663/2,263.82,Private,1,0
PCL-LG-LD-0396-03,LG-LD-0396,SY-859/3,263.82,Community,1,1
PCL-LG-LD-0396-04,LG-LD-0396,SY-741/4,263.82,Community,1,0
PCL-LG-LD-0396-05,LG-LD-0396,SY-634/5,263.82,Government,1,0
PCL-LG-PY-0397-01,LG-PY-0397,SY-858/1,50.35,Private,1,0
PCL-LG-PY-0397-02,LG-PY-0397,SY-916/2,50.35,Government,1,0
PCL-LG-PY-0397-03,LG-PY-0397,SY-720/3,50.35,Community,0,0
PCL-LG-PY-0397-04,LG-PY-0397,SY-166/4,50.35,Government,1,0
PCL-LG-PY-0397-05,LG-PY-0397,SY-497/5,50.35,Government,0,0
PCL-LG-PY-0397-06,LG-PY-0397,SY-947/6,50.35,Government,0,1
PCL-LG-AP-0398-01,LG-AP-0398,SY-329/1,205.18,Community,1,0
PCL-LG-AP-0398-02,LG-AP-0398,SY-395/2,205.18,Government,1,0
PCL-LG-AP-0398-03,LG-AP-0398,SY-328/3,205.18,Community,1,0
PCL-LG-AP-0398-04,LG-AP-0398,SY-347/4,205.18,Private,0,1
PCL-LG-AP-0398-05,LG-AP-0398,SY-296/5,205.18,Private,1,1
PCL-LG-AR-0399-01,LG-AR-0399,SY-134/1,75.55,Community,1,1
PCL-LG-AR-0399-02,LG-AR-0399,SY-613/2,75.55,Government,0,1
PCL-LG-AR-0399-03,LG-AR-0399,SY-226/3,75.55,Community,0,0
PCL-LG-AR-0399-04,LG-AR-0399,SY-303/4,75.55,Community,0,0
PCL-LG-AS-0400-01,LG-AS-0400,SY-523/1,11.71,Private,0,0
PCL-LG-AS-0400-02,LG-AS-0400,SY-592/2,11.71,Forest,1,1
PCL-LG-AS-0400-03,LG-AS-0400,SY-464/3,11.71,Community,1,1
PCL-LG-AS-0400-04,LG-AS-0400,SY-871/4,11.71,Forest,1,0
PCL-LG-AS-0400-05,LG-AS-0400,SY-930/5,11.71,Private,1,1
PCL-LG-AS-0400-06,LG-AS-0400,SY-875/6,11.71,Community,0,1
PCL-LG-AS-0400-07,LG-AS-0400,SY-233/7,11.71,Forest,1,0
PCL-LG-AS-0400-08,LG-AS-0400,SY-140/8,11.71,Government,1,1
PCL-LG-BR-0401-01,LG-BR-0401,SY-645/1,193.78,Private,1,1
PCL-LG-BR-0401-02,LG-BR-0401,SY-653/2,193.78,Forest,1,1
PCL-LG-BR-0401-03,LG-BR-0401,SY-558/3,193.78,Government,1,0
PCL-LG-BR-0401-04,LG-BR-0401,SY-596/4,193.78,Forest,1,0
PCL-LG-BR-0401-05,LG-BR-0401,SY-744/5,193.78,Government,1,1
PCL-LG-BR-0401-06,LG-BR-0401,SY-121/6,193.78,Government,1,0
PCL-LG-BR-0401-07,LG-BR-0401,SY-116/7,193.78,Forest,1,0
PCL-LG-BR-0401-08,LG-BR-0401,SY-160/8,193.78,Community,1,1
PCL-LG-CG-0402-01,LG-CG-0402,SY-219/1,592.62,Community,0,0
PCL-LG-CG-0402-02,LG-CG-0402,SY-635/2,592.62,Private,0,1
PCL-LG-CG-0402-03,LG-CG-0402,SY-941/3,592.62,Private,1,0
PCL-LG-CG-0402-04,LG-CG-0402,SY-750/4,592.62,Forest,0,0
PCL-LG-GA-0403-01,LG-GA-0403,SY-336/1,91.63,Forest,1,1
PCL-LG-GA-0403-02,LG-GA-0403,SY-382/2,91.63,Community,1,0
PCL-LG-GA-0403-03,LG-GA-0403,SY-143/3,91.63,Private,1,0
PCL-LG-GJ-0404-01,LG-GJ-0404,SY-408/1,83.71,Private,1,0
PCL-LG-GJ-0404-02,LG-GJ-0404,SY-741/2,83.71,Community,1,0
PCL-LG-GJ-0404-03,LG-GJ-0404,SY-995/3,83.71,Private,0,0
PCL-LG-GJ-0404-04,LG-GJ-0404,SY-721/4,83.71,Forest,1,0
PCL-LG-GJ-0404-05,LG-GJ-0404,SY-547/5,83.71,Forest,1,1
PCL-LG-GJ-0404-06,LG-GJ-0404,SY-330/6,83.71,Community,1,1
PCL-LG-GJ-0404-07,LG-GJ-0404,SY-322/7,83.71,Community,1,0
PCL-LG-HR-0405-01,LG-HR-0405,SY-991/1,175.18,Government,1,0
PCL-LG-HR-0405-02,LG-HR-0405,SY-433/2,175.18,Private,0,0
PCL-LG-HR-0405-03,LG-HR-0405,SY-636/3,175.18,Government,1,0
PCL-LG-HR-0405-04,LG-HR-0405,SY-166/4,175.18,Forest,1,0
PCL-LG-HP-0406-01,LG-HP-0406,SY-762/1,479.9,Community,0,1
PCL-LG-HP-0406-02,LG-HP-0406,SY-353/2,479.9,Private,1,1
PCL-LG-HP-0406-03,LG-HP-0406,SY-135/3,479.9,Forest,1,0
PCL-LG-HP-0406-04,LG-HP-0406,SY-705/4,479.9,Private,1,1
PCL-LG-HP-0406-05,LG-HP-0406,SY-993/5,479.9,Community,0,1
PCL-LG-JH-0407-01,LG-JH-0407,SY-962/1,70.22,Forest,1,0
PCL-LG-JH-0407-02,LG-JH-0407,SY-110/2,70.22,Community,1,1
PCL-LG-JH-0407-03,LG-JH-0407,SY-548/3,70.22,Private,0,0
PCL-LG-JH-0407-04,LG-JH-0407,SY-175/4,70.22,Community,1,1
PCL-LG-KA-0408-01,LG-KA-0408,SY-218/1,211.24,Community,0,1
PCL-LG-KA-0408-02,LG-KA-0408,SY-674/2,211.24,Private,1,0
PCL-LG-KA-0408-03,LG-KA-0408,SY-335/3,211.24,Forest,0,1
PCL-LG-KA-0408-04,LG-KA-0408,SY-211/4,211.24,Government,1,0
PCL-LG-KA-0408-05,LG-KA-0408,SY-155/5,211.24,Private,0,0
PCL-LG-KA-0408-06,LG-KA-0408,SY-433/6,211.24,Forest,0,0
PCL-LG-KA-0408-07,LG-KA-0408,SY-257/7,211.24,Forest,0,0
PCL-LG-KL-0409-01,LG-KL-0409,SY-258/1,108.77,Forest,1,0
PCL-LG-KL-0409-02,LG-KL-0409,SY-210/2,108.77,Government,0,0
PCL-LG-KL-0409-03,LG-KL-0409,SY-707/3,108.77,Community,0,0
PCL-LG-MP-0410-01,LG-MP-0410,SY-905/1,570.08,Forest,0,1
PCL-LG-MP-0410-02,LG-MP-0410,SY-754/2,570.08,Forest,0,0
PCL-LG-MP-0410-03,LG-MP-0410,SY-472/3,570.08,Private,1,1
PCL-LG-MP-0410-04,LG-MP-0410,SY-677/4,570.08,Community,1,0
PCL-LG-MH-0411-01,LG-MH-0411,SY-767/1,198.47,Government,1,0
PCL-LG-MH-0411-02,LG-MH-0411,SY-892/2,198.47,Community,1,0
PCL-LG-MH-0411-03,LG-MH-0411,SY-137/3,198.47,Forest,1,0
PCL-LG-MH-0411-04,LG-MH-0411,SY-946/4,198.47,Private,1,0
PCL-LG-MN-0412-01,LG-MN-0412,SY-189/1,127.08,Community,1,0
PCL-LG-MN-0412-02,LG-MN-0412,SY-968/2,127.08,Forest,1,0
PCL-LG-MN-0412-03,LG-MN-0412,SY-478/3,127.08,Government,0,0
PCL-LG-MN-0412-04,LG-MN-0412,SY-390/4,127.08,Forest,1,1
PCL-LG-MN-0412-05,LG-MN-0412,SY-910/5,127.08,Community,1,1
PCL-LG-MN-0412-06,LG-MN-0412,SY-477/6,127.08,Forest,1,1
PCL-LG-ML-0413-01,LG-ML-0413,SY-959/1,245.86,Private,1,1
PCL-LG-ML-0413-02,LG-ML-0413,SY-937/2,245.86,Community,1,0
PCL-LG-ML-0413-03,LG-ML-0413,SY-709/3,245.86,Community,0,0
PCL-LG-ML-0413-04,LG-ML-0413,SY-121/4,245.86,Government,1,0
PCL-LG-ML-0413-05,LG-ML-0413,SY-352/5,245.86,Community,1,1
PCL-LG-ML-0413-06,LG-ML-0413,SY-268/6,245.86,Forest,1,0
PCL-LG-ML-0413-07,LG-ML-0413,SY-786/7,245.86,Community,1,1
PCL-LG-ML-0413-08,LG-ML-0413,SY-920/8,245.86,Community,1,1
PCL-LG-MZ-0414-01,LG-MZ-0414,SY-223/1,237.57,Forest,0,0
PCL-LG-MZ-0414-02,LG-MZ-0414,SY-965/2,237.57,Forest,1,0
PCL-LG-MZ-0414-03,LG-MZ-0414,SY-545/3,237.57,Private,1,0
PCL-LG-MZ-0414-04,LG-MZ-0414,SY-295/4,237.57,Forest,1,0
PCL-LG-MZ-0414-05,LG-MZ-0414,SY-461/5,237.57,Forest,0,0
PCL-LG-MZ-0414-06,LG-MZ-0414,SY-670/6,237.57,Government,1,0
PCL-LG-MZ-0414-07,LG-MZ-0414,SY-837/7,237.57,Government,1,0
PCL-LG-MZ-0414-08,LG-MZ-0414,SY-646/8,237.57,Forest,1,1
PCL-LG-NL-0415-01,LG-NL-0415,SY-452/1,157.44,Private,1,1
PCL-LG-NL-0415-02,LG-NL-0415,SY-783/2,157.44,Forest,1,0
PCL-LG-NL-0415-03,LG-NL-0415,SY-991/3,157.44,Forest,1,0
PCL-LG-NL-0415-04,LG-NL-0415,SY-447/4,157.44,Private,1,0
PCL-LG-NL-0415-05,LG-NL-0415,SY-654/5,157.44,Private,1,1
PCL-LG-OD-0416-01,LG-OD-0416,SY-276/1,307.9,Private,0,0
PCL-LG-OD-0416-02,LG-OD-0416,SY-582/2,307.9,Private,1,0
PCL-LG-OD-0416-03,LG-OD-0416,SY-292/3,307.9,Government,1,0
PCL-LG-OD-0416-04,LG-OD-0416,SY-808/4,307.9,Government,1,0
PCL-LG-OD-0416-05,LG-OD-0416,SY-642/5,307.9,Private,1,0
PCL-LG-OD-0416-06,LG-OD-0416,SY-516/6,307.9,Community,1,0
PCL-LG-OD-0416-07,LG-OD-0416,SY-353/7,307.9,Government,1,0
PCL-LG-PB-0417-01,LG-PB-0417,SY-559/1,358.07,Community,0,0
PCL-LG-PB-0417-02,LG-PB-0417,SY-398/2,358.07,Community,1,1
PCL-LG-PB-0417-03,LG-PB-0417,SY-912/3,358.07,Private,1,0
PCL-LG-PB-0417-04,LG-PB-0417,SY-650/4,358.07,Community,0,0
PCL-LG-RJ-0418-01,LG-RJ-0418,SY-802/1,236.71,Government,1,0
PCL-LG-RJ-0418-02,LG-RJ-0418,SY-721/2,236.71,Government,1,0
PCL-LG-RJ-0418-03,LG-RJ-0418,SY-527/3,236.71,Community,1,1
PCL-LG-RJ-0418-04,LG-RJ-0418,SY-606/4,236.71,Government,0,0
PCL-LG-RJ-0418-05,LG-RJ-0418,SY-616/5,236.71,Forest,1,1
PCL-LG-RJ-0418-06,LG-RJ-0418,SY-438/6,236.71,Government,0,1
PCL-LG-RJ-0418-07,LG-RJ-0418,SY-532/7,236.71,Community,1,0
PCL-LG-SK-0419-01,LG-SK-0419,SY-295/1,53.37,Private,0,0
PCL-LG-SK-0419-02,LG-SK-0419,SY-830/2,53.37,Government,1,0
PCL-LG-SK-0419-03,LG-SK-0419,SY-560/3,53.37,Private,1,0
PCL-LG-TN-0420-01,LG-TN-0420,SY-142/1,462.54,Government,1,0
PCL-LG-TN-0420-02,LG-TN-0420,SY-304/2,462.54,Private,1,1
PCL-LG-TN-0420-03,LG-TN-0420,SY-845/3,462.54,Private,1,0
PCL-LG-TN-0420-04,LG-TN-0420,SY-507/4,462.54,Community,1,1
PCL-LG-TN-0420-05,LG-TN-0420,SY-937/5,462.54,Private,1,0
PCL-LG-TS-0421-01,LG-TS-0421,SY-238/1,84.0,Private,1,1
PCL-LG-TS-0421-02,LG-TS-0421,SY-327/2,84.0,Forest,1,0
PCL-LG-TS-0421-03,LG-TS-0421,SY-212/3,84.0,Forest,1,1
PCL-LG-TS-0421-04,LG-TS-0421,SY-346/4,84.0,Community,1,0
PCL-LG-TS-0421-05,LG-TS-0421,SY-596/5,84.0,Government,1,0
PCL-LG-TS-0421-06,LG-TS-0421,SY-980/6,84.0,Forest,1,0
PCL-LG-TR-0422-01,LG-TR-0422,SY-486/1,22.01,Community,1,1
PCL-LG-TR-0422-02,LG-TR-0422,SY-530/2,22.01,Government,1,1
PCL-LG-TR-0422-03,LG-TR-0422,SY-489/3,22.01,Forest,1,0
PCL-LG-TR-0422-04,LG-TR-0422,SY-506/4,22.01,Private,1,0
PCL-LG-TR-0422-05,LG-TR-0422,SY-768/5,22.01,Government,1,0
PCL-LG-TR-0422-06,LG-TR-0422,SY-983/6,22.01,Community,1,0
PCL-LG-TR-0422-07,LG-TR-0422,SY-444/7,22.01,Private,1,0
PCL-LG-TR-0422-08,LG-TR-0422,SY-756/8,22.01,Private,1,0
PCL-LG-UP-0423-01,LG-UP-0423,SY-525/1,741.9,Government,1,0
PCL-LG-UP-0423-02,LG-UP-0423,SY-642/2,741.9,Forest,1,0
PCL-LG-UP-0423-03,LG-UP-0423,SY-430/3,741.9,Community,0,1
PCL-LG-UK-0424-01,LG-UK-0424,SY-504/1,422.23,Government,1,0
PCL-LG-UK-0424-02,LG-UK-0424,SY-677/2,422.23,Community,1,0
PCL-LG-UK-0424-03,LG-UK-0424,SY-988/3,422.23,Community,0,0
PCL-LG-WB-0425-01,LG-WB-0425,SY-150/1,449.6,Government,0,1
PCL-LG-WB-0425-02,LG-WB-0425,SY-195/2,449.6,Community,1,0
PCL-LG-WB-0425-03,LG-WB-0425,SY-397/3,449.6,Private,0,0
PCL-LG-WB-0425-04,LG-WB-0425,SY-582/4,449.6,Government,1,1
PCL-LG-WB-0425-05,LG-WB-0425,SY-802/5,449.6,Community,1,0
PCL-LG-AN-0426-01,LG-AN-0426,SY-692/1,381.48,Private,1,1
PCL-LG-AN-0426-02,LG-AN-0426,SY-110/2,381.48,Government,1,0
PCL-LG-AN-0426-03,LG-AN-0426,SY-449/3,381.48,Community,1,0
PCL-LG-AN-0426-04,LG-AN-0426,SY-915/4,381.48,Private,0,0
PCL-LG-CH-0427-01,LG-CH-0427,SY-281/1,112.41,Forest,0,0
PCL-LG-CH-0427-02,LG-CH-0427,SY-625/2,112.41,Forest,0,1
PCL-LG-CH-0427-03,LG-CH-0427,SY-635/3,112.41,Government,1,0
PCL-LG-CH-0427-04,LG-CH-0427,SY-272/4,112.41,Community,1,1
PCL-LG-CH-0427-05,LG-CH-0427,SY-220/5,112.41,Forest,1,0
PCL-LG-CH-0427-06,LG-CH-0427,SY-710/6,112.41,Government,1,0
PCL-LG-CH-0427-07,LG-CH-0427,SY-688/7,112.41,Community,1,0
PCL-LG-CH-0427-08,LG-CH-0427,SY-362/8,112.41,Private,1,0
PCL-LG-DH-0428-01,LG-DH-0428,SY-786/1,296.66,Government,1,0
PCL-LG-DH-0428-02,LG-DH-0428,SY-889/2,296.66,Forest,1,0
PCL-LG-DH-0428-03,LG-DH-0428,SY-756/3,296.66,Private,0,0
PCL-LG-DH-0428-04,LG-DH-0428,SY-469/4,296.66,Forest,0,1
PCL-LG-DH-0428-05,LG-DH-0428,SY-153/5,296.66,Private,0,1
PCL-LG-DH-0428-06,LG-DH-0428,SY-951/6,296.66,Government,1,0
PCL-LG-DH-0428-07,LG-DH-0428,SY-321/7,296.66,Community,0,1
PCL-LG-DL-0429-01,LG-DL-0429,SY-347/1,261.17,Community,1,0
PCL-LG-DL-0429-02,LG-DL-0429,SY-753/2,261.17,Forest,1,0
PCL-LG-DL-0429-03,LG-DL-0429,SY-951/3,261.17,Forest,1,1
PCL-LG-DL-0429-04,LG-DL-0429,SY-604/4,261.17,Forest,1,0
PCL-LG-DL-0429-05,LG-DL-0429,SY-995/5,261.17,Community,0,0
PCL-LG-DL-0429-06,LG-DL-0429,SY-731/6,261.17,Private,1,0
PCL-LG-DL-0429-07,LG-DL-0429,SY-554/7,261.17,Government,1,1
PCL-LG-JK-0430-01,LG-JK-0430,SY-912/1,292.33,Government,1,1
PCL-LG-JK-0430-02,LG-JK-0430,SY-823/2,292.33,Private,1,0
PCL-LG-JK-0430-03,LG-JK-0430,SY-314/3,292.33,Government,1,0
PCL-LG-LA-0431-01,LG-LA-0431,SY-530/1,24.19,Community,1,0
PCL-LG-LA-0431-02,LG-LA-0431,SY-218/2,24.19,Private,1,0
PCL-LG-LA-0431-03,LG-LA-0431,SY-515/3,24.19,Private,1,1
PCL-LG-LA-0431-04,LG-LA-0431,SY-793/4,24.19,Government,1,0
PCL-LG-LA-0431-05,LG-LA-0431,SY-290/5,24.19,Private,0,0
PCL-LG-LA-0431-06,LG-LA-0431,SY-278/6,24.19,Community,1,1
PCL-LG-LA-0431-07,LG-LA-0431,SY-680/7,24.19,Government,1,0
PCL-LG-LA-0431-08,LG-LA-0431,SY-861/8,24.19,Forest,1,0
PCL-LG-LD-0432-01,LG-LD-0432,SY-957/1,14.92,Government,1,0
PCL-LG-LD-0432-02,LG-LD-0432,SY-488/2,14.92,Private,1,0
PCL-LG-LD-0432-03,LG-LD-0432,SY-662/3,14.92,Government,1,0
PCL-LG-LD-0432-04,LG-LD-0432,SY-107/4,14.92,Private,0,0
PCL-LG-LD-0432-05,LG-LD-0432,SY-807/5,14.92,Community,1,1
PCL-LG-LD-0432-06,LG-LD-0432,SY-913/6,14.92,Forest,1,0
PCL-LG-PY-0433-01,LG-PY-0433,SY-356/1,304.88,Private,1,0
PCL-LG-PY-0433-02,LG-PY-0433,SY-718/2,304.88,Forest,1,1
PCL-LG-PY-0433-03,LG-PY-0433,SY-175/3,304.88,Private,1,0
PCL-LG-PY-0433-04,LG-PY-0433,SY-522/4,304.88,Community,1,1
PCL-LG-PY-0433-05,LG-PY-0433,SY-466/5,304.88,Government,0,0
PCL-LG-PY-0433-06,LG-PY-0433,SY-473/6,304.88,Forest,1,0
PCL-LG-PY-0433-07,LG-PY-0433,SY-918/7,304.88,Community,1,0
PCL-LG-PY-0433-08,LG-PY-0433,SY-286/8,304.88,Forest,1,0
PCL-LG-AP-0434-01,LG-AP-0434,SY-128/1,298.77,Government,1,1
PCL-LG-AP-0434-02,LG-AP-0434,SY-902/2,298.77,Community,0,0
PCL-LG-AP-0434-03,LG-AP-0434,SY-155/3,298.77,Community,0,0
PCL-LG-AP-0434-04,LG-AP-0434,SY-860/4,298.77,Community,1,0
PCL-LG-AP-0434-05,LG-AP-0434,SY-401/5,298.77,Government,1,0
PCL-LG-AP-0434-06,LG-AP-0434,SY-556/6,298.77,Community,0,0
PCL-LG-AP-0434-07,LG-AP-0434,SY-183/7,298.77,Forest,1,0
PCL-LG-AP-0434-08,LG-AP-0434,SY-582/8,298.77,Private,0,0
PCL-LG-AR-0435-01,LG-AR-0435,SY-254/1,437.0,Government,0,1
PCL-LG-AR-0435-02,LG-AR-0435,SY-739/2,437.0,Community,1,0
PCL-LG-AR-0435-03,LG-AR-0435,SY-503/3,437.0,Private,1,1
PCL-LG-AR-0435-04,LG-AR-0435,SY-575/4,437.0,Private,0,1
PCL-LG-AS-0436-01,LG-AS-0436,SY-982/1,228.56,Government,1,0
PCL-LG-AS-0436-02,LG-AS-0436,SY-208/2,228.56,Forest,1,0
PCL-LG-AS-0436-03,LG-AS-0436,SY-168/3,228.56,Forest,1,1
PCL-LG-AS-0436-04,LG-AS-0436,SY-369/4,228.56,Private,1,0
PCL-LG-AS-0436-05,LG-AS-0436,SY-818/5,228.56,Forest,1,0
PCL-LG-AS-0436-06,LG-AS-0436,SY-526/6,228.56,Community,1,0
PCL-LG-AS-0436-07,LG-AS-0436,SY-788/7,228.56,Government,0,0
PCL-LG-BR-0437-01,LG-BR-0437,SY-581/1,129.46,Forest,1,1
PCL-LG-BR-0437-02,LG-BR-0437,SY-100/2,129.46,Community,0,1
PCL-LG-BR-0437-03,LG-BR-0437,SY-428/3,129.46,Forest,1,1
PCL-LG-BR-0437-04,LG-BR-0437,SY-154/4,129.46,Forest,0,1
PCL-LG-BR-0437-05,LG-BR-0437,SY-933/5,129.46,Private,1,0
PCL-LG-BR-0437-06,LG-BR-0437,SY-107/6,129.46,Private,1,0
PCL-LG-BR-0437-07,LG-BR-0437,SY-512/7,129.46,Private,0,0
PCL-LG-BR-0437-08,LG-BR-0437,SY-496/8,129.46,Private,1,1
PCL-LG-CG-0438-01,LG-CG-0438,SY-216/1,501.4,Private,1,0
PCL-LG-CG-0438-02,LG-CG-0438,SY-318/2,501.4,Government,1,1
PCL-LG-CG-0438-03,LG-CG-0438,SY-634/3,501.4,Private,0,0
PCL-LG-GA-0439-01,LG-GA-0439,SY-350/1,486.37,Forest,0,1
PCL-LG-GA-0439-02,LG-GA-0439,SY-489/2,486.37,Forest,0,0
PCL-LG-GA-0439-03,LG-GA-0439,SY-112/3,486.37,Private,1,1
PCL-LG-GJ-0440-01,LG-GJ-0440,SY-781/1,22.1,Forest,1,0
PCL-LG-GJ-0440-02,LG-GJ-0440,SY-899/2,22.1,Community,1,1
PCL-LG-GJ-0440-03,LG-GJ-0440,SY-994/3,22.1,Community,1,0
PCL-LG-HR-0441-01,LG-HR-0441,SY-225/1,144.67,Community,1,0
PCL-LG-HR-0441-02,LG-HR-0441,SY-377/2,144.67,Government,1,1
PCL-LG-HR-0441-03,LG-HR-0441,SY-824/3,144.67,Private,1,0
PCL-LG-HP-0442-01,LG-HP-0442,SY-424/1,123.73,Forest,0,0
PCL-LG-HP-0442-02,LG-HP-0442,SY-247/2,123.73,Forest,1,0
PCL-LG-HP-0442-03,LG-HP-0442,SY-334/3,123.73,Private,0,0
PCL-LG-HP-0442-04,LG-HP-0442,SY-229/4,123.73,Private,1,0
PCL-LG-HP-0442-05,LG-HP-0442,SY-623/5,123.73,Forest,0,0
PCL-LG-HP-0442-06,LG-HP-0442,SY-329/6,123.73,Forest,1,1
PCL-LG-JH-0443-01,LG-JH-0443,SY-446/1,172.68,Government,1,0
PCL-LG-JH-0443-02,LG-JH-0443,SY-805/2,172.68,Community,0,0
PCL-LG-JH-0443-03,LG-JH-0443,SY-250/3,172.68,Private,0,0
PCL-LG-JH-0443-04,LG-JH-0443,SY-534/4,172.68,Forest,1,0
PCL-LG-JH-0443-05,LG-JH-0443,SY-879/5,172.68,Government,1,0
PCL-LG-JH-0443-06,LG-JH-0443,SY-870/6,172.68,Forest,1,0
PCL-LG-JH-0443-07,LG-JH-0443,SY-540/7,172.68,Private,1,1
PCL-LG-JH-0443-08,LG-JH-0443,SY-941/8,172.68,Forest,1,0
PCL-LG-KA-0444-01,LG-KA-0444,SY-318/1,178.44,Community,1,0
PCL-LG-KA-0444-02,LG-KA-0444,SY-757/2,178.44,Forest,0,1
PCL-LG-KA-0444-03,LG-KA-0444,SY-908/3,178.44,Government,1,1
PCL-LG-KA-0444-04,LG-KA-0444,SY-112/4,178.44,Community,1,1
PCL-LG-KA-0444-05,LG-KA-0444,SY-595/5,178.44,Community,1,0
PCL-LG-KA-0444-06,LG-KA-0444,SY-865/6,178.44,Community,1,0
PCL-LG-KA-0444-07,LG-KA-0444,SY-670/7,178.44,Government,1,0
PCL-LG-KA-0444-08,LG-KA-0444,SY-209/8,178.44,Forest,1,1
PCL-LG-KL-0445-01,LG-KL-0445,SY-600/1,475.64,Forest,0,0
PCL-LG-KL-0445-02,LG-KL-0445,SY-343/2,475.64,Forest,1,0
PCL-LG-KL-0445-03,LG-KL-0445,SY-770/3,475.64,Community,1,0
PCL-LG-KL-0445-04,LG-KL-0445,SY-877/4,475.64,Community,1,0
PCL-LG-KL-0445-05,LG-KL-0445,SY-780/5,475.64,Community,1,0
PCL-LG-MP-0446-01,LG-MP-0446,SY-956/1,380.0,Government,1,1
PCL-LG-MP-0446-02,LG-MP-0446,SY-928/2,380.0,Community,1,0
PCL-LG-MP-0446-03,LG-MP-0446,SY-360/3,380.0,Private,1,0
PCL-LG-MP-0446-04,LG-MP-0446,SY-118/4,380.0,Private,1,1
PCL-LG-MP-0446-05,LG-MP-0446,SY-435/5,380.0,Community,0,0
PCL-LG-MH-0447-01,LG-MH-0447,SY-118/1,10.76,Forest,1,1
PCL-LG-MH-0447-02,LG-MH-0447,SY-121/2,10.76,Forest,1,0
PCL-LG-MH-0447-03,LG-MH-0447,SY-713/3,10.76,Forest,0,1
PCL-LG-MH-0447-04,LG-MH-0447,SY-256/4,10.76,Private,1,0
PCL-LG-MH-0447-05,LG-MH-0447,SY-847/5,10.76,Government,0,0
PCL-LG-MH-0447-06,LG-MH-0447,SY-617/6,10.76,Private,0,0
PCL-LG-MH-0447-07,LG-MH-0447,SY-858/7,10.76,Government,1,0
PCL-LG-MH-0447-08,LG-MH-0447,SY-536/8,10.76,Private,1,1
PCL-LG-MN-0448-01,LG-MN-0448,SY-982/1,149.36,Forest,1,1
PCL-LG-MN-0448-02,LG-MN-0448,SY-838/2,149.36,Community,1,1
PCL-LG-MN-0448-03,LG-MN-0448,SY-599/3,149.36,Private,1,0
PCL-LG-MN-0448-04,LG-MN-0448,SY-614/4,149.36,Government,1,0
PCL-LG-MN-0448-05,LG-MN-0448,SY-253/5,149.36,Private,0,1
PCL-LG-ML-0449-01,LG-ML-0449,SY-717/1,433.76,Government,1,0
PCL-LG-ML-0449-02,LG-ML-0449,SY-314/2,433.76,Government,1,0
PCL-LG-ML-0449-03,LG-ML-0449,SY-437/3,433.76,Community,0,0
PCL-LG-ML-0449-04,LG-ML-0449,SY-240/4,433.76,Forest,1,1
PCL-LG-ML-0449-05,LG-ML-0449,SY-825/5,433.76,Government,1,0
PCL-LG-MZ-0450-01,LG-MZ-0450,SY-534/1,800.23,Government,0,1
PCL-LG-MZ-0450-02,LG-MZ-0450,SY-218/2,800.23,Forest,1,0
PCL-LG-MZ-0450-03,LG-MZ-0450,SY-385/3,800.23,Government,0,1
PCL-LG-NL-0451-01,LG-NL-0451,SY-606/1,128.56,Government,1,0
PCL-LG-NL-0451-02,LG-NL-0451,SY-423/2,128.56,Community,1,1
PCL-LG-NL-0451-03,LG-NL-0451,SY-601/3,128.56,Forest,1,0
PCL-LG-NL-0451-04,LG-NL-0451,SY-792/4,128.56,Forest,1,0
PCL-LG-NL-0451-05,LG-NL-0451,SY-723/5,128.56,Forest,1,0
PCL-LG-NL-0451-06,LG-NL-0451,SY-549/6,128.56,Government,0,0
PCL-LG-NL-0451-07,LG-NL-0451,SY-214/7,128.56,Forest,0,0
PCL-LG-NL-0451-08,LG-NL-0451,SY-732/8,128.56,Forest,1,0
PCL-LG-OD-0452-01,LG-OD-0452,SY-980/1,400.9,Forest,1,1
PCL-LG-OD-0452-02,LG-OD-0452,SY-967/2,400.9,Forest,1,1
PCL-LG-OD-0452-03,LG-OD-0452,SY-926/3,400.9,Private,1,0
PCL-LG-PB-0453-01,LG-PB-0453,SY-968/1,197.5,Community,0,1
PCL-LG-PB-0453-02,LG-PB-0453,SY-919/2,197.5,Government,0,0
PCL-LG-PB-0453-03,LG-PB-0453,SY-787/3,197.5,Government,0,0
PCL-LG-PB-0453-04,LG-PB-0453,SY-571/4,197.5,Forest,0,0
PCL-LG-PB-0453-05,LG-PB-0453,SY-327/5,197.5,Private,0,1
PCL-LG-PB-0453-06,LG-PB-0453,SY-903/6,197.5,Private,1,1
PCL-LG-PB-0453-07,LG-PB-0453,SY-252/7,197.5,Private,1,0
PCL-LG-PB-0453-08,LG-PB-0453,SY-206/8,197.5,Private,1,0
PCL-LG-RJ-0454-01,LG-RJ-0454,SY-312/1,50.15,Private,1,0
PCL-LG-RJ-0454-02,LG-RJ-0454,SY-586/2,50.15,Forest,1,0
PCL-LG-RJ-0454-03,LG-RJ-0454,SY-883/3,50.15,Private,1,0
PCL-LG-RJ-0454-04,LG-RJ-0454,SY-514/4,50.15,Forest,1,1
PCL-LG-RJ-0454-05,LG-RJ-0454,SY-849/5,50.15,Private,1,0
PCL-LG-RJ-0454-06,LG-RJ-0454,SY-242/6,50.15,Government,1,0
PCL-LG-RJ-0454-07,LG-RJ-0454,SY-976/7,50.15,Government,1,1
PCL-LG-RJ-0454-08,LG-RJ-0454,SY-595/8,50.15,Government,1,1
PCL-LG-SK-0455-01,LG-SK-0455,SY-160/1,351.28,Forest,1,1
PCL-LG-SK-0455-02,LG-SK-0455,SY-950/2,351.28,Private,1,0
PCL-LG-SK-0455-03,LG-SK-0455,SY-112/3,351.28,Forest,0,1
PCL-LG-SK-0455-04,LG-SK-0455,SY-310/4,351.28,Community,1,0
PCL-LG-SK-0455-05,LG-SK-0455,SY-330/5,351.28,Private,0,1
PCL-LG-SK-0455-06,LG-SK-0455,SY-667/6,351.28,Government,1,0
PCL-LG-TN-0456-01,LG-TN-0456,SY-155/1,7.97,Private,1,0
PCL-LG-TN-0456-02,LG-TN-0456,SY-169/2,7.97,Forest,1,1
PCL-LG-TN-0456-03,LG-TN-0456,SY-337/3,7.97,Private,0,1
PCL-LG-TN-0456-04,LG-TN-0456,SY-408/4,7.97,Forest,1,1
PCL-LG-TN-0456-05,LG-TN-0456,SY-103/5,7.97,Government,0,1
PCL-LG-TN-0456-06,LG-TN-0456,SY-384/6,7.97,Community,1,1
PCL-LG-TN-0456-07,LG-TN-0456,SY-226/7,7.97,Private,1,0
PCL-LG-TN-0456-08,LG-TN-0456,SY-556/8,7.97,Private,1,1
PCL-LG-TS-0457-01,LG-TS-0457,SY-505/1,191.08,Government,1,0
PCL-LG-TS-0457-02,LG-TS-0457,SY-420/2,191.08,Forest,1,0
PCL-LG-TS-0457-03,LG-TS-0457,SY-976/3,191.08,Community,1,0
PCL-LG-TS-0457-04,LG-TS-0457,SY-428/4,191.08,Government,1,0
PCL-LG-TS-0457-05,LG-TS-0457,SY-765/5,191.08,Government,1,0
PCL-LG-TR-0458-01,LG-TR-0458,SY-840/1,187.86,Private,1,1
PCL-LG-TR-0458-02,LG-TR-0458,SY-128/2,187.86,Government,1,1
PCL-LG-TR-0458-03,LG-TR-0458,SY-429/3,187.86,Private,1,1
PCL-LG-TR-0458-04,LG-TR-0458,SY-647/4,187.86,Forest,0,0
PCL-LG-TR-0458-05,LG-TR-0458,SY-705/5,187.86,Government,1,1
PCL-LG-TR-0458-06,LG-TR-0458,SY-597/6,187.86,Forest,1,0
PCL-LG-TR-0458-07,LG-TR-0458,SY-171/7,187.86,Forest,0,0
PCL-LG-UP-0459-01,LG-UP-0459,SY-428/1,479.07,Government,1,1
PCL-LG-UP-0459-02,LG-UP-0459,SY-134/2,479.07,Community,1,0
PCL-LG-UP-0459-03,LG-UP-0459,SY-520/3,479.07,Community,0,0
PCL-LG-UK-0460-01,LG-UK-0460,SY-778/1,133.04,Community,1,0
PCL-LG-UK-0460-02,LG-UK-0460,SY-192/2,133.04,Private,1,1
PCL-LG-UK-0460-03,LG-UK-0460,SY-541/3,133.04,Private,1,1
PCL-LG-UK-0460-04,LG-UK-0460,SY-440/4,133.04,Forest,1,0
PCL-LG-UK-0460-05,LG-UK-0460,SY-709/5,133.04,Government,0,0
PCL-LG-UK-0460-06,LG-UK-0460,SY-843/6,133.04,Private,1,0
PCL-LG-UK-0460-07,LG-UK-0460,SY-801/7,133.04,Private,1,0
PCL-LG-UK-0460-08,LG-UK-0460,SY-604/8,133.04,Private,0,0
PCL-LG-WB-0461-01,LG-WB-0461,SY-597/1,222.07,Government,1,0
PCL-LG-WB-0461-02,LG-WB-0461,SY-199/2,222.07,Government,1,0
PCL-LG-WB-0461-03,LG-WB-0461,SY-393/3,222.07,Forest,1,0
PCL-LG-WB-0461-04,LG-WB-0461,SY-588/4,222.07,Government,1,0
PCL-LG-AN-0462-01,LG-AN-0462,SY-948/1,109.72,Forest,0,1
PCL-LG-AN-0462-02,LG-AN-0462,SY-405/2,109.72,Government,1,0
PCL-LG-AN-0462-03,LG-AN-0462,SY-672/3,109.72,Forest,0,0
PCL-LG-AN-0462-04,LG-AN-0462,SY-250/4,109.72,Forest,1,0
PCL-LG-CH-0463-01,LG-CH-0463,SY-436/1,180.23,Government,1,0
PCL-LG-CH-0463-02,LG-CH-0463,SY-833/2,180.23,Government,0,0
PCL-LG-CH-0463-03,LG-CH-0463,SY-739/3,180.23,Private,1,0
PCL-LG-CH-0463-04,LG-CH-0463,SY-933/4,180.23,Community,1,1
PCL-LG-CH-0463-05,LG-CH-0463,SY-845/5,180.23,Private,1,0
PCL-LG-CH-0463-06,LG-CH-0463,SY-661/6,180.23,Private,1,0
PCL-LG-DH-0464-01,LG-DH-0464,SY-818/1,100.42,Forest,1,1
PCL-LG-DH-0464-02,LG-DH-0464,SY-201/2,100.42,Community,1,0
PCL-LG-DH-0464-03,LG-DH-0464,SY-429/3,100.42,Community,1,1
PCL-LG-DH-0464-04,LG-DH-0464,SY-557/4,100.42,Private,0,0
PCL-LG-DH-0464-05,LG-DH-0464,SY-401/5,100.42,Government,1,0
PCL-LG-DH-0464-06,LG-DH-0464,SY-366/6,100.42,Private,1,0
PCL-LG-DH-0464-07,LG-DH-0464,SY-478/7,100.42,Forest,0,0
PCL-LG-DH-0464-08,LG-DH-0464,SY-916/8,100.42,Forest,1,1
PCL-LG-DL-0465-01,LG-DL-0465,SY-149/1,562.55,Private,0,1
PCL-LG-DL-0465-02,LG-DL-0465,SY-610/2,562.55,Forest,1,0
PCL-LG-DL-0465-03,LG-DL-0465,SY-124/3,562.55,Private,1,0
PCL-LG-DL-0465-04,LG-DL-0465,SY-984/4,562.55,Private,1,0
PCL-LG-JK-0466-01,LG-JK-0466,SY-855/1,223.34,Private,0,1
PCL-LG-JK-0466-02,LG-JK-0466,SY-590/2,223.34,Private,1,0
PCL-LG-JK-0466-03,LG-JK-0466,SY-902/3,223.34,Forest,0,0
PCL-LG-JK-0466-04,LG-JK-0466,SY-416/4,223.34,Forest,1,0
PCL-LG-JK-0466-05,LG-JK-0466,SY-113/5,223.34,Private,1,0
PCL-LG-LA-0467-01,LG-LA-0467,SY-399/1,26.13,Community,1,0
PCL-LG-LA-0467-02,LG-LA-0467,SY-357/2,26.13,Community,0,1
PCL-LG-LA-0467-03,LG-LA-0467,SY-910/3,26.13,Government,1,1
PCL-LG-LD-0468-01,LG-LD-0468,SY-929/1,187.36,Community,1,0
PCL-LG-LD-0468-02,LG-LD-0468,SY-469/2,187.36,Community,1,0
PCL-LG-LD-0468-03,LG-LD-0468,SY-664/3,187.36,Government,1,0
PCL-LG-LD-0468-04,LG-LD-0468,SY-535/4,187.36,Government,1,0
PCL-LG-LD-0468-05,LG-LD-0468,SY-532/5,187.36,Private,1,0
PCL-LG-LD-0468-06,LG-LD-0468,SY-643/6,187.36,Private,0,1
PCL-LG-LD-0468-07,LG-LD-0468,SY-439/7,187.36,Private,1,1
PCL-LG-PY-0469-01,LG-PY-0469,SY-274/1,308.4,Private,0,0
PCL-LG-PY-0469-02,LG-PY-0469,SY-281/2,308.4,Forest,1,1
PCL-LG-PY-0469-03,LG-PY-0469,SY-791/3,308.4,Private,1,1
PCL-LG-AP-0470-01,LG-AP-0470,SY-716/1,197.14,Private,1,0
PCL-LG-AP-0470-02,LG-AP-0470,SY-211/2,197.14,Forest,1,0
PCL-LG-AP-0470-03,LG-AP-0470,SY-988/3,197.14,Private,0,0
PCL-LG-AP-0470-04,LG-AP-0470,SY-172/4,197.14,Community,1,0
PCL-LG-AP-0470-05,LG-AP-0470,SY-923/5,197.14,Community,0,0
PCL-LG-AR-0471-01,LG-AR-0471,SY-740/1,242.77,Private,1,0
PCL-LG-AR-0471-02,LG-AR-0471,SY-817/2,242.77,Government,1,1
PCL-LG-AR-0471-03,LG-AR-0471,SY-569/3,242.77,Community,0,0
PCL-LG-AS-0472-01,LG-AS-0472,SY-470/1,401.3,Forest,0,0
PCL-LG-AS-0472-02,LG-AS-0472,SY-523/2,401.3,Forest,1,0
PCL-LG-AS-0472-03,LG-AS-0472,SY-488/3,401.3,Community,1,0
PCL-LG-AS-0472-04,LG-AS-0472,SY-879/4,401.3,Government,1,1
PCL-LG-BR-0473-01,LG-BR-0473,SY-186/1,153.0,Government,1,1
PCL-LG-BR-0473-02,LG-BR-0473,SY-891/2,153.0,Private,1,0
PCL-LG-BR-0473-03,LG-BR-0473,SY-984/3,153.0,Community,1,0
PCL-LG-BR-0473-04,LG-BR-0473,SY-863/4,153.0,Forest,0,1
PCL-LG-BR-0473-05,LG-BR-0473,SY-709/5,153.0,Government,0,1
PCL-LG-CG-0474-01,LG-CG-0474,SY-432/1,181.04,Private,1,0
PCL-LG-CG-0474-02,LG-CG-0474,SY-642/2,181.04,Forest,1,0
PCL-LG-CG-0474-03,LG-CG-0474,SY-688/3,181.04,Forest,0,0
PCL-LG-CG-0474-04,LG-CG-0474,SY-971/4,181.04,Forest,0,0
PCL-LG-CG-0474-05,LG-CG-0474,SY-914/5,181.04,Government,1,1
PCL-LG-CG-0474-06,LG-CG-0474,SY-859/6,181.04,Community,1,1
PCL-LG-CG-0474-07,LG-CG-0474,SY-588/7,181.04,Government,0,0
PCL-LG-CG-0474-08,LG-CG-0474,SY-782/8,181.04,Community,0,0
PCL-LG-GA-0475-01,LG-GA-0475,SY-581/1,8.31,Government,0,1
PCL-LG-GA-0475-02,LG-GA-0475,SY-146/2,8.31,Forest,1,0
PCL-LG-GA-0475-03,LG-GA-0475,SY-977/3,8.31,Government,1,0
PCL-LG-GA-0475-04,LG-GA-0475,SY-676/4,8.31,Private,0,0
PCL-LG-GA-0475-05,LG-GA-0475,SY-533/5,8.31,Government,0,0
PCL-LG-GA-0475-06,LG-GA-0475,SY-552/6,8.31,Community,0,0
PCL-LG-GA-0475-07,LG-GA-0475,SY-535/7,8.31,Community,1,1
PCL-LG-GJ-0476-01,LG-GJ-0476,SY-183/1,304.76,Private,1,0
PCL-LG-GJ-0476-02,LG-GJ-0476,SY-267/2,304.76,Community,1,0
PCL-LG-GJ-0476-03,LG-GJ-0476,SY-450/3,304.76,Government,1,0
PCL-LG-GJ-0476-04,LG-GJ-0476,SY-545/4,304.76,Community,1,1
PCL-LG-GJ-0476-05,LG-GJ-0476,SY-912/5,304.76,Forest,0,0
PCL-LG-GJ-0476-06,LG-GJ-0476,SY-426/6,304.76,Private,1,1
PCL-LG-GJ-0476-07,LG-GJ-0476,SY-483/7,304.76,Community,1,1
PCL-LG-HR-0477-01,LG-HR-0477,SY-767/1,168.91,Community,0,0
PCL-LG-HR-0477-02,LG-HR-0477,SY-777/2,168.91,Forest,1,0
PCL-LG-HR-0477-03,LG-HR-0477,SY-588/3,168.91,Community,1,0
PCL-LG-HR-0477-04,LG-HR-0477,SY-134/4,168.91,Forest,0,0
PCL-LG-HR-0477-05,LG-HR-0477,SY-156/5,168.91,Government,1,1
PCL-LG-HR-0477-06,LG-HR-0477,SY-118/6,168.91,Private,1,0
PCL-LG-HR-0477-07,LG-HR-0477,SY-388/7,168.91,Forest,1,0
PCL-LG-HP-0478-01,LG-HP-0478,SY-950/1,137.5,Forest,0,0
PCL-LG-HP-0478-02,LG-HP-0478,SY-235/2,137.5,Forest,0,1
PCL-LG-HP-0478-03,LG-HP-0478,SY-321/3,137.5,Community,1,0
PCL-LG-HP-0478-04,LG-HP-0478,SY-864/4,137.5,Forest,1,0
PCL-LG-HP-0478-05,LG-HP-0478,SY-850/5,137.5,Forest,0,0
PCL-LG-HP-0478-06,LG-HP-0478,SY-953/6,137.5,Community,1,0
PCL-LG-HP-0478-07,LG-HP-0478,SY-947/7,137.5,Forest,1,0
PCL-LG-HP-0478-08,LG-HP-0478,SY-103/8,137.5,Forest,1,1
PCL-LG-JH-0479-01,LG-JH-0479,SY-320/1,288.44,Private,0,0
PCL-LG-JH-0479-02,LG-JH-0479,SY-581/2,288.44,Community,1,1
PCL-LG-JH-0479-03,LG-JH-0479,SY-740/3,288.44,Government,0,0
PCL-LG-JH-0479-04,LG-JH-0479,SY-685/4,288.44,Forest,0,0
PCL-LG-JH-0479-05,LG-JH-0479,SY-834/5,288.44,Forest,1,1
PCL-LG-KA-0480-01,LG-KA-0480,SY-536/1,201.26,Community,1,0
PCL-LG-KA-0480-02,LG-KA-0480,SY-519/2,201.26,Community,1,1
PCL-LG-KA-0480-03,LG-KA-0480,SY-291/3,201.26,Community,0,1
PCL-LG-KA-0480-04,LG-KA-0480,SY-996/4,201.26,Forest,1,1
PCL-LG-KA-0480-05,LG-KA-0480,SY-276/5,201.26,Forest,1,1
PCL-LG-KA-0480-06,LG-KA-0480,SY-469/6,201.26,Private,1,0
PCL-LG-KA-0480-07,LG-KA-0480,SY-717/7,201.26,Community,1,0
PCL-LG-KA-0480-08,LG-KA-0480,SY-463/8,201.26,Government,0,0
PCL-LG-KL-0481-01,LG-KL-0481,SY-797/1,205.97,Forest,1,0
PCL-LG-KL-0481-02,LG-KL-0481,SY-602/2,205.97,Private,0,0
PCL-LG-KL-0481-03,LG-KL-0481,SY-677/3,205.97,Private,1,0
PCL-LG-KL-0481-04,LG-KL-0481,SY-297/4,205.97,Community,1,0
PCL-LG-KL-0481-05,LG-KL-0481,SY-975/5,205.97,Community,1,0
PCL-LG-KL-0481-06,LG-KL-0481,SY-721/6,205.97,Government,1,0
PCL-LG-MP-0482-01,LG-MP-0482,SY-497/1,238.37,Private,1,0
PCL-LG-MP-0482-02,LG-MP-0482,SY-727/2,238.37,Community,1,0
PCL-LG-MP-0482-03,LG-MP-0482,SY-739/3,238.37,Government,1,0
PCL-LG-MH-0483-01,LG-MH-0483,SY-785/1,33.18,Private,1,1
PCL-LG-MH-0483-02,LG-MH-0483,SY-164/2,33.18,Government,1,1
PCL-LG-MH-0483-03,LG-MH-0483,SY-415/3,33.18,Private,1,0
PCL-LG-MH-0483-04,LG-MH-0483,SY-889/4,33.18,Community,1,0
PCL-LG-MH-0483-05,LG-MH-0483,SY-282/5,33.18,Community,1,0
PCL-LG-MH-0483-06,LG-MH-0483,SY-738/6,33.18,Forest,1,1
PCL-LG-MN-0484-01,LG-MN-0484,SY-192/1,497.63,Community,1,1
PCL-LG-MN-0484-02,LG-MN-0484,SY-727/2,497.63,Private,1,1
PCL-LG-MN-0484-03,LG-MN-0484,SY-810/3,497.63,Government,1,0
PCL-LG-ML-0485-01,LG-ML-0485,SY-140/1,252.94,Government,1,0
PCL-LG-ML-0485-02,LG-ML-0485,SY-655/2,252.94,Government,0,1
PCL-LG-ML-0485-03,LG-ML-0485,SY-196/3,252.94,Forest,0,0
PCL-LG-ML-0485-04,LG-ML-0485,SY-704/4,252.94,Forest,1,0
PCL-LG-ML-0485-05,LG-ML-0485,SY-769/5,252.94,Government,1,0
PCL-LG-MZ-0486-01,LG-MZ-0486,SY-676/1,386.2,Private,1,1
PCL-LG-MZ-0486-02,LG-MZ-0486,SY-494/2,386.2,Community,0,1
PCL-LG-MZ-0486-03,LG-MZ-0486,SY-693/3,386.2,Forest,1,0
PCL-LG-MZ-0486-04,LG-MZ-0486,SY-687/4,386.2,Forest,1,1
PCL-LG-NL-0487-01,LG-NL-0487,SY-312/1,302.91,Community,1,1
PCL-LG-NL-0487-02,LG-NL-0487,SY-863/2,302.91,Forest,1,1
PCL-LG-NL-0487-03,LG-NL-0487,SY-612/3,302.91,Forest,0,0
PCL-LG-NL-0487-04,LG-NL-0487,SY-585/4,302.91,Community,1,0
PCL-LG-NL-0487-05,LG-NL-0487,SY-742/5,302.91,Forest,1,1
PCL-LG-NL-0487-06,LG-NL-0487,SY-349/6,302.91,Private,1,0
PCL-LG-NL-0487-07,LG-NL-0487,SY-586/7,302.91,Government,1,0
PCL-LG-NL-0487-08,LG-NL-0487,SY-689/8,302.91,Government,1,0
PCL-LG-OD-0488-01,LG-OD-0488,SY-466/1,595.62,Private,1,0
PCL-LG-OD-0488-02,LG-OD-0488,SY-302/2,595.62,Government,0,0
PCL-LG-OD-0488-03,LG-OD-0488,SY-732/3,595.62,Government,1,1
PCL-LG-OD-0488-04,LG-OD-0488,SY-748/4,595.62,Forest,1,1
PCL-LG-PB-0489-01,LG-PB-0489,SY-247/1,365.2,Community,0,1
PCL-LG-PB-0489-02,LG-PB-0489,SY-599/2,365.2,Government,1,1
PCL-LG-PB-0489-03,LG-PB-0489,SY-181/3,365.2,Government,0,0
PCL-LG-PB-0489-04,LG-PB-0489,SY-269/4,365.2,Community,0,0
PCL-LG-PB-0489-05,LG-PB-0489,SY-609/5,365.2,Community,1,0
PCL-LG-PB-0489-06,LG-PB-0489,SY-401/6,365.2,Private,0,0
PCL-LG-RJ-0490-01,LG-RJ-0490,SY-992/1,191.11,Government,0,1
PCL-LG-RJ-0490-02,LG-RJ-0490,SY-913/2,191.11,Community,1,0
PCL-LG-RJ-0490-03,LG-RJ-0490,SY-954/3,191.11,Forest,1,1
PCL-LG-RJ-0490-04,LG-RJ-0490,SY-424/4,191.11,Community,1,0
PCL-LG-RJ-0490-05,LG-RJ-0490,SY-781/5,191.11,Private,1,0
PCL-LG-RJ-0490-06,LG-RJ-0490,SY-392/6,191.11,Private,1,0
PCL-LG-RJ-0490-07,LG-RJ-0490,SY-821/7,191.11,Private,0,0
PCL-LG-RJ-0490-08,LG-RJ-0490,SY-680/8,191.11,Private,1,1
PCL-LG-SK-0491-01,LG-SK-0491,SY-355/1,401.3,Government,0,0
PCL-LG-SK-0491-02,LG-SK-0491,SY-284/2,401.3,Community,1,0
PCL-LG-SK-0491-03,LG-SK-0491,SY-641/3,401.3,Private,1,1
PCL-LG-SK-0491-04,LG-SK-0491,SY-505/4,401.3,Government,1,0
PCL-LG-SK-0491-05,LG-SK-0491,SY-130/5,401.3,Private,1,0
PCL-LG-TN-0492-01,LG-TN-0492,SY-164/1,364.52,Private,1,0
PCL-LG-TN-0492-02,LG-TN-0492,SY-836/2,364.52,Forest,1,0
PCL-LG-TN-0492-03,LG-TN-0492,SY-505/3,364.52,Community,1,0
PCL-LG-TN-0492-04,LG-TN-0492,SY-932/4,364.52,Government,0,0
PCL-LG-TS-0493-01,LG-TS-0493,SY-147/1,298.61,Private,0,0
PCL-LG-TS-0493-02,LG-TS-0493,SY-680/2,298.61,Government,1,0
PCL-LG-TS-0493-03,LG-TS-0493,SY-468/3,298.61,Community,1,0
PCL-LG-TS-0493-04,LG-TS-0493,SY-338/4,298.61,Private,1,0
PCL-LG-TS-0493-05,LG-TS-0493,SY-822/5,298.61,Community,1,0
PCL-LG-TS-0493-06,LG-TS-0493,SY-318/6,298.61,Government,0,1
PCL-LG-TS-0493-07,LG-TS-0493,SY-774/7,298.61,Private,1,0
PCL-LG-TS-0493-08,LG-TS-0493,SY-200/8,298.61,Forest,1,0
PCL-LG-TR-0494-01,LG-TR-0494,SY-178/1,606.15,Government,1,1
PCL-LG-TR-0494-02,LG-TR-0494,SY-793/2,606.15,Forest,1,0
PCL-LG-TR-0494-03,LG-TR-0494,SY-525/3,606.15,Private,1,1
PCL-LG-TR-0494-04,LG-TR-0494,SY-490/4,606.15,Forest,1,1
PCL-LG-UP-0495-01,LG-UP-0495,SY-536/1,343.69,Community,1,0
PCL-LG-UP-0495-02,LG-UP-0495,SY-765/2,343.69,Forest,1,0
PCL-LG-UP-0495-03,LG-UP-0495,SY-355/3,343.69,Forest,1,0
PCL-LG-UP-0495-04,LG-UP-0495,SY-948/4,343.69,Community,1,0
PCL-LG-UP-0495-05,LG-UP-0495,SY-949/5,343.69,Private,1,0
PCL-LG-UP-0495-06,LG-UP-0495,SY-447/6,343.69,Private,1,0
PCL-LG-UP-0495-07,LG-UP-0495,SY-864/7,343.69,Government,1,1
PCL-LG-UK-0496-01,LG-UK-0496,SY-685/1,584.3,Forest,0,0
PCL-LG-UK-0496-02,LG-UK-0496,SY-950/2,584.3,Government,0,0
PCL-LG-UK-0496-03,LG-UK-0496,SY-714/3,584.3,Government,1,0
PCL-LG-WB-0497-01,LG-WB-0497,SY-721/1,328.17,Community,0,0
PCL-LG-WB-0497-02,LG-WB-0497,SY-967/2,328.17,Forest,1,1
PCL-LG-WB-0497-03,LG-WB-0497,SY-962/3,328.17,Forest,0,0
PCL-LG-WB-0497-04,LG-WB-0497,SY-424/4,328.17,Community,1,0
PCL-LG-WB-0497-05,LG-WB-0497,SY-957/5,328.17,Forest,1,0
PCL-LG-WB-0497-06,LG-WB-0497,SY-417/6,328.17,Community,1,0
PCL-LG-AN-0498-01,LG-AN-0498,SY-704/1,135.5,Forest,0,0
PCL-LG-AN-0498-02,LG-AN-0498,SY-899/2,135.5,Community,1,0
PCL-LG-AN-0498-03,LG-AN-0498,SY-208/3,135.5,Government,0,0
PCL-LG-AN-0498-04,LG-AN-0498,SY-211/4,135.5,Private,1,1
PCL-LG-AN-0498-05,LG-AN-0498,SY-671/5,135.5,Private,0,0
PCL-LG-AN-0498-06,LG-AN-0498,SY-477/6,135.5,Private,1,1
PCL-LG-CH-0499-01,LG-CH-0499,SY-787/1,142.52,Forest,1,0
PCL-LG-CH-0499-02,LG-CH-0499,SY-143/2,142.52,Government,0,0
PCL-LG-CH-0499-03,LG-CH-0499,SY-855/3,142.52,Community,1,0
PCL-LG-CH-0499-04,LG-CH-0499,SY-368/4,142.52,Forest,1,0
PCL-LG-CH-0499-05,LG-CH-0499,SY-406/5,142.52,Forest,1,1
PCL-LG-CH-0499-06,LG-CH-0499,SY-366/6,142.52,Government,0,0
PCL-LG-DH-0500-01,LG-DH-0500,SY-119/1,181.45,Private,1,0
PCL-LG-DH-0500-02,LG-DH-0500,SY-166/2,181.45,Forest,1,0
PCL-LG-DH-0500-03,LG-DH-0500,SY-548/3,181.45,Community,1,0
PCL-LG-DH-0500-04,LG-DH-0500,SY-622/4,181.45,Forest,0,0
PCL-LG-DH-0500-05,LG-DH-0500,SY-400/5,181.45,Government,1,0
PCL-LG-DH-0500-06,LG-DH-0500,SY-520/6,181.45,Private,1,0
PCL-LG-DH-0500-07,LG-DH-0500,SY-995/7,181.45,Private,0,0
PCL-LG-DH-0500-08,LG-DH-0500,SY-775/8,181.45,Private,0,1
PCL-LG-DL-0501-01,LG-DL-0501,SY-145/1,365.0,Community,1,0
PCL-LG-DL-0501-02,LG-DL-0501,SY-325/2,365.0,Community,1,1
PCL-LG-DL-0501-03,LG-DL-0501,SY-583/3,365.0,Government,1,1
PCL-LG-JK-0502-01,LG-JK-0502,SY-766/1,67.1,Community,0,0
PCL-LG-JK-0502-02,LG-JK-0502,SY-854/2,67.1,Private,1,0
PCL-LG-JK-0502-03,LG-JK-0502,SY-357/3,67.1,Private,0,0
PCL-LG-JK-0502-04,LG-JK-0502,SY-430/4,67.1,Private,1,0
PCL-LG-JK-0502-05,LG-JK-0502,SY-542/5,67.1,Private,1,1
PCL-LG-JK-0502-06,LG-JK-0502,SY-951/6,67.1,Community,1,0
PCL-LG-JK-0502-07,LG-JK-0502,SY-827/7,67.1,Private,1,0
PCL-LG-JK-0502-08,LG-JK-0502,SY-584/8,67.1,Forest,1,1
PCL-LG-LA-0503-01,LG-LA-0503,SY-476/1,447.94,Forest,0,0
PCL-LG-LA-0503-02,LG-LA-0503,SY-205/2,447.94,Community,0,0
PCL-LG-LA-0503-03,LG-LA-0503,SY-918/3,447.94,Private,0,0
PCL-LG-LA-0503-04,LG-LA-0503,SY-599/4,447.94,Government,1,1
PCL-LG-LA-0503-05,LG-LA-0503,SY-843/5,447.94,Government,1,1
PCL-LG-LD-0504-01,LG-LD-0504,SY-406/1,523.52,Private,1,0
PCL-LG-LD-0504-02,LG-LD-0504,SY-110/2,523.52,Government,1,0
PCL-LG-LD-0504-03,LG-LD-0504,SY-262/3,523.52,Community,1,1
PCL-LG-LD-0504-04,LG-LD-0504,SY-472/4,523.52,Community,1,0
PCL-LG-PY-0505-01,LG-PY-0505,SY-948/1,37.08,Community,1,1
PCL-LG-PY-0505-02,LG-PY-0505,SY-155/2,37.08,Private,1,1
PCL-LG-PY-0505-03,LG-PY-0505,SY-888/3,37.08,Private,1,1
PCL-LG-PY-0505-04,LG-PY-0505,SY-698/4,37.08,Forest,1,1
PCL-LG-PY-0505-05,LG-PY-0505,SY-576/5,37.08,Community,1,0
PCL-LG-PY-0505-06,LG-PY-0505,SY-280/6,37.08,Government,1,0
PCL-LG-AP-0506-01,LG-AP-0506,SY-162/1,47.2,Government,0,0
PCL-LG-AP-0506-02,LG-AP-0506,SY-860/2,47.2,Private,1,0
PCL-LG-AP-0506-03,LG-AP-0506,SY-466/3,47.2,Community,1,0
PCL-LG-AP-0506-04,LG-AP-0506,SY-970/4,47.2,Community,1,1
PCL-LG-AR-0507-01,LG-AR-0507,SY-852/1,51.03,Community,1,0
PCL-LG-AR-0507-02,LG-AR-0507,SY-163/2,51.03,Government,1,0
PCL-LG-AR-0507-03,LG-AR-0507,SY-733/3,51.03,Forest,1,0
PCL-LG-AS-0508-01,LG-AS-0508,SY-500/1,563.07,Community,0,0
PCL-LG-AS-0508-02,LG-AS-0508,SY-546/2,563.07,Community,1,1
PCL-LG-AS-0508-03,LG-AS-0508,SY-515/3,563.07,Forest,0,1
PCL-LG-BR-0509-01,LG-BR-0509,SY-495/1,140.75,Private,1,0
PCL-LG-BR-0509-02,LG-BR-0509,SY-349/2,140.75,Community,0,0
PCL-LG-BR-0509-03,LG-BR-0509,SY-247/3,140.75,Private,1,0
PCL-LG-BR-0509-04,LG-BR-0509,SY-434/4,140.75,Forest,1,0
PCL-LG-CG-0510-01,LG-CG-0510,SY-120/1,99.79,Community,1,0
PCL-LG-CG-0510-02,LG-CG-0510,SY-727/2,99.79,Community,0,0
PCL-LG-CG-0510-03,LG-CG-0510,SY-942/3,99.79,Community,1,1
PCL-LG-CG-0510-04,LG-CG-0510,SY-304/4,99.79,Forest,1,0
PCL-LG-CG-0510-05,LG-CG-0510,SY-152/5,99.79,Private,0,0
PCL-LG-CG-0510-06,LG-CG-0510,SY-430/6,99.79,Forest,1,0
PCL-LG-CG-0510-07,LG-CG-0510,SY-972/7,99.79,Government,1,0
PCL-LG-GA-0511-01,LG-GA-0511,SY-540/1,360.78,Private,1,1
PCL-LG-GA-0511-02,LG-GA-0511,SY-931/2,360.78,Forest,0,0
PCL-LG-GA-0511-03,LG-GA-0511,SY-825/3,360.78,Community,1,0
PCL-LG-GA-0511-04,LG-GA-0511,SY-382/4,360.78,Government,0,0
PCL-LG-GA-0511-05,LG-GA-0511,SY-738/5,360.78,Private,1,0
PCL-LG-GJ-0512-01,LG-GJ-0512,SY-725/1,402.2,Private,1,1
PCL-LG-GJ-0512-02,LG-GJ-0512,SY-667/2,402.2,Government,1,0
PCL-LG-GJ-0512-03,LG-GJ-0512,SY-581/3,402.2,Private,1,0
PCL-LG-GJ-0512-04,LG-GJ-0512,SY-770/4,402.2,Private,1,0
PCL-LG-GJ-0512-05,LG-GJ-0512,SY-535/5,402.2,Forest,1,0
PCL-LG-GJ-0512-06,LG-GJ-0512,SY-292/6,402.2,Private,1,0
PCL-LG-HR-0513-01,LG-HR-0513,SY-914/1,299.66,Private,1,1
PCL-LG-HR-0513-02,LG-HR-0513,SY-658/2,299.66,Forest,0,0
PCL-LG-HR-0513-03,LG-HR-0513,SY-405/3,299.66,Community,1,1
PCL-LG-HR-0513-04,LG-HR-0513,SY-620/4,299.66,Private,1,0
PCL-LG-HR-0513-05,LG-HR-0513,SY-596/5,299.66,Forest,1,0
PCL-LG-HR-0513-06,LG-HR-0513,SY-263/6,299.66,Government,1,0
PCL-LG-HR-0513-07,LG-HR-0513,SY-555/7,299.66,Government,1,0
PCL-LG-HR-0513-08,LG-HR-0513,SY-329/8,299.66,Government,1,0
PCL-LG-HP-0514-01,LG-HP-0514,SY-243/1,26.05,Forest,1,0
PCL-LG-HP-0514-02,LG-HP-0514,SY-962/2,26.05,Forest,1,0
PCL-LG-HP-0514-03,LG-HP-0514,SY-293/3,26.05,Forest,1,0
PCL-LG-HP-0514-04,LG-HP-0514,SY-579/4,26.05,Private,1,0
PCL-LG-HP-0514-05,LG-HP-0514,SY-666/5,26.05,Community,1,0
PCL-LG-HP-0514-06,LG-HP-0514,SY-836/6,26.05,Forest,1,0
PCL-LG-HP-0514-07,LG-HP-0514,SY-986/7,26.05,Private,1,0
PCL-LG-HP-0514-08,LG-HP-0514,SY-625/8,26.05,Private,1,1
PCL-LG-JH-0515-01,LG-JH-0515,SY-941/1,206.6,Forest,1,0
PCL-LG-JH-0515-02,LG-JH-0515,SY-122/2,206.6,Private,0,0
PCL-LG-JH-0515-03,LG-JH-0515,SY-747/3,206.6,Private,1,1
PCL-LG-KA-0516-01,LG-KA-0516,SY-169/1,53.66,Forest,0,1
PCL-LG-KA-0516-02,LG-KA-0516,SY-718/2,53.66,Government,1,0
PCL-LG-KA-0516-03,LG-KA-0516,SY-584/3,53.66,Community,1,0
PCL-LG-KA-0516-04,LG-KA-0516,SY-675/4,53.66,Forest,0,0
PCL-LG-KA-0516-05,LG-KA-0516,SY-623/5,53.66,Community,1,0
PCL-LG-KL-0517-01,LG-KL-0517,SY-254/1,14.29,Forest,1,0
PCL-LG-KL-0517-02,LG-KL-0517,SY-717/2,14.29,Private,0,0
PCL-LG-KL-0517-03,LG-KL-0517,SY-475/3,14.29,Community,1,0
PCL-LG-KL-0517-04,LG-KL-0517,SY-930/4,14.29,Private,0,0
PCL-LG-KL-0517-05,LG-KL-0517,SY-252/5,14.29,Forest,1,0
PCL-LG-KL-0517-06,LG-KL-0517,SY-588/6,14.29,Government,1,1
PCL-LG-KL-0517-07,LG-KL-0517,SY-188/7,14.29,Government,1,1
PCL-LG-MP-0518-01,LG-MP-0518,SY-681/1,485.43,Government,0,0
PCL-LG-MP-0518-02,LG-MP-0518,SY-692/2,485.43,Forest,1,0
PCL-LG-MP-0518-03,LG-MP-0518,SY-404/3,485.43,Government,0,0
PCL-LG-MH-0519-01,LG-MH-0519,SY-809/1,65.4,Government,1,1
PCL-LG-MH-0519-02,LG-MH-0519,SY-413/2,65.4,Forest,1,0
PCL-LG-MH-0519-03,LG-MH-0519,SY-530/3,65.4,Private,1,0
PCL-LG-MH-0519-04,LG-MH-0519,SY-872/4,65.4,Forest,1,0
PCL-LG-MH-0519-05,LG-MH-0519,SY-490/5,65.4,Government,1,1
PCL-LG-MH-0519-06,LG-MH-0519,SY-558/6,65.4,Community,0,0
PCL-LG-MH-0519-07,LG-MH-0519,SY-345/7,65.4,Private,1,0
PCL-LG-MH-0519-08,LG-MH-0519,SY-108/8,65.4,Forest,1,0
PCL-LG-MN-0520-01,LG-MN-0520,SY-932/1,418.9,Government,1,0
PCL-LG-MN-0520-02,LG-MN-0520,SY-777/2,418.9,Community,1,0
PCL-LG-MN-0520-03,LG-MN-0520,SY-432/3,418.9,Private,1,0
PCL-LG-MN-0520-04,LG-MN-0520,SY-116/4,418.9,Forest,1,0
PCL-LG-ML-0521-01,LG-ML-0521,SY-351/1,387.72,Community,0,0
PCL-LG-ML-0521-02,LG-ML-0521,SY-627/2,387.72,Forest,0,0
PCL-LG-ML-0521-03,LG-ML-0521,SY-931/3,387.72,Community,1,0
PCL-LG-ML-0521-04,LG-ML-0521,SY-143/4,387.72,Government,0,0
PCL-LG-ML-0521-05,LG-ML-0521,SY-588/5,387.72,Community,0,0
PCL-LG-MZ-0522-01,LG-MZ-0522,SY-615/1,48.62,Private,1,0
PCL-LG-MZ-0522-02,LG-MZ-0522,SY-597/2,48.62,Government,1,1
PCL-LG-MZ-0522-03,LG-MZ-0522,SY-893/3,48.62,Government,1,0
PCL-LG-MZ-0522-04,LG-MZ-0522,SY-974/4,48.62,Private,0,0
PCL-LG-MZ-0522-05,LG-MZ-0522,SY-195/5,48.62,Government,1,0
PCL-LG-MZ-0522-06,LG-MZ-0522,SY-611/6,48.62,Private,0,0
PCL-LG-NL-0523-01,LG-NL-0523,SY-636/1,572.33,Community,1,0
PCL-LG-NL-0523-02,LG-NL-0523,SY-103/2,572.33,Community,1,0
PCL-LG-NL-0523-03,LG-NL-0523,SY-571/3,572.33,Government,1,0
PCL-LG-OD-0524-01,LG-OD-0524,SY-687/1,30.41,Community,1,0
PCL-LG-OD-0524-02,LG-OD-0524,SY-487/2,30.41,Community,1,0
PCL-LG-OD-0524-03,LG-OD-0524,SY-598/3,30.41,Private,1,1
PCL-LG-OD-0524-04,LG-OD-0524,SY-986/4,30.41,Government,1,0
PCL-LG-OD-0524-05,LG-OD-0524,SY-657/5,30.41,Forest,0,0
PCL-LG-OD-0524-06,LG-OD-0524,SY-615/6,30.41,Private,0,1
PCL-LG-OD-0524-07,LG-OD-0524,SY-894/7,30.41,Private,0,1
PCL-LG-PB-0525-01,LG-PB-0525,SY-260/1,63.7,Forest,1,1
PCL-LG-PB-0525-02,LG-PB-0525,SY-725/2,63.7,Community,0,0
PCL-LG-PB-0525-03,LG-PB-0525,SY-322/3,63.7,Private,1,1
PCL-LG-PB-0525-04,LG-PB-0525,SY-163/4,63.7,Government,1,1
PCL-LG-RJ-0526-01,LG-RJ-0526,SY-104/1,161.09,Forest,1,0
PCL-LG-RJ-0526-02,LG-RJ-0526,SY-643/2,161.09,Community,1,0
PCL-LG-RJ-0526-03,LG-RJ-0526,SY-646/3,161.09,Government,1,0
PCL-LG-RJ-0526-04,LG-RJ-0526,SY-526/4,161.09,Forest,0,1
PCL-LG-RJ-0526-05,LG-RJ-0526,SY-568/5,161.09,Government,0,0
PCL-LG-RJ-0526-06,LG-RJ-0526,SY-287/6,161.09,Private,1,0
PCL-LG-RJ-0526-07,LG-RJ-0526,SY-786/7,161.09,Private,0,1
PCL-LG-RJ-0526-08,LG-RJ-0526,SY-532/8,161.09,Community,1,0
PCL-LG-SK-0527-01,LG-SK-0527,SY-755/1,345.32,Community,1,0
PCL-LG-SK-0527-02,LG-SK-0527,SY-755/2,345.32,Private,0,1
PCL-LG-SK-0527-03,LG-SK-0527,SY-669/3,345.32,Private,1,0
PCL-LG-SK-0527-04,LG-SK-0527,SY-636/4,345.32,Government,1,1
PCL-LG-SK-0527-05,LG-SK-0527,SY-961/5,345.32,Government,0,0
PCL-LG-TN-0528-01,LG-TN-0528,SY-528/1,612.83,Community,1,0
PCL-LG-TN-0528-02,LG-TN-0528,SY-182/2,612.83,Forest,1,0
PCL-LG-TN-0528-03,LG-TN-0528,SY-653/3,612.83,Private,1,1
PCL-LG-TN-0528-04,LG-TN-0528,SY-851/4,612.83,Community,1,1
PCL-LG-TS-0529-01,LG-TS-0529,SY-390/1,702.77,Government,1,0
PCL-LG-TS-0529-02,LG-TS-0529,SY-784/2,702.77,Forest,0,0
PCL-LG-TS-0529-03,LG-TS-0529,SY-376/3,702.77,Community,1,1
PCL-LG-TR-0530-01,LG-TR-0530,SY-352/1,325.56,Government,1,0
PCL-LG-TR-0530-02,LG-TR-0530,SY-657/2,325.56,Government,0,0
PCL-LG-TR-0530-03,LG-TR-0530,SY-839/3,325.56,Private,1,1
PCL-LG-TR-0530-04,LG-TR-0530,SY-984/4,325.56,Community,0,0
PCL-LG-TR-0530-05,LG-TR-0530,SY-238/5,325.56,Private,1,0
PCL-LG-UP-0531-01,LG-UP-0531,SY-633/1,270.17,Forest,0,0
PCL-LG-UP-0531-02,LG-UP-0531,SY-113/2,270.17,Private,1,0
PCL-LG-UP-0531-03,LG-UP-0531,SY-559/3,270.17,Forest,0,0
PCL-LG-UP-0531-04,LG-UP-0531,SY-242/4,270.17,Private,0,1
PCL-LG-UP-0531-05,LG-UP-0531,SY-778/5,270.17,Forest,0,0
PCL-LG-UP-0531-06,LG-UP-0531,SY-746/6,270.17,Government,1,0
PCL-LG-UK-0532-01,LG-UK-0532,SY-974/1,291.54,Forest,1,0
PCL-LG-UK-0532-02,LG-UK-0532,SY-442/2,291.54,Community,0,0
PCL-LG-UK-0532-03,LG-UK-0532,SY-278/3,291.54,Government,1,0
PCL-LG-UK-0532-04,LG-UK-0532,SY-265/4,291.54,Government,0,0
PCL-LG-UK-0532-05,LG-UK-0532,SY-730/5,291.54,Forest,1,0
PCL-LG-UK-0532-06,LG-UK-0532,SY-782/6,291.54,Private,1,0
PCL-LG-UK-0532-07,LG-UK-0532,SY-892/7,291.54,Forest,1,0
PCL-LG-UK-0532-08,LG-UK-0532,SY-629/8,291.54,Government,0,1
PCL-LG-WB-0533-01,LG-WB-0533,SY-670/1,419.12,Community,1,0
PCL-LG-WB-0533-02,LG-WB-0533,SY-730/2,419.12,Government,1,1
PCL-LG-WB-0533-03,LG-WB-0533,SY-782/3,419.12,Community,1,0
PCL-LG-WB-0533-04,LG-WB-0533,SY-466/4,419.12,Forest,0,1
PCL-LG-AN-0534-01,LG-AN-0534,SY-857/1,354.66,Community,1,1
PCL-LG-AN-0534-02,LG-AN-0534,SY-522/2,354.66,Community,1,0
PCL-LG-AN-0534-03,LG-AN-0534,SY-332/3,354.66,Forest,0,0
PCL-LG-AN-0534-04,LG-AN-0534,SY-609/4,354.66,Forest,1,1
PCL-LG-AN-0534-05,LG-AN-0534,SY-419/5,354.66,Government,0,1
PCL-LG-AN-0534-06,LG-AN-0534,SY-181/6,354.66,Forest,1,0
PCL-LG-AN-0534-07,LG-AN-0534,SY-249/7,354.66,Community,1,1
PCL-LG-CH-0535-01,LG-CH-0535,SY-104/1,353.26,Community,1,0
PCL-LG-CH-0535-02,LG-CH-0535,SY-847/2,353.26,Private,1,0
PCL-LG-CH-0535-03,LG-CH-0535,SY-522/3,353.26,Forest,0,1
PCL-LG-CH-0535-04,LG-CH-0535,SY-947/4,353.26,Private,0,0
PCL-LG-CH-0535-05,LG-CH-0535,SY-391/5,353.26,Private,1,0
PCL-LG-DH-0536-01,LG-DH-0536,SY-711/1,124.73,Private,0,0
PCL-LG-DH-0536-02,LG-DH-0536,SY-464/2,124.73,Forest,1,0
PCL-LG-DH-0536-03,LG-DH-0536,SY-418/3,124.73,Government,1,0
PCL-LG-DL-0537-01,LG-DL-0537,SY-585/1,24.53,Forest,0,0
PCL-LG-DL-0537-02,LG-DL-0537,SY-770/2,24.53,Community,1,1
PCL-LG-DL-0537-03,LG-DL-0537,SY-807/3,24.53,Government,1,1
PCL-LG-JK-0538-01,LG-JK-0538,SY-285/1,34.5,Government,1,1
PCL-LG-JK-0538-02,LG-JK-0538,SY-790/2,34.5,Community,1,0
PCL-LG-JK-0538-03,LG-JK-0538,SY-611/3,34.5,Government,1,0
PCL-LG-JK-0538-04,LG-JK-0538,SY-521/4,34.5,Community,1,0
PCL-LG-JK-0538-05,LG-JK-0538,SY-683/5,34.5,Private,1,1
PCL-LG-LA-0539-01,LG-LA-0539,SY-160/1,85.18,Community,1,0
PCL-LG-LA-0539-02,LG-LA-0539,SY-933/2,85.18,Community,1,0
PCL-LG-LA-0539-03,LG-LA-0539,SY-785/3,85.18,Forest,1,1
PCL-LG-LA-0539-04,LG-LA-0539,SY-250/4,85.18,Forest,1,0
PCL-LG-LA-0539-05,LG-LA-0539,SY-516/5,85.18,Forest,1,0
PCL-LG-LA-0539-06,LG-LA-0539,SY-569/6,85.18,Community,1,0
PCL-LG-LD-0540-01,LG-LD-0540,SY-952/1,340.28,Forest,0,0
PCL-LG-LD-0540-02,LG-LD-0540,SY-243/2,340.28,Community,1,0
PCL-LG-LD-0540-03,LG-LD-0540,SY-967/3,340.28,Forest,1,0
PCL-LG-LD-0540-04,LG-LD-0540,SY-611/4,340.28,Community,1,0
PCL-LG-LD-0540-05,LG-LD-0540,SY-183/5,340.28,Community,1,0
PCL-LG-PY-0541-01,LG-PY-0541,SY-482/1,169.87,Forest,1,1
PCL-LG-PY-0541-02,LG-PY-0541,SY-958/2,169.87,Community,1,0
PCL-LG-PY-0541-03,LG-PY-0541,SY-713/3,169.87,Community,1,1
PCL-LG-PY-0541-04,LG-PY-0541,SY-856/4,169.87,Government,1,0
PCL-LG-PY-0541-05,LG-PY-0541,SY-841/5,169.87,Private,1,0
PCL-LG-PY-0541-06,LG-PY-0541,SY-267/6,169.87,Government,1,0
PCL-LG-PY-0541-07,LG-PY-0541,SY-925/7,169.87,Private,0,0
PCL-LG-AP-0542-01,LG-AP-0542,SY-336/1,52.16,Private,1,1
PCL-LG-AP-0542-02,LG-AP-0542,SY-237/2,52.16,Community,0,1
PCL-LG-AP-0542-03,LG-AP-0542,SY-385/3,52.16,Forest,1,0
PCL-LG-AP-0542-04,LG-AP-0542,SY-333/4,52.16,Government,1,0
PCL-LG-AP-0542-05,LG-AP-0542,SY-795/5,52.16,Community,0,0
PCL-LG-AP-0542-06,LG-AP-0542,SY-809/6,52.16,Forest,1,0
PCL-LG-AP-0542-07,LG-AP-0542,SY-977/7,52.16,Community,0,0
PCL-LG-AP-0542-08,LG-AP-0542,SY-368/8,52.16,Community,1,1
PCL-LG-AR-0543-01,LG-AR-0543,SY-253/1,178.33,Government,1,0
PCL-LG-AR-0543-02,LG-AR-0543,SY-676/2,178.33,Private,0,0
PCL-LG-AR-0543-03,LG-AR-0543,SY-742/3,178.33,Private,1,0
PCL-LG-AR-0543-04,LG-AR-0543,SY-710/4,178.33,Community,1,0
PCL-LG-AR-0543-05,LG-AR-0543,SY-277/5,178.33,Government,1,0
PCL-LG-AR-0543-06,LG-AR-0543,SY-488/6,178.33,Forest,1,0
PCL-LG-AS-0544-01,LG-AS-0544,SY-614/1,400.75,Government,0,0
PCL-LG-AS-0544-02,LG-AS-0544,SY-618/2,400.75,Forest,0,0
PCL-LG-AS-0544-03,LG-AS-0544,SY-987/3,400.75,Government,1,1
PCL-LG-AS-0544-04,LG-AS-0544,SY-706/4,400.75,Private,1,0
PCL-LG-BR-0545-01,LG-BR-0545,SY-472/1,168.32,Community,1,0
PCL-LG-BR-0545-02,LG-BR-0545,SY-885/2,168.32,Forest,1,0
PCL-LG-BR-0545-03,LG-BR-0545,SY-794/3,168.32,Forest,0,0
PCL-LG-BR-0545-04,LG-BR-0545,SY-219/4,168.32,Government,1,0
PCL-LG-BR-0545-05,LG-BR-0545,SY-309/5,168.32,Forest,1,0
PCL-LG-BR-0545-06,LG-BR-0545,SY-833/6,168.32,Community,1,1
PCL-LG-BR-0545-07,LG-BR-0545,SY-890/7,168.32,Private,0,1
PCL-LG-BR-0545-08,LG-BR-0545,SY-321/8,168.32,Private,1,1
PCL-LG-CG-0546-01,LG-CG-0546,SY-724/1,479.28,Forest,1,0
PCL-LG-CG-0546-02,LG-CG-0546,SY-560/2,479.28,Forest,1,1
PCL-LG-CG-0546-03,LG-CG-0546,SY-121/3,479.28,Community,1,1
PCL-LG-CG-0546-04,LG-CG-0546,SY-845/4,479.28,Private,1,1
PCL-LG-CG-0546-05,LG-CG-0546,SY-267/5,479.28,Private,1,0
PCL-LG-GA-0547-01,LG-GA-0547,SY-502/1,376.23,Forest,1,0
PCL-LG-GA-0547-02,LG-GA-0547,SY-775/2,376.23,Private,1,0
PCL-LG-GA-0547-03,LG-GA-0547,SY-368/3,376.23,Community,1,0
PCL-LG-GA-0547-04,LG-GA-0547,SY-750/4,376.23,Community,1,0
PCL-LG-GJ-0548-01,LG-GJ-0548,SY-478/1,281.27,Private,0,0
PCL-LG-GJ-0548-02,LG-GJ-0548,SY-736/2,281.27,Forest,1,1
PCL-LG-GJ-0548-03,LG-GJ-0548,SY-511/3,281.27,Government,0,1
PCL-LG-HR-0549-01,LG-HR-0549,SY-289/1,437.93,Community,0,0
PCL-LG-HR-0549-02,LG-HR-0549,SY-361/2,437.93,Government,1,0
PCL-LG-HR-0549-03,LG-HR-0549,SY-442/3,437.93,Community,1,0
PCL-LG-HR-0549-04,LG-HR-0549,SY-887/4,437.93,Community,1,0
PCL-LG-HP-0550-01,LG-HP-0550,SY-602/1,12.15,Private,0,1
PCL-LG-HP-0550-02,LG-HP-0550,SY-736/2,12.15,Government,0,1
PCL-LG-HP-0550-03,LG-HP-0550,SY-629/3,12.15,Community,0,1
PCL-LG-HP-0550-04,LG-HP-0550,SY-436/4,12.15,Government,1,1
PCL-LG-HP-0550-05,LG-HP-0550,SY-703/5,12.15,Community,1,0
PCL-LG-HP-0550-06,LG-HP-0550,SY-679/6,12.15,Private,1,0
PCL-LG-HP-0550-07,LG-HP-0550,SY-383/7,12.15,Forest,1,1
PCL-LG-HP-0550-08,LG-HP-0550,SY-925/8,12.15,Government,1,0
PCL-LG-JH-0551-01,LG-JH-0551,SY-682/1,176.6,Government,1,0
PCL-LG-JH-0551-02,LG-JH-0551,SY-927/2,176.6,Government,1,0
PCL-LG-JH-0551-03,LG-JH-0551,SY-529/3,176.6,Forest,1,0
PCL-LG-JH-0551-04,LG-JH-0551,SY-717/4,176.6,Forest,1,0
PCL-LG-JH-0551-05,LG-JH-0551,SY-390/5,176.6,Community,0,0
PCL-LG-JH-0551-06,LG-JH-0551,SY-469/6,176.6,Forest,1,0
PCL-LG-JH-0551-07,LG-JH-0551,SY-309/7,176.6,Private,0,1
PCL-LG-JH-0551-08,LG-JH-0551,SY-892/8,176.6,Government,1,1
PCL-LG-KA-0552-01,LG-KA-0552,SY-756/1,555.58,Forest,0,0
PCL-LG-KA-0552-02,LG-KA-0552,SY-492/2,555.58,Private,0,1
PCL-LG-KA-0552-03,LG-KA-0552,SY-197/3,555.58,Community,0,0
PCL-LG-KA-0552-04,LG-KA-0552,SY-745/4,555.58,Private,1,0
PCL-LG-KL-0553-01,LG-KL-0553,SY-921/1,80.1,Private,1,0
PCL-LG-KL-0553-02,LG-KL-0553,SY-610/2,80.1,Community,1,1
PCL-LG-KL-0553-03,LG-KL-0553,SY-725/3,80.1,Forest,0,0
PCL-LG-MP-0554-01,LG-MP-0554,SY-459/1,132.5,Private,1,0
PCL-LG-MP-0554-02,LG-MP-0554,SY-332/2,132.5,Private,0,0
PCL-LG-MP-0554-03,LG-MP-0554,SY-197/3,132.5,Private,1,0
PCL-LG-MH-0555-01,LG-MH-0555,SY-954/1,170.67,Community,1,0
PCL-LG-MH-0555-02,LG-MH-0555,SY-847/2,170.67,Community,1,1
PCL-LG-MH-0555-03,LG-MH-0555,SY-991/3,170.67,Community,1,1
PCL-LG-MH-0555-04,LG-MH-0555,SY-962/4,170.67,Community,1,0
PCL-LG-MH-0555-05,LG-MH-0555,SY-504/5,170.67,Community,1,0
PCL-LG-MH-0555-06,LG-MH-0555,SY-190/6,170.67,Private,1,0
PCL-LG-MN-0556-01,LG-MN-0556,SY-366/1,311.23,Government,0,0
PCL-LG-MN-0556-02,LG-MN-0556,SY-979/2,311.23,Private,0,0
PCL-LG-MN-0556-03,LG-MN-0556,SY-556/3,311.23,Government,1,0
PCL-LG-MN-0556-04,LG-MN-0556,SY-981/4,311.23,Forest,1,1
PCL-LG-MN-0556-05,LG-MN-0556,SY-723/5,311.23,Forest,1,1
PCL-LG-MN-0556-06,LG-MN-0556,SY-823/6,311.23,Community,1,0
PCL-LG-MN-0556-07,LG-MN-0556,SY-794/7,311.23,Community,1,1
PCL-LG-MN-0556-08,LG-MN-0556,SY-369/8,311.23,Government,1,0
PCL-LG-ML-0557-01,LG-ML-0557,SY-833/1,351.37,Government,0,0
PCL-LG-ML-0557-02,LG-ML-0557,SY-780/2,351.37,Private,1,0
PCL-LG-ML-0557-03,LG-ML-0557,SY-974/3,351.37,Government,0,1
PCL-LG-ML-0557-04,LG-ML-0557,SY-439/4,351.37,Private,0,0
PCL-LG-ML-0557-05,LG-ML-0557,SY-428/5,351.37,Private,1,0
PCL-LG-ML-0557-06,LG-ML-0557,SY-190/6,351.37,Private,1,0
PCL-LG-ML-0557-07,LG-ML-0557,SY-191/7,351.37,Community,0,0
PCL-LG-MZ-0558-01,LG-MZ-0558,SY-588/1,711.73,Forest,1,0
PCL-LG-MZ-0558-02,LG-MZ-0558,SY-384/2,711.73,Forest,0,0
PCL-LG-MZ-0558-03,LG-MZ-0558,SY-179/3,711.73,Community,0,1
PCL-LG-NL-0559-01,LG-NL-0559,SY-802/1,97.78,Community,1,0
PCL-LG-NL-0559-02,LG-NL-0559,SY-837/2,97.78,Forest,1,1
PCL-LG-NL-0559-03,LG-NL-0559,SY-376/3,97.78,Government,1,0
PCL-LG-NL-0559-04,LG-NL-0559,SY-887/4,97.78,Private,1,0
PCL-LG-NL-0559-05,LG-NL-0559,SY-501/5,97.78,Forest,1,0
PCL-LG-NL-0559-06,LG-NL-0559,SY-487/6,97.78,Forest,0,0
PCL-LG-OD-0560-01,LG-OD-0560,SY-964/1,14.95,Community,1,1
PCL-LG-OD-0560-02,LG-OD-0560,SY-568/2,14.95,Government,1,1
PCL-LG-OD-0560-03,LG-OD-0560,SY-758/3,14.95,Community,0,0
PCL-LG-OD-0560-04,LG-OD-0560,SY-185/4,14.95,Private,1,0
PCL-LG-OD-0560-05,LG-OD-0560,SY-543/5,14.95,Forest,1,1
PCL-LG-OD-0560-06,LG-OD-0560,SY-255/6,14.95,Government,1,0
PCL-LG-PB-0561-01,LG-PB-0561,SY-902/1,349.1,Forest,0,1
PCL-LG-PB-0561-02,LG-PB-0561,SY-290/2,349.1,Private,1,1
PCL-LG-PB-0561-03,LG-PB-0561,SY-596/3,349.1,Private,0,0
PCL-LG-PB-0561-04,LG-PB-0561,SY-957/4,349.1,Community,1,0
PCL-LG-PB-0561-05,LG-PB-0561,SY-970/5,349.1,Community,1,0
PCL-LG-PB-0561-06,LG-PB-0561,SY-429/6,349.1,Government,1,0
PCL-LG-PB-0561-07,LG-PB-0561,SY-656/7,349.1,Private,0,1
PCL-LG-RJ-0562-01,LG-RJ-0562,SY-171/1,140.09,Community,1,1
PCL-LG-RJ-0562-02,LG-RJ-0562,SY-307/2,140.09,Private,0,0
PCL-LG-RJ-0562-03,LG-RJ-0562,SY-460/3,140.09,Private,0,0
PCL-LG-RJ-0562-04,LG-RJ-0562,SY-979/4,140.09,Private,0,0
PCL-LG-RJ-0562-05,LG-RJ-0562,SY-224/5,140.09,Community,1,0
PCL-LG-RJ-0562-06,LG-RJ-0562,SY-543/6,140.09,Community,1,0
PCL-LG-RJ-0562-07,LG-RJ-0562,SY-690/7,140.09,Private,1,0
PCL-LG-SK-0563-01,LG-SK-0563,SY-571/1,158.7,Community,0,1
PCL-LG-SK-0563-02,LG-SK-0563,SY-541/2,158.7,Government,1,1
PCL-LG-SK-0563-03,LG-SK-0563,SY-689/3,158.7,Forest,0,0
PCL-LG-TN-0564-01,LG-TN-0564,SY-681/1,150.97,Community,1,1
PCL-LG-TN-0564-02,LG-TN-0564,SY-572/2,150.97,Forest,0,0
PCL-LG-TN-0564-03,LG-TN-0564,SY-983/3,150.97,Government,1,1
PCL-LG-TS-0565-01,LG-TS-0565,SY-324/1,49.5,Private,0,1
PCL-LG-TS-0565-02,LG-TS-0565,SY-629/2,49.5,Forest,0,0
PCL-LG-TS-0565-03,LG-TS-0565,SY-969/3,49.5,Government,1,0
PCL-LG-TS-0565-04,LG-TS-0565,SY-566/4,49.5,Forest,0,1
PCL-LG-TS-0565-05,LG-TS-0565,SY-858/5,49.5,Community,0,0
PCL-LG-TS-0565-06,LG-TS-0565,SY-557/6,49.5,Forest,1,1
PCL-LG-TS-0565-07,LG-TS-0565,SY-339/7,49.5,Private,1,1
PCL-LG-TR-0566-01,LG-TR-0566,SY-550/1,166.9,Private,1,0
PCL-LG-TR-0566-02,LG-TR-0566,SY-599/2,166.9,Forest,1,0
PCL-LG-TR-0566-03,LG-TR-0566,SY-218/3,166.9,Government,1,0
PCL-LG-TR-0566-04,LG-TR-0566,SY-563/4,166.9,Government,1,0
PCL-LG-TR-0566-05,LG-TR-0566,SY-955/5,166.9,Forest,0,0
PCL-LG-TR-0566-06,LG-TR-0566,SY-883/6,166.9,Private,1,0
PCL-LG-TR-0566-07,LG-TR-0566,SY-648/7,166.9,Government,1,0
PCL-LG-TR-0566-08,LG-TR-0566,SY-870/8,166.9,Community,1,1
PCL-LG-UP-0567-01,LG-UP-0567,SY-949/1,163.47,Private,1,0
PCL-LG-UP-0567-02,LG-UP-0567,SY-181/2,163.47,Community,1,0
PCL-LG-UP-0567-03,LG-UP-0567,SY-681/3,163.47,Forest,1,1
PCL-LG-UP-0567-04,LG-UP-0567,SY-929/4,163.47,Government,1,0
PCL-LG-UP-0567-05,LG-UP-0567,SY-683/5,163.47,Community,1,0
PCL-LG-UP-0567-06,LG-UP-0567,SY-651/6,163.47,Private,1,0
PCL-LG-UP-0567-07,LG-UP-0567,SY-769/7,163.47,Private,1,0
PCL-LG-UP-0567-08,LG-UP-0567,SY-624/8,163.47,Private,1,0
PCL-LG-UK-0568-01,LG-UK-0568,SY-922/1,91.61,Private,1,0
PCL-LG-UK-0568-02,LG-UK-0568,SY-550/2,91.61,Private,1,0
PCL-LG-UK-0568-03,LG-UK-0568,SY-851/3,91.61,Forest,1,1
PCL-LG-UK-0568-04,LG-UK-0568,SY-368/4,91.61,Private,1,1
PCL-LG-UK-0568-05,LG-UK-0568,SY-924/5,91.61,Private,1,0
PCL-LG-UK-0568-06,LG-UK-0568,SY-719/6,91.61,Government,1,0
PCL-LG-UK-0568-07,LG-UK-0568,SY-606/7,91.61,Private,1,1
PCL-LG-WB-0569-01,LG-WB-0569,SY-264/1,109.47,Community,1,0
PCL-LG-WB-0569-02,LG-WB-0569,SY-738/2,109.47,Community,1,1
PCL-LG-WB-0569-03,LG-WB-0569,SY-532/3,109.47,Private,1,0
PCL-LG-WB-0569-04,LG-WB-0569,SY-980/4,109.47,Private,0,1
PCL-LG-WB-0569-05,LG-WB-0569,SY-536/5,109.47,Community,1,0
PCL-LG-WB-0569-06,LG-WB-0569,SY-588/6,109.47,Community,1,1
PCL-LG-WB-0569-07,LG-WB-0569,SY-384/7,109.47,Government,1,0
PCL-LG-WB-0569-08,LG-WB-0569,SY-986/8,109.47,Community,1,1
PCL-LG-AN-0570-01,LG-AN-0570,SY-450/1,504.83,Forest,1,0
PCL-LG-AN-0570-02,LG-AN-0570,SY-794/2,504.83,Private,1,1
PCL-LG-AN-0570-03,LG-AN-0570,SY-763/3,504.83,Community,0,1
PCL-LG-CH-0571-01,LG-CH-0571,SY-703/1,81.47,Forest,0,0
PCL-LG-CH-0571-02,LG-CH-0571,SY-391/2,81.47,Private,1,0
PCL-LG-CH-0571-03,LG-CH-0571,SY-160/3,81.47,Government,1,0
PCL-LG-CH-0571-04,LG-CH-0571,SY-166/4,81.47,Community,1,0
PCL-LG-CH-0571-05,LG-CH-0571,SY-455/5,81.47,Community,1,0
PCL-LG-CH-0571-06,LG-CH-0571,SY-802/6,81.47,Forest,1,1
PCL-LG-CH-0571-07,LG-CH-0571,SY-579/7,81.47,Community,1,1
PCL-LG-CH-0571-08,LG-CH-0571,SY-202/8,81.47,Forest,1,1
PCL-LG-DH-0572-01,LG-DH-0572,SY-285/1,43.73,Forest,1,1
PCL-LG-DH-0572-02,LG-DH-0572,SY-686/2,43.73,Private,1,0
PCL-LG-DH-0572-03,LG-DH-0572,SY-239/3,43.73,Community,1,0
PCL-LG-DH-0572-04,LG-DH-0572,SY-368/4,43.73,Government,1,0
PCL-LG-DL-0573-01,LG-DL-0573,SY-814/1,124.38,Community,1,1
PCL-LG-DL-0573-02,LG-DL-0573,SY-435/2,124.38,Forest,1,0
PCL-LG-DL-0573-03,LG-DL-0573,SY-618/3,124.38,Government,1,1
PCL-LG-DL-0573-04,LG-DL-0573,SY-774/4,124.38,Forest,1,0
PCL-LG-DL-0573-05,LG-DL-0573,SY-303/5,124.38,Forest,1,1
PCL-LG-DL-0573-06,LG-DL-0573,SY-906/6,124.38,Government,1,0
PCL-LG-JK-0574-01,LG-JK-0574,SY-748/1,93.31,Private,1,0
PCL-LG-JK-0574-02,LG-JK-0574,SY-420/2,93.31,Forest,0,0
PCL-LG-JK-0574-03,LG-JK-0574,SY-716/3,93.31,Forest,1,1
PCL-LG-JK-0574-04,LG-JK-0574,SY-479/4,93.31,Private,1,1
PCL-LG-JK-0574-05,LG-JK-0574,SY-658/5,93.31,Forest,1,0
PCL-LG-JK-0574-06,LG-JK-0574,SY-260/6,93.31,Government,0,0
PCL-LG-JK-0574-07,LG-JK-0574,SY-114/7,93.31,Government,0,0
PCL-LG-LA-0575-01,LG-LA-0575,SY-573/1,458.7,Forest,1,0
PCL-LG-LA-0575-02,LG-LA-0575,SY-253/2,458.7,Government,1,0
PCL-LG-LA-0575-03,LG-LA-0575,SY-340/3,458.7,Forest,1,0
PCL-LG-LD-0576-01,LG-LD-0576,SY-309/1,216.49,Forest,0,1
PCL-LG-LD-0576-02,LG-LD-0576,SY-542/2,216.49,Forest,0,0
PCL-LG-LD-0576-03,LG-LD-0576,SY-664/3,216.49,Private,0,0
PCL-LG-LD-0576-04,LG-LD-0576,SY-328/4,216.49,Forest,1,0
PCL-LG-LD-0576-05,LG-LD-0576,SY-530/5,216.49,Forest,1,0
PCL-LG-LD-0576-06,LG-LD-0576,SY-837/6,216.49,Private,1,1
PCL-LG-LD-0576-07,LG-LD-0576,SY-274/7,216.49,Forest,1,0
PCL-LG-LD-0576-08,LG-LD-0576,SY-978/8,216.49,Government,0,0
PCL-LG-PY-0577-01,LG-PY-0577,SY-852/1,489.78,Forest,0,1
PCL-LG-PY-0577-02,LG-PY-0577,SY-284/2,489.78,Government,0,0
PCL-LG-PY-0577-03,LG-PY-0577,SY-884/3,489.78,Community,1,1
PCL-LG-PY-0577-04,LG-PY-0577,SY-755/4,489.78,Forest,0,1
PCL-LG-PY-0577-05,LG-PY-0577,SY-322/5,489.78,Community,1,1
PCL-LG-AP-0578-01,LG-AP-0578,SY-476/1,252.07,Forest,1,1
PCL-LG-AP-0578-02,LG-AP-0578,SY-239/2,252.07,Community,1,0
PCL-LG-AP-0578-03,LG-AP-0578,SY-823/3,252.07,Private,0,0
PCL-LG-AR-0579-01,LG-AR-0579,SY-969/1,202.96,Private,1,0
PCL-LG-AR-0579-02,LG-AR-0579,SY-478/2,202.96,Government,1,1
PCL-LG-AR-0579-03,LG-AR-0579,SY-560/3,202.96,Private,1,0
PCL-LG-AR-0579-04,LG-AR-0579,SY-885/4,202.96,Private,1,0
PCL-LG-AR-0579-05,LG-AR-0579,SY-588/5,202.96,Forest,0,1
PCL-LG-AS-0580-01,LG-AS-0580,SY-621/1,343.89,Community,1,1
PCL-LG-AS-0580-02,LG-AS-0580,SY-599/2,343.89,Private,1,0
PCL-LG-AS-0580-03,LG-AS-0580,SY-704/3,343.89,Community,1,1
PCL-LG-AS-0580-04,LG-AS-0580,SY-131/4,343.89,Forest,1,1
PCL-LG-AS-0580-05,LG-AS-0580,SY-288/5,343.89,Private,1,1
PCL-LG-AS-0580-06,LG-AS-0580,SY-253/6,343.89,Government,0,0
PCL-LG-AS-0580-07,LG-AS-0580,SY-563/7,343.89,Forest,1,1
PCL-LG-BR-0581-01,LG-BR-0581,SY-911/1,186.18,Community,1,0
PCL-LG-BR-0581-02,LG-BR-0581,SY-440/2,186.18,Private,1,1
PCL-LG-BR-0581-03,LG-BR-0581,SY-435/3,186.18,Community,1,0
PCL-LG-BR-0581-04,LG-BR-0581,SY-256/4,186.18,Private,1,0
PCL-LG-BR-0581-05,LG-BR-0581,SY-890/5,186.18,Community,1,1
PCL-LG-BR-0581-06,LG-BR-0581,SY-375/6,186.18,Government,0,0
PCL-LG-CG-0582-01,LG-CG-0582,SY-630/1,297.38,Private,0,0
PCL-LG-CG-0582-02,LG-CG-0582,SY-672/2,297.38,Community,1,1
PCL-LG-CG-0582-03,LG-CG-0582,SY-542/3,297.38,Government,1,0
PCL-LG-CG-0582-04,LG-CG-0582,SY-176/4,297.38,Private,0,1
PCL-LG-GA-0583-01,LG-GA-0583,SY-304/1,124.06,Government,1,0
PCL-LG-GA-0583-02,LG-GA-0583,SY-490/2,124.06,Government,0,0
PCL-LG-GA-0583-03,LG-GA-0583,SY-413/3,124.06,Government,0,1
PCL-LG-GA-0583-04,LG-GA-0583,SY-482/4,124.06,Community,1,0
PCL-LG-GA-0583-05,LG-GA-0583,SY-351/5,124.06,Community,1,1
PCL-LG-GA-0583-06,LG-GA-0583,SY-112/6,124.06,Forest,0,1
PCL-LG-GA-0583-07,LG-GA-0583,SY-441/7,124.06,Community,1,0
PCL-LG-GJ-0584-01,LG-GJ-0584,SY-135/1,34.79,Community,1,0
PCL-LG-GJ-0584-02,LG-GJ-0584,SY-243/2,34.79,Government,1,0
PCL-LG-GJ-0584-03,LG-GJ-0584,SY-660/3,34.79,Private,0,0
PCL-LG-GJ-0584-04,LG-GJ-0584,SY-637/4,34.79,Private,1,0
PCL-LG-GJ-0584-05,LG-GJ-0584,SY-571/5,34.79,Private,1,1
PCL-LG-GJ-0584-06,LG-GJ-0584,SY-862/6,34.79,Government,1,1
PCL-LG-GJ-0584-07,LG-GJ-0584,SY-509/7,34.79,Private,1,0
PCL-LG-GJ-0584-08,LG-GJ-0584,SY-623/8,34.79,Private,1,1
PCL-LG-HR-0585-01,LG-HR-0585,SY-617/1,41.24,Forest,1,0
PCL-LG-HR-0585-02,LG-HR-0585,SY-314/2,41.24,Community,1,0
PCL-LG-HR-0585-03,LG-HR-0585,SY-960/3,41.24,Government,1,0
PCL-LG-HR-0585-04,LG-HR-0585,SY-979/4,41.24,Community,0,0
PCL-LG-HR-0585-05,LG-HR-0585,SY-317/5,41.24,Government,1,1
PCL-LG-HR-0585-06,LG-HR-0585,SY-701/6,41.24,Private,1,0
PCL-LG-HR-0585-07,LG-HR-0585,SY-338/7,41.24,Forest,1,0
PCL-LG-HR-0585-08,LG-HR-0585,SY-889/8,41.24,Community,0,0
PCL-LG-HP-0586-01,LG-HP-0586,SY-624/1,29.28,Forest,1,0
PCL-LG-HP-0586-02,LG-HP-0586,SY-668/2,29.28,Private,1,0
PCL-LG-HP-0586-03,LG-HP-0586,SY-930/3,29.28,Community,1,0
PCL-LG-HP-0586-04,LG-HP-0586,SY-270/4,29.28,Private,1,0
PCL-LG-HP-0586-05,LG-HP-0586,SY-225/5,29.28,Government,0,0
PCL-LG-HP-0586-06,LG-HP-0586,SY-733/6,29.28,Community,1,0
PCL-LG-JH-0587-01,LG-JH-0587,SY-322/1,773.0,Private,1,1
PCL-LG-JH-0587-02,LG-JH-0587,SY-317/2,773.0,Private,1,0
PCL-LG-JH-0587-03,LG-JH-0587,SY-601/3,773.0,Private,0,0
PCL-LG-KA-0588-01,LG-KA-0588,SY-281/1,428.06,Government,1,0
PCL-LG-KA-0588-02,LG-KA-0588,SY-976/2,428.06,Forest,1,0
PCL-LG-KA-0588-03,LG-KA-0588,SY-645/3,428.06,Forest,1,0
PCL-LG-KA-0588-04,LG-KA-0588,SY-524/4,428.06,Government,1,0
PCL-LG-KA-0588-05,LG-KA-0588,SY-219/5,428.06,Community,1,0
PCL-LG-KL-0589-01,LG-KL-0589,SY-271/1,259.2,Community,1,1
PCL-LG-KL-0589-02,LG-KL-0589,SY-680/2,259.2,Private,1,1
PCL-LG-KL-0589-03,LG-KL-0589,SY-452/3,259.2,Government,1,0
PCL-LG-KL-0589-04,LG-KL-0589,SY-119/4,259.2,Private,0,1
PCL-LG-KL-0589-05,LG-KL-0589,SY-774/5,259.2,Government,1,0
PCL-LG-KL-0589-06,LG-KL-0589,SY-330/6,259.2,Community,1,0
PCL-LG-MP-0590-01,LG-MP-0590,SY-656/1,438.12,Private,1,0
PCL-LG-MP-0590-02,LG-MP-0590,SY-778/2,438.12,Community,1,0
PCL-LG-MP-0590-03,LG-MP-0590,SY-130/3,438.12,Private,1,0
PCL-LG-MP-0590-04,LG-MP-0590,SY-176/4,438.12,Forest,0,1
PCL-LG-MH-0591-01,LG-MH-0591,SY-184/1,289.15,Government,0,0
PCL-LG-MH-0591-02,LG-MH-0591,SY-576/2,289.15,Community,1,0
PCL-LG-MH-0591-03,LG-MH-0591,SY-260/3,289.15,Private,1,0
PCL-LG-MH-0591-04,LG-MH-0591,SY-149/4,289.15,Private,0,1
PCL-LG-MH-0591-05,LG-MH-0591,SY-962/5,289.15,Government,1,0
PCL-LG-MH-0591-06,LG-MH-0591,SY-346/6,289.15,Government,1,0
PCL-LG-MN-0592-01,LG-MN-0592,SY-511/1,554.3,Government,0,0
PCL-LG-MN-0592-02,LG-MN-0592,SY-433/2,554.3,Private,1,0
PCL-LG-MN-0592-03,LG-MN-0592,SY-963/3,554.3,Forest,0,0
PCL-LG-ML-0593-01,LG-ML-0593,SY-350/1,302.65,Private,1,1
PCL-LG-ML-0593-02,LG-ML-0593,SY-176/2,302.65,Forest,1,0
PCL-LG-ML-0593-03,LG-ML-0593,SY-326/3,302.65,Government,1,1
PCL-LG-ML-0593-04,LG-ML-0593,SY-505/4,302.65,Community,1,0
PCL-LG-ML-0593-05,LG-ML-0593,SY-985/5,302.65,Government,1,0
PCL-LG-ML-0593-06,LG-ML-0593,SY-589/6,302.65,Forest,1,1
PCL-LG-MZ-0594-01,LG-MZ-0594,SY-446/1,39.77,Community,0,0
PCL-LG-MZ-0594-02,LG-MZ-0594,SY-344/2,39.77,Government,1,0
PCL-LG-MZ-0594-03,LG-MZ-0594,SY-914/3,39.77,Community,1,1
PCL-LG-MZ-0594-04,LG-MZ-0594,SY-629/4,39.77,Forest,0,0
PCL-LG-NL-0595-01,LG-NL-0595,SY-326/1,255.65,Private,1,1
PCL-LG-NL-0595-02,LG-NL-0595,SY-119/2,255.65,Private,1,1
PCL-LG-NL-0595-03,LG-NL-0595,SY-405/3,255.65,Private,0,0
PCL-LG-NL-0595-04,LG-NL-0595,SY-798/4,255.65,Community,0,0
PCL-LG-OD-0596-01,LG-OD-0596,SY-194/1,461.8,Forest,0,1
PCL-LG-OD-0596-02,LG-OD-0596,SY-346/2,461.8,Private,1,0
PCL-LG-OD-0596-03,LG-OD-0596,SY-471/3,461.8,Private,1,0
PCL-LG-PB-0597-01,LG-PB-0597,SY-361/1,351.13,Forest,1,1
PCL-LG-PB-0597-02,LG-PB-0597,SY-833/2,351.13,Forest,0,1
PCL-LG-PB-0597-03,LG-PB-0597,SY-394/3,351.13,Government,1,0
PCL-LG-PB-0597-04,LG-PB-0597,SY-614/4,351.13,Private,1,0
PCL-LG-PB-0597-05,LG-PB-0597,SY-318/5,351.13,Government,1,0
PCL-LG-PB-0597-06,LG-PB-0597,SY-484/6,351.13,Forest,1,1
PCL-LG-PB-0597-07,LG-PB-0597,SY-634/7,351.13,Private,0,1
PCL-LG-RJ-0598-01,LG-RJ-0598,SY-963/1,609.0,Private,0,0
PCL-LG-RJ-0598-02,LG-RJ-0598,SY-133/2,609.0,Community,1,0
PCL-LG-RJ-0598-03,LG-RJ-0598,SY-860/3,609.0,Government,0,0
PCL-LG-SK-0599-01,LG-SK-0599,SY-749/1,324.17,Forest,1,0
PCL-LG-SK-0599-02,LG-SK-0599,SY-510/2,324.17,Private,0,1
PCL-LG-SK-0599-03,LG-SK-0599,SY-263/3,324.17,Government,1,0
PCL-LG-SK-0599-04,LG-SK-0599,SY-850/4,324.17,Community,1,0
PCL-LG-SK-0599-05,LG-SK-0599,SY-650/5,324.17,Community,1,0
PCL-LG-SK-0599-06,LG-SK-0599,SY-245/6,324.17,Private,1,1
PCL-LG-TN-0600-01,LG-TN-0600,SY-182/1,360.32,Private,1,0
PCL-LG-TN-0600-02,LG-TN-0600,SY-901/2,360.32,Forest,1,0
PCL-LG-TN-0600-03,LG-TN-0600,SY-599/3,360.32,Community,1,0
PCL-LG-TN-0600-04,LG-TN-0600,SY-358/4,360.32,Forest,1,1
PCL-LG-TN-0600-05,LG-TN-0600,SY-827/5,360.32,Community,1,1
PCL-LG-TN-0600-06,LG-TN-0600,SY-696/6,360.32,Community,1,0
PCL-LG-TS-0601-01,LG-TS-0601,SY-165/1,512.1,Forest,1,1
PCL-LG-TS-0601-02,LG-TS-0601,SY-477/2,512.1,Forest,1,1
PCL-LG-TS-0601-03,LG-TS-0601,SY-152/3,512.1,Private,1,1
PCL-LG-TS-0601-04,LG-TS-0601,SY-732/4,512.1,Private,0,1
PCL-LG-TR-0602-01,LG-TR-0602,SY-458/1,208.89,Forest,0,0
PCL-LG-TR-0602-02,LG-TR-0602,SY-422/2,208.89,Community,1,0
PCL-LG-TR-0602-03,LG-TR-0602,SY-930/3,208.89,Community,1,1
PCL-LG-TR-0602-04,LG-TR-0602,SY-360/4,208.89,Government,0,1
PCL-LG-TR-0602-05,LG-TR-0602,SY-195/5,208.89,Private,1,1
PCL-LG-TR-0602-06,LG-TR-0602,SY-633/6,208.89,Government,1,0
PCL-LG-TR-0602-07,LG-TR-0602,SY-158/7,208.89,Private,1,1
PCL-LG-UP-0603-01,LG-UP-0603,SY-780/1,395.83,Forest,0,0
PCL-LG-UP-0603-02,LG-UP-0603,SY-254/2,395.83,Government,0,0
PCL-LG-UP-0603-03,LG-UP-0603,SY-550/3,395.83,Forest,1,0
PCL-LG-UP-0603-04,LG-UP-0603,SY-160/4,395.83,Community,1,0
PCL-LG-UP-0603-05,LG-UP-0603,SY-277/5,395.83,Forest,1,0
PCL-LG-UP-0603-06,LG-UP-0603,SY-430/6,395.83,Government,1,0
PCL-LG-UK-0604-01,LG-UK-0604,SY-860/1,251.4,Private,0,0
PCL-LG-UK-0604-02,LG-UK-0604,SY-290/2,251.4,Government,1,1
PCL-LG-UK-0604-03,LG-UK-0604,SY-454/3,251.4,Forest,1,0
PCL-LG-UK-0604-04,LG-UK-0604,SY-478/4,251.4,Forest,1,0
PCL-LG-UK-0604-05,LG-UK-0604,SY-497/5,251.4,Government,0,1
PCL-LG-WB-0605-01,LG-WB-0605,SY-459/1,681.8,Forest,1,1
PCL-LG-WB-0605-02,LG-WB-0605,SY-216/2,681.8,Community,1,1
PCL-LG-WB-0605-03,LG-WB-0605,SY-309/3,681.8,Government,0,1
PCL-LG-AN-0606-01,LG-AN-0606,SY-205/1,105.81,Private,1,1
PCL-LG-AN-0606-02,LG-AN-0606,SY-533/2,105.81,Forest,0,0
PCL-LG-AN-0606-03,LG-AN-0606,SY-239/3,105.81,Private,0,0
PCL-LG-AN-0606-04,LG-AN-0606,SY-495/4,105.81,Forest,0,0
PCL-LG-AN-0606-05,LG-AN-0606,SY-485/5,105.81,Forest,0,1
PCL-LG-AN-0606-06,LG-AN-0606,SY-936/6,105.81,Forest,0,0
PCL-LG-AN-0606-07,LG-AN-0606,SY-438/7,105.81,Private,1,0
PCL-LG-AN-0606-08,LG-AN-0606,SY-159/8,105.81,Private,1,0
PCL-LG-CH-0607-01,LG-CH-0607,SY-694/1,190.64,Government,1,0
PCL-LG-CH-0607-02,LG-CH-0607,SY-115/2,190.64,Government,0,0
PCL-LG-CH-0607-03,LG-CH-0607,SY-108/3,190.64,Government,1,1
PCL-LG-CH-0607-04,LG-CH-0607,SY-442/4,190.64,Private,1,0
PCL-LG-CH-0607-05,LG-CH-0607,SY-641/5,190.64,Government,1,1
PCL-LG-CH-0607-06,LG-CH-0607,SY-441/6,190.64,Government,1,0
PCL-LG-CH-0607-07,LG-CH-0607,SY-290/7,190.64,Community,1,1
PCL-LG-DH-0608-01,LG-DH-0608,SY-649/1,543.6,Private,1,0
PCL-LG-DH-0608-02,LG-DH-0608,SY-290/2,543.6,Government,1,0
PCL-LG-DH-0608-03,LG-DH-0608,SY-299/3,543.6,Private,0,0
PCL-LG-DL-0609-01,LG-DL-0609,SY-115/1,396.85,Government,1,0
PCL-LG-DL-0609-02,LG-DL-0609,SY-675/2,396.85,Forest,1,0
PCL-LG-DL-0609-03,LG-DL-0609,SY-855/3,396.85,Community,0,0
PCL-LG-DL-0609-04,LG-DL-0609,SY-910/4,396.85,Community,1,1
PCL-LG-JK-0610-01,LG-JK-0610,SY-991/1,150.75,Private,1,1
PCL-LG-JK-0610-02,LG-JK-0610,SY-117/2,150.75,Forest,1,0
PCL-LG-JK-0610-03,LG-JK-0610,SY-203/3,150.75,Community,1,1
PCL-LG-JK-0610-04,LG-JK-0610,SY-462/4,150.75,Community,1,0
PCL-LG-JK-0610-05,LG-JK-0610,SY-456/5,150.75,Forest,1,0
PCL-LG-JK-0610-06,LG-JK-0610,SY-705/6,150.75,Private,1,0
PCL-LG-JK-0610-07,LG-JK-0610,SY-622/7,150.75,Community,0,0
PCL-LG-JK-0610-08,LG-JK-0610,SY-312/8,150.75,Forest,1,0
PCL-LG-LA-0611-01,LG-LA-0611,SY-748/1,73.85,Forest,1,0
PCL-LG-LA-0611-02,LG-LA-0611,SY-607/2,73.85,Community,1,1
PCL-LG-LA-0611-03,LG-LA-0611,SY-572/3,73.85,Government,0,0
PCL-LG-LA-0611-04,LG-LA-0611,SY-854/4,73.85,Community,1,0
PCL-LG-LA-0611-05,LG-LA-0611,SY-833/5,73.85,Community,1,0
PCL-LG-LA-0611-06,LG-LA-0611,SY-370/6,73.85,Government,0,0
PCL-LG-LA-0611-07,LG-LA-0611,SY-295/7,73.85,Private,1,0
PCL-LG-LA-0611-08,LG-LA-0611,SY-518/8,73.85,Community,1,1
PCL-LG-LD-0612-01,LG-LD-0612,SY-371/1,683.93,Private,1,0
PCL-LG-LD-0612-02,LG-LD-0612,SY-295/2,683.93,Private,0,0
PCL-LG-LD-0612-03,LG-LD-0612,SY-630/3,683.93,Government,1,1
PCL-LG-PY-0613-01,LG-PY-0613,SY-554/1,296.69,Community,1,1
PCL-LG-PY-0613-02,LG-PY-0613,SY-748/2,296.69,Community,1,0
PCL-LG-PY-0613-03,LG-PY-0613,SY-929/3,296.69,Private,1,0
PCL-LG-PY-0613-04,LG-PY-0613,SY-911/4,296.69,Private,1,1
PCL-LG-PY-0613-05,LG-PY-0613,SY-374/5,296.69,Government,1,0
PCL-LG-PY-0613-06,LG-PY-0613,SY-867/6,296.69,Government,0,0
PCL-LG-PY-0613-07,LG-PY-0613,SY-846/7,296.69,Government,0,0
PCL-LG-AP-0614-01,LG-AP-0614,SY-146/1,36.83,Private,1,0
PCL-LG-AP-0614-02,LG-AP-0614,SY-638/2,36.83,Forest,1,0
PCL-LG-AP-0614-03,LG-AP-0614,SY-176/3,36.83,Government,1,1
PCL-LG-AP-0614-04,LG-AP-0614,SY-593/4,36.83,Private,0,1
PCL-LG-AP-0614-05,LG-AP-0614,SY-675/5,36.83,Government,0,0
PCL-LG-AP-0614-06,LG-AP-0614,SY-166/6,36.83,Private,1,0
PCL-LG-AP-0614-07,LG-AP-0614,SY-490/7,36.83,Government,1,0
PCL-LG-AR-0615-01,LG-AR-0615,SY-361/1,383.85,Community,0,0
PCL-LG-AR-0615-02,LG-AR-0615,SY-850/2,383.85,Forest,1,0
PCL-LG-AR-0615-03,LG-AR-0615,SY-387/3,383.85,Forest,1,0
PCL-LG-AR-0615-04,LG-AR-0615,SY-991/4,383.85,Forest,0,0
PCL-LG-AS-0616-01,LG-AS-0616,SY-767/1,439.67,Private,0,1
PCL-LG-AS-0616-02,LG-AS-0616,SY-646/2,439.67,Forest,1,0
PCL-LG-AS-0616-03,LG-AS-0616,SY-512/3,439.67,Government,0,1
PCL-LG-BR-0617-01,LG-BR-0617,SY-119/1,164.88,Private,1,0
PCL-LG-BR-0617-02,LG-BR-0617,SY-661/2,164.88,Government,1,0
PCL-LG-BR-0617-03,LG-BR-0617,SY-405/3,164.88,Forest,0,1
PCL-LG-BR-0617-04,LG-BR-0617,SY-853/4,164.88,Private,0,0
PCL-LG-BR-0617-05,LG-BR-0617,SY-543/5,164.88,Private,1,1
PCL-LG-BR-0617-06,LG-BR-0617,SY-911/6,164.88,Forest,1,1
PCL-LG-BR-0617-07,LG-BR-0617,SY-800/7,164.88,Private,1,0
PCL-LG-BR-0617-08,LG-BR-0617,SY-391/8,164.88,Community,1,1
PCL-LG-CG-0618-01,LG-CG-0618,SY-900/1,282.76,Government,0,0
PCL-LG-CG-0618-02,LG-CG-0618,SY-578/2,282.76,Government,1,1
PCL-LG-CG-0618-03,LG-CG-0618,SY-486/3,282.76,Private,0,0
PCL-LG-CG-0618-04,LG-CG-0618,SY-882/4,282.76,Community,1,0
PCL-LG-CG-0618-05,LG-CG-0618,SY-368/5,282.76,Government,1,1
PCL-LG-CG-0618-06,LG-CG-0618,SY-187/6,282.76,Government,0,0
PCL-LG-CG-0618-07,LG-CG-0618,SY-881/7,282.76,Government,1,1
PCL-LG-GA-0619-01,LG-GA-0619,SY-107/1,149.84,Forest,1,0
PCL-LG-GA-0619-02,LG-GA-0619,SY-765/2,149.84,Government,1,1
PCL-LG-GA-0619-03,LG-GA-0619,SY-637/3,149.84,Government,1,1
PCL-LG-GA-0619-04,LG-GA-0619,SY-214/4,149.84,Private,0,0
PCL-LG-GA-0619-05,LG-GA-0619,SY-601/5,149.84,Community,1,1
PCL-LG-GA-0619-06,LG-GA-0619,SY-289/6,149.84,Community,1,1
PCL-LG-GA-0619-07,LG-GA-0619,SY-807/7,149.84,Community,1,0
PCL-LG-GA-0619-08,LG-GA-0619,SY-998/8,149.84,Government,0,1
PCL-LG-GJ-0620-01,LG-GJ-0620,SY-815/1,202.45,Government,0,1
PCL-LG-GJ-0620-02,LG-GJ-0620,SY-899/2,202.45,Private,1,0
PCL-LG-GJ-0620-03,LG-GJ-0620,SY-453/3,202.45,Government,1,0
PCL-LG-GJ-0620-04,LG-GJ-0620,SY-804/4,202.45,Government,1,0
PCL-LG-HR-0621-01,LG-HR-0621,SY-304/1,527.57,Community,0,0
PCL-LG-HR-0621-02,LG-HR-0621,SY-517/2,527.57,Private,1,0
PCL-LG-HR-0621-03,LG-HR-0621,SY-615/3,527.57,Forest,1,1
PCL-LG-HP-0622-01,LG-HP-0622,SY-877/1,129.85,Community,0,0
PCL-LG-HP-0622-02,LG-HP-0622,SY-258/2,129.85,Community,1,1
PCL-LG-HP-0622-03,LG-HP-0622,SY-114/3,129.85,Community,1,0
PCL-LG-HP-0622-04,LG-HP-0622,SY-807/4,129.85,Forest,1,0
PCL-LG-HP-0622-05,LG-HP-0622,SY-446/5,129.85,Private,1,1
PCL-LG-HP-0622-06,LG-HP-0622,SY-190/6,129.85,Community,0,1
PCL-LG-JH-0623-01,LG-JH-0623,SY-277/1,660.73,Government,0,1
PCL-LG-JH-0623-02,LG-JH-0623,SY-748/2,660.73,Government,1,1
PCL-LG-JH-0623-03,LG-JH-0623,SY-680/3,660.73,Government,1,1
PCL-LG-KA-0624-01,LG-KA-0624,SY-911/1,215.57,Government,0,1
PCL-LG-KA-0624-02,LG-KA-0624,SY-629/2,215.57,Private,1,0
PCL-LG-KA-0624-03,LG-KA-0624,SY-685/3,215.57,Forest,1,1
PCL-LG-KA-0624-04,LG-KA-0624,SY-424/4,215.57,Government,0,1
PCL-LG-KL-0625-01,LG-KL-0625,SY-846/1,256.1,Government,1,0
PCL-LG-KL-0625-02,LG-KL-0625,SY-143/2,256.1,Community,1,1
PCL-LG-KL-0625-03,LG-KL-0625,SY-407/3,256.1,Community,1,1
PCL-LG-KL-0625-04,LG-KL-0625,SY-187/4,256.1,Forest,0,1
PCL-LG-KL-0625-05,LG-KL-0625,SY-951/5,256.1,Government,1,0
PCL-LG-KL-0625-06,LG-KL-0625,SY-937/6,256.1,Community,0,1
PCL-LG-KL-0625-07,LG-KL-0625,SY-130/7,256.1,Private,1,0
PCL-LG-MP-0626-01,LG-MP-0626,SY-138/1,413.17,Private,1,1
PCL-LG-MP-0626-02,LG-MP-0626,SY-179/2,413.17,Government,1,0
PCL-LG-MP-0626-03,LG-MP-0626,SY-401/3,413.17,Community,1,0
PCL-LG-MP-0626-04,LG-MP-0626,SY-138/4,413.17,Government,0,0
PCL-LG-MP-0626-05,LG-MP-0626,SY-391/5,413.17,Community,1,1
PCL-LG-MP-0626-06,LG-MP-0626,SY-437/6,413.17,Community,1,0
PCL-LG-MH-0627-01,LG-MH-0627,SY-657/1,400.48,Community,1,0
PCL-LG-MH-0627-02,LG-MH-0627,SY-326/2,400.48,Government,0,0
PCL-LG-MH-0627-03,LG-MH-0627,SY-517/3,400.48,Private,0,0
PCL-LG-MH-0627-04,LG-MH-0627,SY-725/4,400.48,Forest,1,1
PCL-LG-MH-0627-05,LG-MH-0627,SY-345/5,400.48,Community,1,0
PCL-LG-MH-0627-06,LG-MH-0627,SY-468/6,400.48,Community,1,0
PCL-LG-MN-0628-01,LG-MN-0628,SY-522/1,58.5,Forest,1,0
PCL-LG-MN-0628-02,LG-MN-0628,SY-514/2,58.5,Government,1,0
PCL-LG-MN-0628-03,LG-MN-0628,SY-859/3,58.5,Forest,0,0
PCL-LG-MN-0628-04,LG-MN-0628,SY-981/4,58.5,Forest,1,0
PCL-LG-MN-0628-05,LG-MN-0628,SY-450/5,58.5,Community,0,0
PCL-LG-MN-0628-06,LG-MN-0628,SY-831/6,58.5,Community,1,1
PCL-LG-MN-0628-07,LG-MN-0628,SY-241/7,58.5,Forest,1,1
PCL-LG-MN-0628-08,LG-MN-0628,SY-339/8,58.5,Community,1,1
PCL-LG-ML-0629-01,LG-ML-0629,SY-923/1,292.77,Government,0,0
PCL-LG-ML-0629-02,LG-ML-0629,SY-419/2,292.77,Government,1,1
PCL-LG-ML-0629-03,LG-ML-0629,SY-486/3,292.77,Private,1,0
PCL-LG-ML-0629-04,LG-ML-0629,SY-375/4,292.77,Forest,1,0
PCL-LG-ML-0629-05,LG-ML-0629,SY-286/5,292.77,Forest,0,0
PCL-LG-ML-0629-06,LG-ML-0629,SY-755/6,292.77,Private,1,0
PCL-LG-ML-0629-07,LG-ML-0629,SY-590/7,292.77,Government,1,1
PCL-LG-ML-0629-08,LG-ML-0629,SY-668/8,292.77,Private,0,0
PCL-LG-MZ-0630-01,LG-MZ-0630,SY-103/1,53.41,Government,0,1
PCL-LG-MZ-0630-02,LG-MZ-0630,SY-520/2,53.41,Government,1,1
PCL-LG-MZ-0630-03,LG-MZ-0630,SY-398/3,53.41,Private,1,1
PCL-LG-MZ-0630-04,LG-MZ-0630,SY-939/4,53.41,Private,1,0
PCL-LG-MZ-0630-05,LG-MZ-0630,SY-602/5,53.41,Forest,1,1
PCL-LG-MZ-0630-06,LG-MZ-0630,SY-260/6,53.41,Community,1,1
PCL-LG-MZ-0630-07,LG-MZ-0630,SY-848/7,53.41,Community,1,0
PCL-LG-MZ-0630-08,LG-MZ-0630,SY-979/8,53.41,Private,1,1
PCL-LG-NL-0631-01,LG-NL-0631,SY-895/1,132.47,Private,0,0
PCL-LG-NL-0631-02,LG-NL-0631,SY-987/2,132.47,Community,1,1
PCL-LG-NL-0631-03,LG-NL-0631,SY-909/3,132.47,Government,1,0
PCL-LG-NL-0631-04,LG-NL-0631,SY-230/4,132.47,Forest,1,0
PCL-LG-NL-0631-05,LG-NL-0631,SY-792/5,132.47,Community,1,1
PCL-LG-NL-0631-06,LG-NL-0631,SY-397/6,132.47,Government,1,0
PCL-LG-OD-0632-01,LG-OD-0632,SY-513/1,827.77,Forest,0,0
PCL-LG-OD-0632-02,LG-OD-0632,SY-473/2,827.77,Forest,0,0
PCL-LG-OD-0632-03,LG-OD-0632,SY-633/3,827.77,Community,1,1
PCL-LG-PB-0633-01,LG-PB-0633,SY-668/1,402.52,Private,1,1
PCL-LG-PB-0633-02,LG-PB-0633,SY-782/2,402.52,Community,1,0
PCL-LG-PB-0633-03,LG-PB-0633,SY-503/3,402.52,Private,1,0
PCL-LG-PB-0633-04,LG-PB-0633,SY-590/4,402.52,Government,1,0
PCL-LG-RJ-0634-01,LG-RJ-0634,SY-685/1,143.27,Community,1,0
PCL-LG-RJ-0634-02,LG-RJ-0634,SY-864/2,143.27,Community,0,0
PCL-LG-RJ-0634-03,LG-RJ-0634,SY-517/3,143.27,Private,1,0
PCL-LG-SK-0635-01,LG-SK-0635,SY-551/1,818.3,Community,0,0
PCL-LG-SK-0635-02,LG-SK-0635,SY-923/2,818.3,Government,1,0
PCL-LG-SK-0635-03,LG-SK-0635,SY-810/3,818.3,Forest,0,1
PCL-LG-TN-0636-01,LG-TN-0636,SY-819/1,337.95,Private,1,0
PCL-LG-TN-0636-02,LG-TN-0636,SY-318/2,337.95,Government,0,1
PCL-LG-TN-0636-03,LG-TN-0636,SY-562/3,337.95,Forest,0,0
PCL-LG-TN-0636-04,LG-TN-0636,SY-967/4,337.95,Forest,1,0
PCL-LG-TN-0636-05,LG-TN-0636,SY-904/5,337.95,Private,0,1
PCL-LG-TN-0636-06,LG-TN-0636,SY-295/6,337.95,Forest,1,0
PCL-LG-TS-0637-01,LG-TS-0637,SY-481/1,67.8,Government,1,1
PCL-LG-TS-0637-02,LG-TS-0637,SY-659/2,67.8,Government,1,1
PCL-LG-TS-0637-03,LG-TS-0637,SY-821/3,67.8,Community,0,0
PCL-LG-TR-0638-01,LG-TR-0638,SY-151/1,131.14,Private,0,0
PCL-LG-TR-0638-02,LG-TR-0638,SY-629/2,131.14,Private,1,0
PCL-LG-TR-0638-03,LG-TR-0638,SY-396/3,131.14,Private,1,0
PCL-LG-TR-0638-04,LG-TR-0638,SY-328/4,131.14,Forest,0,0
PCL-LG-TR-0638-05,LG-TR-0638,SY-441/5,131.14,Private,1,1
PCL-LG-TR-0638-06,LG-TR-0638,SY-499/6,131.14,Private,1,0
PCL-LG-TR-0638-07,LG-TR-0638,SY-727/7,131.14,Private,1,0
PCL-LG-TR-0638-08,LG-TR-0638,SY-770/8,131.14,Government,1,1
PCL-LG-UP-0639-01,LG-UP-0639,SY-804/1,188.88,Forest,1,0
PCL-LG-UP-0639-02,LG-UP-0639,SY-171/2,188.88,Government,1,0
PCL-LG-UP-0639-03,LG-UP-0639,SY-381/3,188.88,Forest,1,0
PCL-LG-UP-0639-04,LG-UP-0639,SY-721/4,188.88,Private,1,0
PCL-LG-UP-0639-05,LG-UP-0639,SY-289/5,188.88,Forest,0,0
PCL-LG-UP-0639-06,LG-UP-0639,SY-900/6,188.88,Community,1,0
PCL-LG-UP-0639-07,LG-UP-0639,SY-158/7,188.88,Community,1,0
PCL-LG-UP-0639-08,LG-UP-0639,SY-456/8,188.88,Community,1,0
PCL-LG-UK-0640-01,LG-UK-0640,SY-175/1,115.85,Forest,1,0
PCL-LG-UK-0640-02,LG-UK-0640,SY-391/2,115.85,Private,1,0
PCL-LG-UK-0640-03,LG-UK-0640,SY-597/3,115.85,Community,0,0
PCL-LG-UK-0640-04,LG-UK-0640,SY-598/4,115.85,Forest,1,1
PCL-LG-UK-0640-05,LG-UK-0640,SY-231/5,115.85,Government,1,1
PCL-LG-UK-0640-06,LG-UK-0640,SY-492/6,115.85,Community,1,0
PCL-LG-UK-0640-07,LG-UK-0640,SY-181/7,115.85,Community,0,0
PCL-LG-UK-0640-08,LG-UK-0640,SY-436/8,115.85,Community,1,0
PCL-LG-WB-0641-01,LG-WB-0641,SY-957/1,194.9,Forest,1,0
PCL-LG-WB-0641-02,LG-WB-0641,SY-786/2,194.9,Private,1,1
PCL-LG-WB-0641-03,LG-WB-0641,SY-821/3,194.9,Forest,1,0
PCL-LG-AN-0642-01,LG-AN-0642,SY-854/1,146.57,Government,0,1
PCL-LG-AN-0642-02,LG-AN-0642,SY-557/2,146.57,Community,1,0
PCL-LG-AN-0642-03,LG-AN-0642,SY-341/3,146.57,Community,0,0
PCL-LG-AN-0642-04,LG-AN-0642,SY-376/4,146.57,Community,0,1
PCL-LG-AN-0642-05,LG-AN-0642,SY-992/5,146.57,Private,0,1
PCL-LG-AN-0642-06,LG-AN-0642,SY-534/6,146.57,Government,1,0
PCL-LG-AN-0642-07,LG-AN-0642,SY-225/7,146.57,Government,1,1
PCL-LG-CH-0643-01,LG-CH-0643,SY-863/1,635.6,Forest,1,1
PCL-LG-CH-0643-02,LG-CH-0643,SY-388/2,635.6,Forest,1,0
PCL-LG-CH-0643-03,LG-CH-0643,SY-385/3,635.6,Government,0,0
PCL-LG-DH-0644-01,LG-DH-0644,SY-241/1,359.87,Forest,1,0
PCL-LG-DH-0644-02,LG-DH-0644,SY-451/2,359.87,Government,0,1
PCL-LG-DH-0644-03,LG-DH-0644,SY-521/3,359.87,Private,1,1
PCL-LG-DH-0644-04,LG-DH-0644,SY-442/4,359.87,Forest,0,1
PCL-LG-DH-0644-05,LG-DH-0644,SY-267/5,359.87,Community,1,0
PCL-LG-DH-0644-06,LG-DH-0644,SY-567/6,359.87,Forest,1,1
PCL-LG-DL-0645-01,LG-DL-0645,SY-725/1,461.15,Private,1,0
PCL-LG-DL-0645-02,LG-DL-0645,SY-916/2,461.15,Private,1,0
PCL-LG-DL-0645-03,LG-DL-0645,SY-659/3,461.15,Government,1,0
PCL-LG-DL-0645-04,LG-DL-0645,SY-421/4,461.15,Community,1,1
PCL-LG-JK-0646-01,LG-JK-0646,SY-673/1,557.57,Forest,0,0
PCL-LG-JK-0646-02,LG-JK-0646,SY-570/2,557.57,Private,0,0
PCL-LG-JK-0646-03,LG-JK-0646,SY-130/3,557.57,Private,1,1
PCL-LG-LA-0647-01,LG-LA-0647,SY-788/1,34.33,Government,1,0
PCL-LG-LA-0647-02,LG-LA-0647,SY-503/2,34.33,Community,0,1
PCL-LG-LA-0647-03,LG-LA-0647,SY-890/3,34.33,Forest,0,0
PCL-LG-LA-0647-04,LG-LA-0647,SY-194/4,34.33,Community,0,0
PCL-LG-LA-0647-05,LG-LA-0647,SY-631/5,34.33,Community,1,0
PCL-LG-LA-0647-06,LG-LA-0647,SY-516/6,34.33,Community,0,0
PCL-LG-LA-0647-07,LG-LA-0647,SY-513/7,34.33,Government,1,1
PCL-LG-LA-0647-08,LG-LA-0647,SY-501/8,34.33,Government,1,0
PCL-LG-LD-0648-01,LG-LD-0648,SY-302/1,603.47,Government,0,0
PCL-LG-LD-0648-02,LG-LD-0648,SY-410/2,603.47,Community,1,0
PCL-LG-LD-0648-03,LG-LD-0648,SY-724/3,603.47,Forest,0,0
PCL-LG-PY-0649-01,LG-PY-0649,SY-928/1,339.78,Forest,0,0
PCL-LG-PY-0649-02,LG-PY-0649,SY-131/2,339.78,Forest,1,0
PCL-LG-PY-0649-03,LG-PY-0649,SY-404/3,339.78,Forest,1,0
PCL-LG-PY-0649-04,LG-PY-0649,SY-676/4,339.78,Forest,1,0
PCL-LG-PY-0649-05,LG-PY-0649,SY-235/5,339.78,Private,0,0
PCL-LG-AP-0650-01,LG-AP-0650,SY-149/1,220.88,Private,1,1
PCL-LG-AP-0650-02,LG-AP-0650,SY-280/2,220.88,Government,1,1
PCL-LG-AP-0650-03,LG-AP-0650,SY-267/3,220.88,Private,1,1
PCL-LG-AP-0650-04,LG-AP-0650,SY-703/4,220.88,Government,1,0
PCL-LG-AR-0651-01,LG-AR-0651,SY-979/1,238.65,Community,1,0
PCL-LG-AR-0651-02,LG-AR-0651,SY-395/2,238.65,Forest,0,1
PCL-LG-AR-0651-03,LG-AR-0651,SY-536/3,238.65,Community,1,0
PCL-LG-AR-0651-04,LG-AR-0651,SY-181/4,238.65,Government,1,0
PCL-LG-AS-0652-01,LG-AS-0652,SY-904/1,664.67,Forest,1,0
PCL-LG-AS-0652-02,LG-AS-0652,SY-114/2,664.67,Forest,1,0
PCL-LG-AS-0652-03,LG-AS-0652,SY-752/3,664.67,Community,1,1
PCL-LG-BR-0653-01,LG-BR-0653,SY-373/1,219.75,Government,0,0
PCL-LG-BR-0653-02,LG-BR-0653,SY-629/2,219.75,Community,1,1
PCL-LG-BR-0653-03,LG-BR-0653,SY-930/3,219.75,Government,0,0
PCL-LG-BR-0653-04,LG-BR-0653,SY-933/4,219.75,Government,1,0
PCL-LG-BR-0653-05,LG-BR-0653,SY-344/5,219.75,Forest,0,1
PCL-LG-BR-0653-06,LG-BR-0653,SY-418/6,219.75,Government,1,0
PCL-LG-BR-0653-07,LG-BR-0653,SY-664/7,219.75,Forest,1,0
PCL-LG-BR-0653-08,LG-BR-0653,SY-558/8,219.75,Community,0,0
PCL-LG-CG-0654-01,LG-CG-0654,SY-989/1,371.83,Government,1,0
PCL-LG-CG-0654-02,LG-CG-0654,SY-848/2,371.83,Community,1,0
PCL-LG-CG-0654-03,LG-CG-0654,SY-114/3,371.83,Government,1,1
PCL-LG-CG-0654-04,LG-CG-0654,SY-414/4,371.83,Private,0,0
PCL-LG-CG-0654-05,LG-CG-0654,SY-784/5,371.83,Government,0,0
PCL-LG-CG-0654-06,LG-CG-0654,SY-946/6,371.83,Government,1,0
PCL-LG-GA-0655-01,LG-GA-0655,SY-538/1,230.7,Forest,1,0
PCL-LG-GA-0655-02,LG-GA-0655,SY-539/2,230.7,Private,1,1
PCL-LG-GA-0655-03,LG-GA-0655,SY-919/3,230.7,Private,1,1
PCL-LG-GA-0655-04,LG-GA-0655,SY-387/4,230.7,Community,0,1
PCL-LG-GA-0655-05,LG-GA-0655,SY-277/5,230.7,Community,1,0
PCL-LG-GA-0655-06,LG-GA-0655,SY-791/6,230.7,Private,1,1
PCL-LG-GA-0655-07,LG-GA-0655,SY-941/7,230.7,Government,1,0
PCL-LG-GA-0655-08,LG-GA-0655,SY-795/8,230.7,Government,1,0
PCL-LG-GJ-0656-01,LG-GJ-0656,SY-997/1,479.64,Forest,1,0
PCL-LG-GJ-0656-02,LG-GJ-0656,SY-744/2,479.64,Community,1,1
PCL-LG-GJ-0656-03,LG-GJ-0656,SY-784/3,479.64,Community,1,0
PCL-LG-GJ-0656-04,LG-GJ-0656,SY-810/4,479.64,Private,1,1
PCL-LG-GJ-0656-05,LG-GJ-0656,SY-390/5,479.64,Community,1,0
PCL-LG-HR-0657-01,LG-HR-0657,SY-856/1,287.52,Forest,1,0
PCL-LG-HR-0657-02,LG-HR-0657,SY-788/2,287.52,Forest,1,1
PCL-LG-HR-0657-03,LG-HR-0657,SY-990/3,287.52,Forest,1,0
PCL-LG-HR-0657-04,LG-HR-0657,SY-815/4,287.52,Government,1,0
PCL-LG-HP-0658-01,LG-HP-0658,SY-787/1,71.88,Forest,1,0
PCL-LG-HP-0658-02,LG-HP-0658,SY-829/2,71.88,Forest,1,0
PCL-LG-HP-0658-03,LG-HP-0658,SY-160/3,71.88,Community,1,1
PCL-LG-HP-0658-04,LG-HP-0658,SY-742/4,71.88,Community,1,0
PCL-LG-HP-0658-05,LG-HP-0658,SY-739/5,71.88,Forest,0,0
PCL-LG-JH-0659-01,LG-JH-0659,SY-550/1,148.43,Government,1,0
PCL-LG-JH-0659-02,LG-JH-0659,SY-909/2,148.43,Private,1,0
PCL-LG-JH-0659-03,LG-JH-0659,SY-423/3,148.43,Forest,0,0
PCL-LG-JH-0659-04,LG-JH-0659,SY-333/4,148.43,Forest,1,0
PCL-LG-JH-0659-05,LG-JH-0659,SY-660/5,148.43,Private,1,0
PCL-LG-JH-0659-06,LG-JH-0659,SY-788/6,148.43,Private,1,1
PCL-LG-JH-0659-07,LG-JH-0659,SY-268/7,148.43,Government,1,1
PCL-LG-JH-0659-08,LG-JH-0659,SY-463/8,148.43,Private,0,1
PCL-LG-KA-0660-01,LG-KA-0660,SY-348/1,80.02,Private,1,1
PCL-LG-KA-0660-02,LG-KA-0660,SY-293/2,80.02,Private,1,0
PCL-LG-KA-0660-03,LG-KA-0660,SY-877/3,80.02,Forest,1,0
PCL-LG-KA-0660-04,LG-KA-0660,SY-863/4,80.02,Government,0,0
PCL-LG-KA-0660-05,LG-KA-0660,SY-125/5,80.02,Forest,1,1
PCL-LG-KA-0660-06,LG-KA-0660,SY-476/6,80.02,Forest,0,0
PCL-LG-KL-0661-01,LG-KL-0661,SY-408/1,89.9,Community,1,0
PCL-LG-KL-0661-02,LG-KL-0661,SY-915/2,89.9,Forest,0,1
PCL-LG-KL-0661-03,LG-KL-0661,SY-808/3,89.9,Government,1,1
PCL-LG-KL-0661-04,LG-KL-0661,SY-348/4,89.9,Forest,1,0
PCL-LG-KL-0661-05,LG-KL-0661,SY-130/5,89.9,Forest,1,1
PCL-LG-KL-0661-06,LG-KL-0661,SY-616/6,89.9,Forest,0,1
PCL-LG-KL-0661-07,LG-KL-0661,SY-550/7,89.9,Government,1,1
PCL-LG-MP-0662-01,LG-MP-0662,SY-448/1,70.3,Community,1,1
PCL-LG-MP-0662-02,LG-MP-0662,SY-989/2,70.3,Government,0,1
PCL-LG-MP-0662-03,LG-MP-0662,SY-303/3,70.3,Private,1,1
PCL-LG-MP-0662-04,LG-MP-0662,SY-716/4,70.3,Community,1,1
PCL-LG-MP-0662-05,LG-MP-0662,SY-758/5,70.3,Forest,0,1
PCL-LG-MP-0662-06,LG-MP-0662,SY-808/6,70.3,Private,0,0
PCL-LG-MP-0662-07,LG-MP-0662,SY-449/7,70.3,Community,1,1
PCL-LG-MH-0663-01,LG-MH-0663,SY-795/1,83.12,Community,0,0
PCL-LG-MH-0663-02,LG-MH-0663,SY-314/2,83.12,Government,0,0
PCL-LG-MH-0663-03,LG-MH-0663,SY-647/3,83.12,Community,1,1
PCL-LG-MH-0663-04,LG-MH-0663,SY-562/4,83.12,Forest,1,1
PCL-LG-MH-0663-05,LG-MH-0663,SY-665/5,83.12,Private,1,0
PCL-LG-MN-0664-01,LG-MN-0664,SY-449/1,83.73,Government,1,0
PCL-LG-MN-0664-02,LG-MN-0664,SY-509/2,83.73,Private,0,0
PCL-LG-MN-0664-03,LG-MN-0664,SY-313/3,83.73,Private,0,0
PCL-LG-MN-0664-04,LG-MN-0664,SY-645/4,83.73,Forest,0,0
PCL-LG-MN-0664-05,LG-MN-0664,SY-294/5,83.73,Government,1,0
PCL-LG-MN-0664-06,LG-MN-0664,SY-405/6,83.73,Forest,1,0
PCL-LG-ML-0665-01,LG-ML-0665,SY-589/1,244.8,Government,1,1
PCL-LG-ML-0665-02,LG-ML-0665,SY-595/2,244.8,Private,1,0
PCL-LG-ML-0665-03,LG-ML-0665,SY-169/3,244.8,Government,1,0
PCL-LG-ML-0665-04,LG-ML-0665,SY-875/4,244.8,Community,0,0
PCL-LG-ML-0665-05,LG-ML-0665,SY-725/5,244.8,Private,0,1
PCL-LG-ML-0665-06,LG-ML-0665,SY-924/6,244.8,Forest,1,0
PCL-LG-ML-0665-07,LG-ML-0665,SY-184/7,244.8,Community,0,1
PCL-LG-ML-0665-08,LG-ML-0665,SY-530/8,244.8,Forest,0,0
PCL-LG-MZ-0666-01,LG-MZ-0666,SY-600/1,56.2,Government,1,0
PCL-LG-MZ-0666-02,LG-MZ-0666,SY-553/2,56.2,Forest,0,0
PCL-LG-MZ-0666-03,LG-MZ-0666,SY-238/3,56.2,Private,1,0
PCL-LG-NL-0667-01,LG-NL-0667,SY-880/1,208.9,Government,1,1
PCL-LG-NL-0667-02,LG-NL-0667,SY-105/2,208.9,Private,0,0
PCL-LG-NL-0667-03,LG-NL-0667,SY-750/3,208.9,Government,1,0
PCL-LG-NL-0667-04,LG-NL-0667,SY-438/4,208.9,Government,1,0
PCL-LG-NL-0667-05,LG-NL-0667,SY-959/5,208.9,Community,1,0
PCL-LG-NL-0667-06,LG-NL-0667,SY-926/6,208.9,Community,0,1
PCL-LG-NL-0667-07,LG-NL-0667,SY-812/7,208.9,Forest,1,0
PCL-LG-NL-0667-08,LG-NL-0667,SY-663/8,208.9,Community,1,0
PCL-LG-OD-0668-01,LG-OD-0668,SY-669/1,395.52,Government,1,0
PCL-LG-OD-0668-02,LG-OD-0668,SY-602/2,395.52,Government,1,0
PCL-LG-OD-0668-03,LG-OD-0668,SY-971/3,395.52,Forest,0,1
PCL-LG-OD-0668-04,LG-OD-0668,SY-358/4,395.52,Forest,0,0
PCL-LG-PB-0669-01,LG-PB-0669,SY-489/1,650.7,Private,0,0
PCL-LG-PB-0669-02,LG-PB-0669,SY-540/2,650.7,Community,1,0
PCL-LG-PB-0669-03,LG-PB-0669,SY-564/3,650.7,Government,1,0
PCL-LG-RJ-0670-01,LG-RJ-0670,SY-656/1,205.17,Private,1,0
PCL-LG-RJ-0670-02,LG-RJ-0670,SY-570/2,205.17,Government,1,1
PCL-LG-RJ-0670-03,LG-RJ-0670,SY-776/3,205.17,Forest,0,1
PCL-LG-SK-0671-01,LG-SK-0671,SY-837/1,222.79,Private,1,1
PCL-LG-SK-0671-02,LG-SK-0671,SY-197/2,222.79,Community,1,1
PCL-LG-SK-0671-03,LG-SK-0671,SY-453/3,222.79,Community,1,0
PCL-LG-SK-0671-04,LG-SK-0671,SY-753/4,222.79,Community,1,1
PCL-LG-SK-0671-05,LG-SK-0671,SY-744/5,222.79,Forest,0,0
PCL-LG-SK-0671-06,LG-SK-0671,SY-560/6,222.79,Private,1,1
PCL-LG-SK-0671-07,LG-SK-0671,SY-330/7,222.79,Community,0,1
PCL-LG-TN-0672-01,LG-TN-0672,SY-748/1,64.18,Forest,0,1
PCL-LG-TN-0672-02,LG-TN-0672,SY-185/2,64.18,Private,1,1
PCL-LG-TN-0672-03,LG-TN-0672,SY-944/3,64.18,Community,1,1
PCL-LG-TN-0672-04,LG-TN-0672,SY-833/4,64.18,Community,1,0
PCL-LG-TN-0672-05,LG-TN-0672,SY-322/5,64.18,Private,1,0
PCL-LG-TS-0673-01,LG-TS-0673,SY-959/1,300.44,Government,1,0
PCL-LG-TS-0673-02,LG-TS-0673,SY-998/2,300.44,Government,1,0
PCL-LG-TS-0673-03,LG-TS-0673,SY-726/3,300.44,Government,1,0
PCL-LG-TS-0673-04,LG-TS-0673,SY-969/4,300.44,Private,1,0
PCL-LG-TS-0673-05,LG-TS-0673,SY-257/5,300.44,Community,0,0
PCL-LG-TR-0674-01,LG-TR-0674,SY-368/1,18.54,Community,1,0
PCL-LG-TR-0674-02,LG-TR-0674,SY-931/2,18.54,Community,1,1
PCL-LG-TR-0674-03,LG-TR-0674,SY-191/3,18.54,Community,1,1
PCL-LG-TR-0674-04,LG-TR-0674,SY-242/4,18.54,Forest,1,0
PCL-LG-TR-0674-05,LG-TR-0674,SY-582/5,18.54,Government,1,0
PCL-LG-UP-0675-01,LG-UP-0675,SY-962/1,333.82,Forest,1,0
PCL-LG-UP-0675-02,LG-UP-0675,SY-586/2,333.82,Government,0,0
PCL-LG-UP-0675-03,LG-UP-0675,SY-801/3,333.82,Government,1,1
PCL-LG-UP-0675-04,LG-UP-0675,SY-885/4,333.82,Private,1,1
PCL-LG-UK-0676-01,LG-UK-0676,SY-753/1,257.54,Private,0,1
PCL-LG-UK-0676-02,LG-UK-0676,SY-180/2,257.54,Private,1,0
PCL-LG-UK-0676-03,LG-UK-0676,SY-614/3,257.54,Private,1,0
PCL-LG-UK-0676-04,LG-UK-0676,SY-818/4,257.54,Government,1,0
PCL-LG-UK-0676-05,LG-UK-0676,SY-426/5,257.54,Community,0,0
PCL-LG-UK-0676-06,LG-UK-0676,SY-194/6,257.54,Private,1,0
PCL-LG-UK-0676-07,LG-UK-0676,SY-209/7,257.54,Community,1,0
PCL-LG-UK-0676-08,LG-UK-0676,SY-678/8,257.54,Private,0,0
PCL-LG-WB-0677-01,LG-WB-0677,SY-338/1,197.5,Forest,1,0
PCL-LG-WB-0677-02,LG-WB-0677,SY-441/2,197.5,Government,0,0
PCL-LG-WB-0677-03,LG-WB-0677,SY-306/3,197.5,Community,1,0
PCL-LG-WB-0677-04,LG-WB-0677,SY-112/4,197.5,Community,1,0
PCL-LG-WB-0677-05,LG-WB-0677,SY-646/5,197.5,Community,0,0
PCL-LG-WB-0677-06,LG-WB-0677,SY-529/6,197.5,Forest,1,0
PCL-LG-AN-0678-01,LG-AN-0678,SY-340/1,414.9,Forest,1,0
PCL-LG-AN-0678-02,LG-AN-0678,SY-662/2,414.9,Forest,1,1
PCL-LG-AN-0678-03,LG-AN-0678,SY-577/3,414.9,Forest,1,0
PCL-LG-AN-0678-04,LG-AN-0678,SY-276/4,414.9,Forest,0,0
PCL-LG-AN-0678-05,LG-AN-0678,SY-488/5,414.9,Community,0,0
PCL-LG-AN-0678-06,LG-AN-0678,SY-796/6,414.9,Forest,1,0
PCL-LG-CH-0679-01,LG-CH-0679,SY-495/1,266.45,Private,1,1
PCL-LG-CH-0679-02,LG-CH-0679,SY-264/2,266.45,Government,0,1
PCL-LG-CH-0679-03,LG-CH-0679,SY-948/3,266.45,Private,1,0
PCL-LG-CH-0679-04,LG-CH-0679,SY-792/4,266.45,Private,1,1
PCL-LG-CH-0679-05,LG-CH-0679,SY-761/5,266.45,Private,0,1
PCL-LG-CH-0679-06,LG-CH-0679,SY-930/6,266.45,Private,1,1
PCL-LG-CH-0679-07,LG-CH-0679,SY-886/7,266.45,Private,0,1
PCL-LG-CH-0679-08,LG-CH-0679,SY-783/8,266.45,Government,1,0
PCL-LG-DH-0680-01,LG-DH-0680,SY-766/1,265.03,Forest,0,0
PCL-LG-DH-0680-02,LG-DH-0680,SY-254/2,265.03,Forest,0,0
PCL-LG-DH-0680-03,LG-DH-0680,SY-818/3,265.03,Private,1,1
PCL-LG-DL-0681-01,LG-DL-0681,SY-723/1,97.99,Forest,1,0
PCL-LG-DL-0681-02,LG-DL-0681,SY-923/2,97.99,Forest,1,0
PCL-LG-DL-0681-03,LG-DL-0681,SY-228/3,97.99,Private,0,0
PCL-LG-DL-0681-04,LG-DL-0681,SY-660/4,97.99,Private,1,1
PCL-LG-DL-0681-05,LG-DL-0681,SY-812/5,97.99,Community,0,0
PCL-LG-DL-0681-06,LG-DL-0681,SY-777/6,97.99,Government,1,1
PCL-LG-DL-0681-07,LG-DL-0681,SY-647/7,97.99,Private,1,0
PCL-LG-DL-0681-08,LG-DL-0681,SY-754/8,97.99,Government,1,0
PCL-LG-JK-0682-01,LG-JK-0682,SY-935/1,65.12,Government,0,0
PCL-LG-JK-0682-02,LG-JK-0682,SY-429/2,65.12,Community,1,1
PCL-LG-JK-0682-03,LG-JK-0682,SY-634/3,65.12,Community,0,1
PCL-LG-JK-0682-04,LG-JK-0682,SY-744/4,65.12,Government,1,0
PCL-LG-JK-0682-05,LG-JK-0682,SY-248/5,65.12,Forest,1,0
PCL-LG-LA-0683-01,LG-LA-0683,SY-534/1,292.76,Community,0,0
PCL-LG-LA-0683-02,LG-LA-0683,SY-196/2,292.76,Community,1,0
PCL-LG-LA-0683-03,LG-LA-0683,SY-121/3,292.76,Community,1,0
PCL-LG-LA-0683-04,LG-LA-0683,SY-408/4,292.76,Government,1,0
PCL-LG-LA-0683-05,LG-LA-0683,SY-500/5,292.76,Government,1,1
PCL-LG-LA-0683-06,LG-LA-0683,SY-594/6,292.76,Private,1,1
PCL-LG-LA-0683-07,LG-LA-0683,SY-968/7,292.76,Forest,1,0
PCL-LG-LA-0683-08,LG-LA-0683,SY-788/8,292.76,Government,1,1
PCL-LG-LD-0684-01,LG-LD-0684,SY-456/1,77.36,Forest,1,0
PCL-LG-LD-0684-02,LG-LD-0684,SY-243/2,77.36,Community,0,0
PCL-LG-LD-0684-03,LG-LD-0684,SY-328/3,77.36,Private,1,0
PCL-LG-LD-0684-04,LG-LD-0684,SY-633/4,77.36,Private,1,1
PCL-LG-LD-0684-05,LG-LD-0684,SY-886/5,77.36,Community,0,0
PCL-LG-PY-0685-01,LG-PY-0685,SY-372/1,221.8,Private,1,0
PCL-LG-PY-0685-02,LG-PY-0685,SY-737/2,221.8,Community,1,0
PCL-LG-PY-0685-03,LG-PY-0685,SY-578/3,221.8,Community,1,1
PCL-LG-PY-0685-04,LG-PY-0685,SY-286/4,221.8,Government,1,0
PCL-LG-AP-0686-01,LG-AP-0686,SY-510/1,17.03,Forest,1,0
PCL-LG-AP-0686-02,LG-AP-0686,SY-706/2,17.03,Government,1,0
PCL-LG-AP-0686-03,LG-AP-0686,SY-479/3,17.03,Private,0,0
PCL-LG-AP-0686-04,LG-AP-0686,SY-353/4,17.03,Forest,1,1
PCL-LG-AP-0686-05,LG-AP-0686,SY-666/5,17.03,Forest,1,0
PCL-LG-AP-0686-06,LG-AP-0686,SY-757/6,17.03,Community,1,1
PCL-LG-AP-0686-07,LG-AP-0686,SY-741/7,17.03,Forest,1,1
PCL-LG-AR-0687-01,LG-AR-0687,SY-462/1,702.43,Community,1,1
PCL-LG-AR-0687-02,LG-AR-0687,SY-440/2,702.43,Private,0,0
PCL-LG-AR-0687-03,LG-AR-0687,SY-529/3,702.43,Forest,0,1
PCL-LG-AS-0688-01,LG-AS-0688,SY-217/1,310.72,Government,1,0
PCL-LG-AS-0688-02,LG-AS-0688,SY-283/2,310.72,Community,0,0
PCL-LG-AS-0688-03,LG-AS-0688,SY-607/3,310.72,Government,1,0
PCL-LG-AS-0688-04,LG-AS-0688,SY-721/4,310.72,Forest,1,1
PCL-LG-AS-0688-05,LG-AS-0688,SY-994/5,310.72,Government,1,0
PCL-LG-BR-0689-01,LG-BR-0689,SY-393/1,327.73,Private,0,0
PCL-LG-BR-0689-02,LG-BR-0689,SY-779/2,327.73,Government,1,0
PCL-LG-BR-0689-03,LG-BR-0689,SY-416/3,327.73,Private,0,0
PCL-LG-BR-0689-04,LG-BR-0689,SY-816/4,327.73,Forest,1,0
PCL-LG-CG-0690-01,LG-CG-0690,SY-926/1,422.97,Forest,1,0
PCL-LG-CG-0690-02,LG-CG-0690,SY-760/2,422.97,Private,1,1
PCL-LG-CG-0690-03,LG-CG-0690,SY-202/3,422.97,Forest,0,0
PCL-LG-GA-0691-01,LG-GA-0691,SY-756/1,281.29,Private,1,1
PCL-LG-GA-0691-02,LG-GA-0691,SY-618/2,281.29,Government,1,1
PCL-LG-GA-0691-03,LG-GA-0691,SY-356/3,281.29,Forest,1,1
PCL-LG-GA-0691-04,LG-GA-0691,SY-201/4,281.29,Government,0,0
PCL-LG-GA-0691-05,LG-GA-0691,SY-175/5,281.29,Government,0,0
PCL-LG-GA-0691-06,LG-GA-0691,SY-814/6,281.29,Private,1,0
PCL-LG-GA-0691-07,LG-GA-0691,SY-762/7,281.29,Forest,1,1
PCL-LG-GJ-0692-01,LG-GJ-0692,SY-953/1,583.4,Private,0,0
PCL-LG-GJ-0692-02,LG-GJ-0692,SY-377/2,583.4,Community,1,0
PCL-LG-GJ-0692-03,LG-GJ-0692,SY-638/3,583.4,Private,1,0
PCL-LG-HR-0693-01,LG-HR-0693,SY-709/1,75.7,Government,1,1
PCL-LG-HR-0693-02,LG-HR-0693,SY-750/2,75.7,Private,0,0
PCL-LG-HR-0693-03,LG-HR-0693,SY-947/3,75.7,Private,0,0
PCL-LG-HR-0693-04,LG-HR-0693,SY-669/4,75.7,Forest,1,0
PCL-LG-HR-0693-05,LG-HR-0693,SY-811/5,75.7,Government,0,0
PCL-LG-HR-0693-06,LG-HR-0693,SY-357/6,75.7,Forest,1,0
PCL-LG-HR-0693-07,LG-HR-0693,SY-755/7,75.7,Forest,0,0
PCL-LG-HP-0694-01,LG-HP-0694,SY-114/1,126.9,Government,1,1
PCL-LG-HP-0694-02,LG-HP-0694,SY-999/2,126.9,Community,1,0
PCL-LG-HP-0694-03,LG-HP-0694,SY-282/3,126.9,Community,1,0
PCL-LG-HP-0694-04,LG-HP-0694,SY-667/4,126.9,Private,1,1
PCL-LG-HP-0694-05,LG-HP-0694,SY-656/5,126.9,Private,1,1
PCL-LG-HP-0694-06,LG-HP-0694,SY-886/6,126.9,Private,1,1
PCL-LG-HP-0694-07,LG-HP-0694,SY-353/7,126.9,Private,1,0
PCL-LG-JH-0695-01,LG-JH-0695,SY-567/1,168.35,Government,0,1
PCL-LG-JH-0695-02,LG-JH-0695,SY-853/2,168.35,Community,1,1
PCL-LG-JH-0695-03,LG-JH-0695,SY-771/3,168.35,Government,1,0
PCL-LG-JH-0695-04,LG-JH-0695,SY-110/4,168.35,Community,1,0
PCL-LG-KA-0696-01,LG-KA-0696,SY-164/1,17.89,Community,1,0
PCL-LG-KA-0696-02,LG-KA-0696,SY-309/2,17.89,Community,0,1
PCL-LG-KA-0696-03,LG-KA-0696,SY-500/3,17.89,Government,1,0
PCL-LG-KA-0696-04,LG-KA-0696,SY-375/4,17.89,Private,1,1
PCL-LG-KA-0696-05,LG-KA-0696,SY-169/5,17.89,Private,0,0
PCL-LG-KA-0696-06,LG-KA-0696,SY-958/6,17.89,Government,0,1
PCL-LG-KA-0696-07,LG-KA-0696,SY-237/7,17.89,Government,1,0
PCL-LG-KL-0697-01,LG-KL-0697,SY-672/1,197.39,Community,1,0
PCL-LG-KL-0697-02,LG-KL-0697,SY-650/2,197.39,Government,1,1
PCL-LG-KL-0697-03,LG-KL-0697,SY-271/3,197.39,Community,1,1
PCL-LG-KL-0697-04,LG-KL-0697,SY-696/4,197.39,Community,1,1
PCL-LG-KL-0697-05,LG-KL-0697,SY-431/5,197.39,Forest,1,0
PCL-LG-KL-0697-06,LG-KL-0697,SY-724/6,197.39,Government,1,0
PCL-LG-KL-0697-07,LG-KL-0697,SY-468/7,197.39,Forest,1,0
PCL-LG-KL-0697-08,LG-KL-0697,SY-965/8,197.39,Government,1,0
PCL-LG-MP-0698-01,LG-MP-0698,SY-770/1,182.9,Government,1,0
PCL-LG-MP-0698-02,LG-MP-0698,SY-183/2,182.9,Private,1,0
PCL-LG-MP-0698-03,LG-MP-0698,SY-668/3,182.9,Community,1,0
PCL-LG-MP-0698-04,LG-MP-0698,SY-118/4,182.9,Government,0,0
PCL-LG-MP-0698-05,LG-MP-0698,SY-378/5,182.9,Private,1,0
PCL-LG-MP-0698-06,LG-MP-0698,SY-538/6,182.9,Community,1,1
PCL-LG-MH-0699-01,LG-MH-0699,SY-260/1,252.45,Private,1,0
PCL-LG-MH-0699-02,LG-MH-0699,SY-710/2,252.45,Private,1,0
PCL-LG-MH-0699-03,LG-MH-0699,SY-971/3,252.45,Forest,1,0
PCL-LG-MH-0699-04,LG-MH-0699,SY-675/4,252.45,Private,0,1
PCL-LG-MH-0699-05,LG-MH-0699,SY-265/5,252.45,Forest,1,1
PCL-LG-MH-0699-06,LG-MH-0699,SY-408/6,252.45,Community,1,1
PCL-LG-MH-0699-07,LG-MH-0699,SY-363/7,252.45,Private,1,1
PCL-LG-MH-0699-08,LG-MH-0699,SY-989/8,252.45,Government,0,0
PCL-LG-MN-0700-01,LG-MN-0700,SY-898/1,68.4,Community,1,1
PCL-LG-MN-0700-02,LG-MN-0700,SY-653/2,68.4,Private,0,1
PCL-LG-MN-0700-03,LG-MN-0700,SY-289/3,68.4,Private,1,1
PCL-LG-MN-0700-04,LG-MN-0700,SY-753/4,68.4,Private,1,0
PCL-LG-MN-0700-05,LG-MN-0700,SY-921/5,68.4,Private,1,1
PCL-LG-MN-0700-06,LG-MN-0700,SY-609/6,68.4,Forest,1,1
PCL-LG-MN-0700-07,LG-MN-0700,SY-780/7,68.4,Forest,0,0
PCL-LG-ML-0701-01,LG-ML-0701,SY-250/1,50.88,Government,1,0
PCL-LG-ML-0701-02,LG-ML-0701,SY-938/2,50.88,Forest,0,1
PCL-LG-ML-0701-03,LG-ML-0701,SY-125/3,50.88,Forest,0,1
PCL-LG-ML-0701-04,LG-ML-0701,SY-846/4,50.88,Private,1,0
PCL-LG-ML-0701-05,LG-ML-0701,SY-447/5,50.88,Private,1,0
PCL-LG-ML-0701-06,LG-ML-0701,SY-489/6,50.88,Government,1,1
PCL-LG-ML-0701-07,LG-ML-0701,SY-291/7,50.88,Forest,1,0
PCL-LG-ML-0701-08,LG-ML-0701,SY-794/8,50.88,Private,1,0
PCL-LG-MZ-0702-01,LG-MZ-0702,SY-218/1,459.46,Private,0,1
PCL-LG-MZ-0702-02,LG-MZ-0702,SY-559/2,459.46,Government,1,1
PCL-LG-MZ-0702-03,LG-MZ-0702,SY-375/3,459.46,Community,1,1
PCL-LG-MZ-0702-04,LG-MZ-0702,SY-468/4,459.46,Community,0,0
PCL-LG-MZ-0702-05,LG-MZ-0702,SY-957/5,459.46,Forest,0,0
PCL-LG-NL-0703-01,LG-NL-0703,SY-569/1,458.84,Community,1,0
PCL-LG-NL-0703-02,LG-NL-0703,SY-802/2,458.84,Government,1,0
PCL-LG-NL-0703-03,LG-NL-0703,SY-235/3,458.84,Private,1,1
PCL-LG-NL-0703-04,LG-NL-0703,SY-158/4,458.84,Private,0,0
PCL-LG-NL-0703-05,LG-NL-0703,SY-373/5,458.84,Community,1,1
PCL-LG-OD-0704-01,LG-OD-0704,SY-182/1,6.74,Private,1,0
PCL-LG-OD-0704-02,LG-OD-0704,SY-146/2,6.74,Government,1,0
PCL-LG-OD-0704-03,LG-OD-0704,SY-115/3,6.74,Forest,0,0
PCL-LG-OD-0704-04,LG-OD-0704,SY-567/4,6.74,Government,1,0
PCL-LG-OD-0704-05,LG-OD-0704,SY-668/5,6.74,Government,0,0
PCL-LG-OD-0704-06,LG-OD-0704,SY-452/6,6.74,Community,1,1
PCL-LG-OD-0704-07,LG-OD-0704,SY-465/7,6.74,Forest,1,0
PCL-LG-OD-0704-08,LG-OD-0704,SY-621/8,6.74,Community,1,0
PCL-LG-PB-0705-01,LG-PB-0705,SY-468/1,172.51,Private,0,0
PCL-LG-PB-0705-02,LG-PB-0705,SY-373/2,172.51,Community,1,1
PCL-LG-PB-0705-03,LG-PB-0705,SY-510/3,172.51,Forest,0,0
PCL-LG-PB-0705-04,LG-PB-0705,SY-329/4,172.51,Private,1,0
PCL-LG-PB-0705-05,LG-PB-0705,SY-279/5,172.51,Forest,1,0
PCL-LG-PB-0705-06,LG-PB-0705,SY-514/6,172.51,Forest,1,0
PCL-LG-PB-0705-07,LG-PB-0705,SY-344/7,172.51,Forest,0,1
PCL-LG-RJ-0706-01,LG-RJ-0706,SY-457/1,12.29,Government,1,1
PCL-LG-RJ-0706-02,LG-RJ-0706,SY-741/2,12.29,Forest,1,0
PCL-LG-RJ-0706-03,LG-RJ-0706,SY-106/3,12.29,Forest,1,1
PCL-LG-RJ-0706-04,LG-RJ-0706,SY-815/4,12.29,Forest,1,0
PCL-LG-RJ-0706-05,LG-RJ-0706,SY-436/5,12.29,Community,1,0
PCL-LG-RJ-0706-06,LG-RJ-0706,SY-593/6,12.29,Private,0,1
PCL-LG-RJ-0706-07,LG-RJ-0706,SY-442/7,12.29,Private,1,1
PCL-LG-SK-0707-01,LG-SK-0707,SY-704/1,91.73,Community,1,0
PCL-LG-SK-0707-02,LG-SK-0707,SY-647/2,91.73,Community,1,1
PCL-LG-SK-0707-03,LG-SK-0707,SY-731/3,91.73,Forest,1,1
PCL-LG-TN-0708-01,LG-TN-0708,SY-267/1,166.3,Government,1,1
PCL-LG-TN-0708-02,LG-TN-0708,SY-295/2,166.3,Government,1,0
PCL-LG-TN-0708-03,LG-TN-0708,SY-178/3,166.3,Community,0,1
PCL-LG-TN-0708-04,LG-TN-0708,SY-189/4,166.3,Private,1,0
PCL-LG-TN-0708-05,LG-TN-0708,SY-830/5,166.3,Community,0,1
PCL-LG-TS-0709-01,LG-TS-0709,SY-401/1,383.82,Government,0,0
PCL-LG-TS-0709-02,LG-TS-0709,SY-949/2,383.82,Forest,1,1
PCL-LG-TS-0709-03,LG-TS-0709,SY-632/3,383.82,Forest,1,0
PCL-LG-TS-0709-04,LG-TS-0709,SY-201/4,383.82,Forest,1,1
PCL-LG-TS-0709-05,LG-TS-0709,SY-525/5,383.82,Forest,0,0
PCL-LG-TS-0709-06,LG-TS-0709,SY-718/6,383.82,Government,1,0
PCL-LG-TR-0710-01,LG-TR-0710,SY-813/1,32.38,Government,0,0
PCL-LG-TR-0710-02,LG-TR-0710,SY-500/2,32.38,Private,0,0
PCL-LG-TR-0710-03,LG-TR-0710,SY-492/3,32.38,Forest,1,1
PCL-LG-TR-0710-04,LG-TR-0710,SY-790/4,32.38,Private,1,0
PCL-LG-TR-0710-05,LG-TR-0710,SY-183/5,32.38,Community,1,0
PCL-LG-TR-0710-06,LG-TR-0710,SY-843/6,32.38,Private,0,1
PCL-LG-UP-0711-01,LG-UP-0711,SY-137/1,257.62,Private,1,0
PCL-LG-UP-0711-02,LG-UP-0711,SY-779/2,257.62,Private,1,0
PCL-LG-UP-0711-03,LG-UP-0711,SY-120/3,257.62,Forest,1,1
PCL-LG-UP-0711-04,LG-UP-0711,SY-966/4,257.62,Community,1,0
PCL-LG-UP-0711-05,LG-UP-0711,SY-243/5,257.62,Forest,1,1
PCL-LG-UP-0711-06,LG-UP-0711,SY-476/6,257.62,Community,0,1
PCL-LG-UP-0711-07,LG-UP-0711,SY-428/7,257.62,Forest,1,1
PCL-LG-UP-0711-08,LG-UP-0711,SY-274/8,257.62,Community,1,0
PCL-LG-UK-0712-01,LG-UK-0712,SY-607/1,502.73,Government,0,0
PCL-LG-UK-0712-02,LG-UK-0712,SY-211/2,502.73,Government,1,1
PCL-LG-UK-0712-03,LG-UK-0712,SY-414/3,502.73,Private,1,1
PCL-LG-WB-0713-01,LG-WB-0713,SY-883/1,299.32,Forest,1,1
PCL-LG-WB-0713-02,LG-WB-0713,SY-834/2,299.32,Government,1,0
PCL-LG-WB-0713-03,LG-WB-0713,SY-930/3,299.32,Forest,1,1
PCL-LG-WB-0713-04,LG-WB-0713,SY-285/4,299.32,Forest,1,0
PCL-LG-AN-0714-01,LG-AN-0714,SY-179/1,388.47,Private,0,0
PCL-LG-AN-0714-02,LG-AN-0714,SY-930/2,388.47,Community,1,0
PCL-LG-AN-0714-03,LG-AN-0714,SY-440/3,388.47,Private,1,1
PCL-LG-AN-0714-04,LG-AN-0714,SY-228/4,388.47,Community,1,0
PCL-LG-AN-0714-05,LG-AN-0714,SY-607/5,388.47,Private,1,0
PCL-LG-AN-0714-06,LG-AN-0714,SY-202/6,388.47,Community,1,1
PCL-LG-CH-0715-01,LG-CH-0715,SY-232/1,184.9,Private,1,0
PCL-LG-CH-0715-02,LG-CH-0715,SY-102/2,184.9,Community,0,0
PCL-LG-CH-0715-03,LG-CH-0715,SY-950/3,184.9,Forest,1,0
PCL-LG-DH-0716-01,LG-DH-0716,SY-386/1,213.72,Community,1,0
PCL-LG-DH-0716-02,LG-DH-0716,SY-765/2,213.72,Community,1,0
PCL-LG-DH-0716-03,LG-DH-0716,SY-841/3,213.72,Forest,0,0
PCL-LG-DH-0716-04,LG-DH-0716,SY-175/4,213.72,Community,1,1
PCL-LG-DL-0717-01,LG-DL-0717,SY-779/1,312.31,Community,1,0
PCL-LG-DL-0717-02,LG-DL-0717,SY-438/2,312.31,Government,1,0
PCL-LG-DL-0717-03,LG-DL-0717,SY-838/3,312.31,Private,1,1
PCL-LG-DL-0717-04,LG-DL-0717,SY-755/4,312.31,Government,1,0
PCL-LG-DL-0717-05,LG-DL-0717,SY-586/5,312.31,Government,1,1
PCL-LG-DL-0717-06,LG-DL-0717,SY-490/6,312.31,Forest,1,0
PCL-LG-DL-0717-07,LG-DL-0717,SY-847/7,312.31,Forest,1,0
PCL-LG-JK-0718-01,LG-JK-0718,SY-152/1,353.18,Government,1,0
PCL-LG-JK-0718-02,LG-JK-0718,SY-394/2,353.18,Community,1,0
PCL-LG-JK-0718-03,LG-JK-0718,SY-362/3,353.18,Private,1,1
PCL-LG-JK-0718-04,LG-JK-0718,SY-468/4,353.18,Government,1,0
PCL-LG-JK-0718-05,LG-JK-0718,SY-178/5,353.18,Private,1,1
PCL-LG-JK-0718-06,LG-JK-0718,SY-117/6,353.18,Private,1,0
PCL-LG-LA-0719-01,LG-LA-0719,SY-643/1,161.36,Government,0,0
PCL-LG-LA-0719-02,LG-LA-0719,SY-965/2,161.36,Government,1,0
PCL-LG-LA-0719-03,LG-LA-0719,SY-152/3,161.36,Community,1,0
PCL-LG-LA-0719-04,LG-LA-0719,SY-528/4,161.36,Government,1,0
PCL-LG-LA-0719-05,LG-LA-0719,SY-474/5,161.36,Forest,0,0
PCL-LG-LA-0719-06,LG-LA-0719,SY-621/6,161.36,Forest,1,1
PCL-LG-LA-0719-07,LG-LA-0719,SY-888/7,161.36,Government,1,0
PCL-LG-LA-0719-08,LG-LA-0719,SY-727/8,161.36,Community,1,1
PCL-LG-LD-0720-01,LG-LD-0720,SY-693/1,271.35,Private,1,0
PCL-LG-LD-0720-02,LG-LD-0720,SY-833/2,271.35,Forest,0,1
PCL-LG-LD-0720-03,LG-LD-0720,SY-313/3,271.35,Government,1,0
PCL-LG-LD-0720-04,LG-LD-0720,SY-738/4,271.35,Government,0,1
PCL-LG-LD-0720-05,LG-LD-0720,SY-497/5,271.35,Private,1,0
PCL-LG-LD-0720-06,LG-LD-0720,SY-411/6,271.35,Forest,0,0
PCL-LG-PY-0721-01,LG-PY-0721,SY-205/1,33.43,Community,1,0
PCL-LG-PY-0721-02,LG-PY-0721,SY-441/2,33.43,Community,0,0
PCL-LG-PY-0721-03,LG-PY-0721,SY-900/3,33.43,Forest,1,1
PCL-LG-AP-0722-01,LG-AP-0722,SY-430/1,97.68,Community,0,1
PCL-LG-AP-0722-02,LG-AP-0722,SY-828/2,97.68,Government,1,0
PCL-LG-AP-0722-03,LG-AP-0722,SY-273/3,97.68,Forest,1,0
PCL-LG-AP-0722-04,LG-AP-0722,SY-358/4,97.68,Government,1,0
PCL-LG-AP-0722-05,LG-AP-0722,SY-508/5,97.68,Government,1,1
PCL-LG-AP-0722-06,LG-AP-0722,SY-207/6,97.68,Private,0,1
PCL-LG-AR-0723-01,LG-AR-0723,SY-958/1,374.35,Private,1,0
PCL-LG-AR-0723-02,LG-AR-0723,SY-877/2,374.35,Government,1,1
PCL-LG-AR-0723-03,LG-AR-0723,SY-180/3,374.35,Private,1,1
PCL-LG-AR-0723-04,LG-AR-0723,SY-250/4,374.35,Private,1,1
PCL-LG-AR-0723-05,LG-AR-0723,SY-507/5,374.35,Private,1,0
PCL-LG-AR-0723-06,LG-AR-0723,SY-321/6,374.35,Government,0,1
PCL-LG-AS-0724-01,LG-AS-0724,SY-376/1,318.87,Private,1,1
PCL-LG-AS-0724-02,LG-AS-0724,SY-394/2,318.87,Forest,1,0
PCL-LG-AS-0724-03,LG-AS-0724,SY-249/3,318.87,Forest,1,0
PCL-LG-BR-0725-01,LG-BR-0725,SY-345/1,364.16,Private,1,0
PCL-LG-BR-0725-02,LG-BR-0725,SY-807/2,364.16,Government,1,0
PCL-LG-BR-0725-03,LG-BR-0725,SY-127/3,364.16,Private,1,0
PCL-LG-BR-0725-04,LG-BR-0725,SY-558/4,364.16,Government,1,0
PCL-LG-BR-0725-05,LG-BR-0725,SY-778/5,364.16,Government,1,0
PCL-LG-CG-0726-01,LG-CG-0726,SY-700/1,152.86,Community,1,1
PCL-LG-CG-0726-02,LG-CG-0726,SY-338/2,152.86,Forest,1,0
PCL-LG-CG-0726-03,LG-CG-0726,SY-718/3,152.86,Forest,0,0
PCL-LG-CG-0726-04,LG-CG-0726,SY-751/4,152.86,Community,0,0
PCL-LG-CG-0726-05,LG-CG-0726,SY-702/5,152.86,Forest,1,0
PCL-LG-CG-0726-06,LG-CG-0726,SY-852/6,152.86,Community,0,0
PCL-LG-CG-0726-07,LG-CG-0726,SY-157/7,152.86,Community,0,1
PCL-LG-CG-0726-08,LG-CG-0726,SY-471/8,152.86,Government,0,0
PCL-LG-GA-0727-01,LG-GA-0727,SY-103/1,272.96,Government,1,1
PCL-LG-GA-0727-02,LG-GA-0727,SY-576/2,272.96,Private,1,0
PCL-LG-GA-0727-03,LG-GA-0727,SY-351/3,272.96,Government,0,0
PCL-LG-GA-0727-04,LG-GA-0727,SY-231/4,272.96,Community,1,0
PCL-LG-GA-0727-05,LG-GA-0727,SY-838/5,272.96,Forest,0,0
PCL-LG-GJ-0728-01,LG-GJ-0728,SY-267/1,305.98,Community,1,0
PCL-LG-GJ-0728-02,LG-GJ-0728,SY-863/2,305.98,Government,0,0
PCL-LG-GJ-0728-03,LG-GJ-0728,SY-701/3,305.98,Government,1,0
PCL-LG-GJ-0728-04,LG-GJ-0728,SY-931/4,305.98,Community,0,0
PCL-LG-GJ-0728-05,LG-GJ-0728,SY-300/5,305.98,Government,1,0
PCL-LG-GJ-0728-06,LG-GJ-0728,SY-614/6,305.98,Government,1,0
PCL-LG-GJ-0728-07,LG-GJ-0728,SY-542/7,305.98,Government,1,0
PCL-LG-GJ-0728-08,LG-GJ-0728,SY-290/8,305.98,Government,1,0
PCL-LG-HR-0729-01,LG-HR-0729,SY-838/1,257.49,Private,1,1
PCL-LG-HR-0729-02,LG-HR-0729,SY-433/2,257.49,Government,1,0
PCL-LG-HR-0729-03,LG-HR-0729,SY-445/3,257.49,Private,0,0
PCL-LG-HR-0729-04,LG-HR-0729,SY-596/4,257.49,Private,1,0
PCL-LG-HR-0729-05,LG-HR-0729,SY-998/5,257.49,Private,1,0
PCL-LG-HR-0729-06,LG-HR-0729,SY-176/6,257.49,Government,1,0
PCL-LG-HR-0729-07,LG-HR-0729,SY-264/7,257.49,Government,1,0
PCL-LG-HP-0730-01,LG-HP-0730,SY-497/1,68.48,Community,1,1
PCL-LG-HP-0730-02,LG-HP-0730,SY-781/2,68.48,Government,1,1
PCL-LG-HP-0730-03,LG-HP-0730,SY-759/3,68.48,Forest,1,0
PCL-LG-HP-0730-04,LG-HP-0730,SY-524/4,68.48,Government,1,0
PCL-LG-HP-0730-05,LG-HP-0730,SY-758/5,68.48,Community,1,0
PCL-LG-JH-0731-01,LG-JH-0731,SY-301/1,477.48,Forest,1,0
PCL-LG-JH-0731-02,LG-JH-0731,SY-832/2,477.48,Community,1,1
PCL-LG-JH-0731-03,LG-JH-0731,SY-181/3,477.48,Private,1,0
PCL-LG-JH-0731-04,LG-JH-0731,SY-880/4,477.48,Private,1,0
PCL-LG-JH-0731-05,LG-JH-0731,SY-674/5,477.48,Community,1,1
PCL-LG-KA-0732-01,LG-KA-0732,SY-160/1,288.1,Government,1,0
PCL-LG-KA-0732-02,LG-KA-0732,SY-232/2,288.1,Government,1,1
PCL-LG-KA-0732-03,LG-KA-0732,SY-814/3,288.1,Government,1,0
PCL-LG-KA-0732-04,LG-KA-0732,SY-593/4,288.1,Private,0,0
PCL-LG-KA-0732-05,LG-KA-0732,SY-670/5,288.1,Community,1,1
PCL-LG-KL-0733-01,LG-KL-0733,SY-503/1,271.56,Community,1,0
PCL-LG-KL-0733-02,LG-KL-0733,SY-836/2,271.56,Forest,1,1
PCL-LG-KL-0733-03,LG-KL-0733,SY-734/3,271.56,Private,1,1
PCL-LG-KL-0733-04,LG-KL-0733,SY-355/4,271.56,Forest,0,0
PCL-LG-KL-0733-05,LG-KL-0733,SY-142/5,271.56,Community,1,1
PCL-LG-MP-0734-01,LG-MP-0734,SY-569/1,557.0,Private,1,0
PCL-LG-MP-0734-02,LG-MP-0734,SY-938/2,557.0,Government,1,1
PCL-LG-MP-0734-03,LG-MP-0734,SY-784/3,557.0,Forest,1,0
PCL-LG-MP-0734-04,LG-MP-0734,SY-863/4,557.0,Private,1,0
PCL-LG-MH-0735-01,LG-MH-0735,SY-520/1,107.56,Government,1,0
PCL-LG-MH-0735-02,LG-MH-0735,SY-246/2,107.56,Community,0,0
PCL-LG-MH-0735-03,LG-MH-0735,SY-530/3,107.56,Private,1,0
PCL-LG-MH-0735-04,LG-MH-0735,SY-856/4,107.56,Forest,0,0
PCL-LG-MH-0735-05,LG-MH-0735,SY-595/5,107.56,Private,1,0
PCL-LG-MH-0735-06,LG-MH-0735,SY-534/6,107.56,Forest,1,0
PCL-LG-MH-0735-07,LG-MH-0735,SY-962/7,107.56,Forest,1,1
PCL-LG-MH-0735-08,LG-MH-0735,SY-259/8,107.56,Private,0,0
PCL-LG-MN-0736-01,LG-MN-0736,SY-970/1,463.4,Government,1,0
PCL-LG-MN-0736-02,LG-MN-0736,SY-749/2,463.4,Private,1,0
PCL-LG-MN-0736-03,LG-MN-0736,SY-405/3,463.4,Private,1,0
PCL-LG-MN-0736-04,LG-MN-0736,SY-172/4,463.4,Forest,1,1
PCL-LG-MN-0736-05,LG-MN-0736,SY-372/5,463.4,Government,1,0
PCL-LG-ML-0737-01,LG-ML-0737,SY-166/1,70.7,Forest,0,1
PCL-LG-ML-0737-02,LG-ML-0737,SY-353/2,70.7,Private,1,0
PCL-LG-ML-0737-03,LG-ML-0737,SY-844/3,70.7,Private,1,0
PCL-LG-ML-0737-04,LG-ML-0737,SY-472/4,70.7,Government,0,0
PCL-LG-ML-0737-05,LG-ML-0737,SY-700/5,70.7,Community,1,0
PCL-LG-ML-0737-06,LG-ML-0737,SY-662/6,70.7,Community,1,0
PCL-LG-ML-0737-07,LG-ML-0737,SY-548/7,70.7,Community,1,0
PCL-LG-MZ-0738-01,LG-MZ-0738,SY-618/1,339.68,Community,1,0
PCL-LG-MZ-0738-02,LG-MZ-0738,SY-577/2,339.68,Private,0,1
PCL-LG-MZ-0738-03,LG-MZ-0738,SY-181/3,339.68,Private,1,1
PCL-LG-MZ-0738-04,LG-MZ-0738,SY-137/4,339.68,Private,1,0
PCL-LG-NL-0739-01,LG-NL-0739,SY-636/1,33.82,Private,1,0
PCL-LG-NL-0739-02,LG-NL-0739,SY-720/2,33.82,Forest,1,0
PCL-LG-NL-0739-03,LG-NL-0739,SY-215/3,33.82,Community,1,1
PCL-LG-NL-0739-04,LG-NL-0739,SY-700/4,33.82,Private,1,0
PCL-LG-NL-0739-05,LG-NL-0739,SY-362/5,33.82,Private,1,1
PCL-LG-OD-0740-01,LG-OD-0740,SY-163/1,289.54,Community,1,1
PCL-LG-OD-0740-02,LG-OD-0740,SY-296/2,289.54,Private,1,1
PCL-LG-OD-0740-03,LG-OD-0740,SY-277/3,289.54,Private,1,1
PCL-LG-OD-0740-04,LG-OD-0740,SY-715/4,289.54,Government,1,1
PCL-LG-OD-0740-05,LG-OD-0740,SY-524/5,289.54,Forest,1,0
PCL-LG-OD-0740-06,LG-OD-0740,SY-187/6,289.54,Government,1,0
PCL-LG-OD-0740-07,LG-OD-0740,SY-569/7,289.54,Private,1,1
PCL-LG-OD-0740-08,LG-OD-0740,SY-311/8,289.54,Private,1,0
PCL-LG-PB-0741-01,LG-PB-0741,SY-904/1,218.46,Private,1,0
PCL-LG-PB-0741-02,LG-PB-0741,SY-473/2,218.46,Community,1,0
PCL-LG-PB-0741-03,LG-PB-0741,SY-496/3,218.46,Community,1,0
PCL-LG-PB-0741-04,LG-PB-0741,SY-555/4,218.46,Forest,1,0
PCL-LG-PB-0741-05,LG-PB-0741,SY-218/5,218.46,Forest,1,0
PCL-LG-RJ-0742-01,LG-RJ-0742,SY-440/1,657.0,Community,1,1
PCL-LG-RJ-0742-02,LG-RJ-0742,SY-459/2,657.0,Private,1,1
PCL-LG-RJ-0742-03,LG-RJ-0742,SY-234/3,657.0,Community,0,0
PCL-LG-SK-0743-01,LG-SK-0743,SY-259/1,75.31,Private,1,0
PCL-LG-SK-0743-02,LG-SK-0743,SY-652/2,75.31,Community,1,0
PCL-LG-SK-0743-03,LG-SK-0743,SY-442/3,75.31,Private,1,0
PCL-LG-SK-0743-04,LG-SK-0743,SY-826/4,75.31,Community,1,1
PCL-LG-SK-0743-05,LG-SK-0743,SY-582/5,75.31,Private,1,0
PCL-LG-SK-0743-06,LG-SK-0743,SY-869/6,75.31,Forest,1,0
PCL-LG-SK-0743-07,LG-SK-0743,SY-214/7,75.31,Private,0,0
PCL-LG-SK-0743-08,LG-SK-0743,SY-762/8,75.31,Community,1,0
PCL-LG-TN-0744-01,LG-TN-0744,SY-360/1,279.71,Community,1,0
PCL-LG-TN-0744-02,LG-TN-0744,SY-456/2,279.71,Government,1,1
PCL-LG-TN-0744-03,LG-TN-0744,SY-136/3,279.71,Community,1,0
PCL-LG-TN-0744-04,LG-TN-0744,SY-176/4,279.71,Government,1,0
PCL-LG-TN-0744-05,LG-TN-0744,SY-549/5,279.71,Government,1,1
PCL-LG-TN-0744-06,LG-TN-0744,SY-132/6,279.71,Forest,1,1
PCL-LG-TN-0744-07,LG-TN-0744,SY-865/7,279.71,Government,1,0
PCL-LG-TN-0744-08,LG-TN-0744,SY-661/8,279.71,Community,1,1
PCL-LG-TS-0745-01,LG-TS-0745,SY-538/1,229.3,Government,1,0
PCL-LG-TS-0745-02,LG-TS-0745,SY-932/2,229.3,Government,0,0
PCL-LG-TS-0745-03,LG-TS-0745,SY-201/3,229.3,Private,1,0
PCL-LG-TS-0745-04,LG-TS-0745,SY-953/4,229.3,Private,1,0
PCL-LG-TS-0745-05,LG-TS-0745,SY-126/5,229.3,Private,1,1
PCL-LG-TS-0745-06,LG-TS-0745,SY-982/6,229.3,Community,1,1
PCL-LG-TS-0745-07,LG-TS-0745,SY-238/7,229.3,Government,0,0
PCL-LG-TR-0746-01,LG-TR-0746,SY-178/1,80.44,Forest,1,1
PCL-LG-TR-0746-02,LG-TR-0746,SY-253/2,80.44,Forest,1,1
PCL-LG-TR-0746-03,LG-TR-0746,SY-296/3,80.44,Forest,1,0
PCL-LG-TR-0746-04,LG-TR-0746,SY-252/4,80.44,Community,0,0
PCL-LG-TR-0746-05,LG-TR-0746,SY-760/5,80.44,Government,0,0
PCL-LG-TR-0746-06,LG-TR-0746,SY-645/6,80.44,Community,0,0
PCL-LG-TR-0746-07,LG-TR-0746,SY-385/7,80.44,Private,1,0
PCL-LG-TR-0746-08,LG-TR-0746,SY-442/8,80.44,Private,1,1
PCL-LG-UP-0747-01,LG-UP-0747,SY-847/1,243.53,Government,0,0
PCL-LG-UP-0747-02,LG-UP-0747,SY-938/2,243.53,Forest,1,0
PCL-LG-UP-0747-03,LG-UP-0747,SY-853/3,243.53,Community,0,0
PCL-LG-UP-0747-04,LG-UP-0747,SY-609/4,243.53,Government,0,0
PCL-LG-UP-0747-05,LG-UP-0747,SY-569/5,243.53,Private,1,0
PCL-LG-UP-0747-06,LG-UP-0747,SY-103/6,243.53,Government,1,0
PCL-LG-UP-0747-07,LG-UP-0747,SY-615/7,243.53,Government,1,0
PCL-LG-UP-0747-08,LG-UP-0747,SY-833/8,243.53,Government,1,1
PCL-LG-UK-0748-01,LG-UK-0748,SY-463/1,75.5,Community,1,0
PCL-LG-UK-0748-02,LG-UK-0748,SY-675/2,75.5,Government,1,0
PCL-LG-UK-0748-03,LG-UK-0748,SY-494/3,75.5,Private,0,1
PCL-LG-WB-0749-01,LG-WB-0749,SY-116/1,610.55,Private,0,0
PCL-LG-WB-0749-02,LG-WB-0749,SY-703/2,610.55,Forest,1,1
PCL-LG-WB-0749-03,LG-WB-0749,SY-243/3,610.55,Community,0,0
PCL-LG-WB-0749-04,LG-WB-0749,SY-798/4,610.55,Community,0,0
PCL-LG-AN-0750-01,LG-AN-0750,SY-971/1,77.27,Private,1,0
PCL-LG-AN-0750-02,LG-AN-0750,SY-789/2,77.27,Government,1,1
PCL-LG-AN-0750-03,LG-AN-0750,SY-681/3,77.27,Government,0,0
PCL-LG-CH-0751-01,LG-CH-0751,SY-321/1,55.42,Community,1,1
PCL-LG-CH-0751-02,LG-CH-0751,SY-527/2,55.42,Government,1,0
PCL-LG-CH-0751-03,LG-CH-0751,SY-935/3,55.42,Forest,1,0
PCL-LG-CH-0751-04,LG-CH-0751,SY-500/4,55.42,Community,0,0
PCL-LG-CH-0751-05,LG-CH-0751,SY-108/5,55.42,Forest,1,0
PCL-LG-CH-0751-06,LG-CH-0751,SY-638/6,55.42,Private,1,0
PCL-LG-DH-0752-01,LG-DH-0752,SY-795/1,408.6,Private,1,0
PCL-LG-DH-0752-02,LG-DH-0752,SY-526/2,408.6,Government,1,0
PCL-LG-DH-0752-03,LG-DH-0752,SY-808/3,408.6,Private,1,0
PCL-LG-DL-0753-01,LG-DL-0753,SY-402/1,108.07,Forest,1,1
PCL-LG-DL-0753-02,LG-DL-0753,SY-687/2,108.07,Forest,1,0
PCL-LG-DL-0753-03,LG-DL-0753,SY-367/3,108.07,Government,0,0
PCL-LG-DL-0753-04,LG-DL-0753,SY-501/4,108.07,Private,1,0
PCL-LG-DL-0753-05,LG-DL-0753,SY-815/5,108.07,Government,1,0
PCL-LG-DL-0753-06,LG-DL-0753,SY-508/6,108.07,Private,1,1
PCL-LG-JK-0754-01,LG-JK-0754,SY-212/1,135.94,Forest,1,0
PCL-LG-JK-0754-02,LG-JK-0754,SY-605/2,135.94,Forest,1,0
PCL-LG-JK-0754-03,LG-JK-0754,SY-237/3,135.94,Private,0,0
PCL-LG-JK-0754-04,LG-JK-0754,SY-385/4,135.94,Private,1,0
PCL-LG-JK-0754-05,LG-JK-0754,SY-545/5,135.94,Community,1,0
PCL-LG-JK-0754-06,LG-JK-0754,SY-123/6,135.94,Private,1,0
PCL-LG-JK-0754-07,LG-JK-0754,SY-945/7,135.94,Community,1,1
PCL-LG-LA-0755-01,LG-LA-0755,SY-855/1,200.78,Private,1,0
PCL-LG-LA-0755-02,LG-LA-0755,SY-462/2,200.78,Government,1,1
PCL-LG-LA-0755-03,LG-LA-0755,SY-429/3,200.78,Private,1,1
PCL-LG-LA-0755-04,LG-LA-0755,SY-503/4,200.78,Private,1,1
PCL-LG-LD-0756-01,LG-LD-0756,SY-318/1,200.03,Community,0,0
PCL-LG-LD-0756-02,LG-LD-0756,SY-668/2,200.03,Community,0,0
PCL-LG-LD-0756-03,LG-LD-0756,SY-505/3,200.03,Community,1,0
PCL-LG-PY-0757-01,LG-PY-0757,SY-176/1,170.14,Forest,1,0
PCL-LG-PY-0757-02,LG-PY-0757,SY-777/2,170.14,Community,1,0
PCL-LG-PY-0757-03,LG-PY-0757,SY-712/3,170.14,Government,0,0
PCL-LG-PY-0757-04,LG-PY-0757,SY-630/4,170.14,Private,1,0
PCL-LG-PY-0757-05,LG-PY-0757,SY-569/5,170.14,Private,1,0
PCL-LG-AP-0758-01,LG-AP-0758,SY-652/1,374.7,Private,1,0
PCL-LG-AP-0758-02,LG-AP-0758,SY-103/2,374.7,Government,1,0
PCL-LG-AP-0758-03,LG-AP-0758,SY-614/3,374.7,Government,1,0
PCL-LG-AP-0758-04,LG-AP-0758,SY-199/4,374.7,Community,1,1
PCL-LG-AP-0758-05,LG-AP-0758,SY-801/5,374.7,Private,0,0
PCL-LG-AP-0758-06,LG-AP-0758,SY-600/6,374.7,Forest,1,0
PCL-LG-AR-0759-01,LG-AR-0759,SY-186/1,170.25,Private,0,0
PCL-LG-AR-0759-02,LG-AR-0759,SY-366/2,170.25,Forest,1,1
PCL-LG-AR-0759-03,LG-AR-0759,SY-149/3,170.25,Forest,1,1
PCL-LG-AR-0759-04,LG-AR-0759,SY-395/4,170.25,Community,1,0
PCL-LG-AR-0759-05,LG-AR-0759,SY-762/5,170.25,Government,1,1
PCL-LG-AR-0759-06,LG-AR-0759,SY-272/6,170.25,Community,0,0
PCL-LG-AS-0760-01,LG-AS-0760,SY-207/1,131.35,Private,1,0
PCL-LG-AS-0760-02,LG-AS-0760,SY-899/2,131.35,Private,1,1
PCL-LG-AS-0760-03,LG-AS-0760,SY-490/3,131.35,Private,1,1
PCL-LG-AS-0760-04,LG-AS-0760,SY-765/4,131.35,Forest,0,0
PCL-LG-AS-0760-05,LG-AS-0760,SY-838/5,131.35,Forest,1,0
PCL-LG-AS-0760-06,LG-AS-0760,SY-824/6,131.35,Forest,0,1
PCL-LG-BR-0761-01,LG-BR-0761,SY-927/1,29.69,Community,1,1
PCL-LG-BR-0761-02,LG-BR-0761,SY-689/2,29.69,Government,1,1
PCL-LG-BR-0761-03,LG-BR-0761,SY-699/3,29.69,Community,1,0
PCL-LG-BR-0761-04,LG-BR-0761,SY-294/4,29.69,Private,1,0
PCL-LG-BR-0761-05,LG-BR-0761,SY-338/5,29.69,Forest,0,0
PCL-LG-BR-0761-06,LG-BR-0761,SY-186/6,29.69,Forest,1,0
PCL-LG-BR-0761-07,LG-BR-0761,SY-329/7,29.69,Government,0,0
PCL-LG-CG-0762-01,LG-CG-0762,SY-889/1,90.43,Private,1,1
PCL-LG-CG-0762-02,LG-CG-0762,SY-437/2,90.43,Community,1,0
PCL-LG-CG-0762-03,LG-CG-0762,SY-896/3,90.43,Community,1,0
PCL-LG-CG-0762-04,LG-CG-0762,SY-501/4,90.43,Government,1,1
PCL-LG-CG-0762-05,LG-CG-0762,SY-832/5,90.43,Government,1,0
PCL-LG-CG-0762-06,LG-CG-0762,SY-827/6,90.43,Private,1,0
PCL-LG-GA-0763-01,LG-GA-0763,SY-707/1,467.08,Government,0,1
PCL-LG-GA-0763-02,LG-GA-0763,SY-915/2,467.08,Forest,1,0
PCL-LG-GA-0763-03,LG-GA-0763,SY-402/3,467.08,Community,1,0
PCL-LG-GA-0763-04,LG-GA-0763,SY-171/4,467.08,Government,1,0
PCL-LG-GA-0763-05,LG-GA-0763,SY-603/5,467.08,Community,1,1
PCL-LG-GJ-0764-01,LG-GJ-0764,SY-518/1,51.61,Private,1,0
PCL-LG-GJ-0764-02,LG-GJ-0764,SY-487/2,51.61,Community,1,1
PCL-LG-GJ-0764-03,LG-GJ-0764,SY-736/3,51.61,Community,1,1
PCL-LG-GJ-0764-04,LG-GJ-0764,SY-417/4,51.61,Government,1,0
PCL-LG-GJ-0764-05,LG-GJ-0764,SY-469/5,51.61,Government,1,1
PCL-LG-GJ-0764-06,LG-GJ-0764,SY-937/6,51.61,Forest,1,1
PCL-LG-GJ-0764-07,LG-GJ-0764,SY-753/7,51.61,Private,1,1
PCL-LG-HR-0765-01,LG-HR-0765,SY-741/1,414.18,Forest,1,1
PCL-LG-HR-0765-02,LG-HR-0765,SY-338/2,414.18,Community,1,1
PCL-LG-HR-0765-03,LG-HR-0765,SY-303/3,414.18,Forest,0,0
PCL-LG-HR-0765-04,LG-HR-0765,SY-717/4,414.18,Private,1,0
PCL-LG-HR-0765-05,LG-HR-0765,SY-401/5,414.18,Community,1,0
PCL-LG-HP-0766-01,LG-HP-0766,SY-828/1,141.99,Community,1,0
PCL-LG-HP-0766-02,LG-HP-0766,SY-287/2,141.99,Government,1,0
PCL-LG-HP-0766-03,LG-HP-0766,SY-778/3,141.99,Government,1,0
PCL-LG-HP-0766-04,LG-HP-0766,SY-117/4,141.99,Community,1,1
PCL-LG-HP-0766-05,LG-HP-0766,SY-143/5,141.99,Forest,0,1
PCL-LG-HP-0766-06,LG-HP-0766,SY-535/6,141.99,Private,1,0
PCL-LG-HP-0766-07,LG-HP-0766,SY-163/7,141.99,Government,1,0
PCL-LG-JH-0767-01,LG-JH-0767,SY-172/1,338.1,Government,1,1
PCL-LG-JH-0767-02,LG-JH-0767,SY-761/2,338.1,Forest,1,0
PCL-LG-JH-0767-03,LG-JH-0767,SY-871/3,338.1,Private,1,0
PCL-LG-JH-0767-04,LG-JH-0767,SY-897/4,338.1,Community,1,0
PCL-LG-JH-0767-05,LG-JH-0767,SY-766/5,338.1,Community,1,0
PCL-LG-KA-0768-01,LG-KA-0768,SY-124/1,132.38,Community,1,0
PCL-LG-KA-0768-02,LG-KA-0768,SY-638/2,132.38,Government,1,0
PCL-LG-KA-0768-03,LG-KA-0768,SY-709/3,132.38,Forest,1,1
PCL-LG-KA-0768-04,LG-KA-0768,SY-828/4,132.38,Private,0,1
PCL-LG-KA-0768-05,LG-KA-0768,SY-538/5,132.38,Community,0,0
PCL-LG-KL-0769-01,LG-KL-0769,SY-100/1,226.98,Private,1,0
PCL-LG-KL-0769-02,LG-KL-0769,SY-867/2,226.98,Forest,0,1
PCL-LG-KL-0769-03,LG-KL-0769,SY-747/3,226.98,Community,1,1
PCL-LG-KL-0769-04,LG-KL-0769,SY-325/4,226.98,Community,0,0
PCL-LG-KL-0769-05,LG-KL-0769,SY-322/5,226.98,Community,1,0
PCL-LG-MP-0770-01,LG-MP-0770,SY-359/1,274.12,Community,1,0
PCL-LG-MP-0770-02,LG-MP-0770,SY-464/2,274.12,Private,0,1
PCL-LG-MP-0770-03,LG-MP-0770,SY-329/3,274.12,Government,1,0
PCL-LG-MP-0770-04,LG-MP-0770,SY-525/4,274.12,Private,1,1
PCL-LG-MH-0771-01,LG-MH-0771,SY-260/1,52.46,Forest,1,0
PCL-LG-MH-0771-02,LG-MH-0771,SY-408/2,52.46,Forest,1,0
PCL-LG-MH-0771-03,LG-MH-0771,SY-640/3,52.46,Government,0,1
PCL-LG-MH-0771-04,LG-MH-0771,SY-470/4,52.46,Community,0,0
PCL-LG-MH-0771-05,LG-MH-0771,SY-161/5,52.46,Community,1,0
PCL-LG-MH-0771-06,LG-MH-0771,SY-991/6,52.46,Community,1,0
PCL-LG-MH-0771-07,LG-MH-0771,SY-604/7,52.46,Forest,1,1
PCL-LG-MH-0771-08,LG-MH-0771,SY-486/8,52.46,Forest,1,1
PCL-LG-MN-0772-01,LG-MN-0772,SY-162/1,369.03,Government,1,0
PCL-LG-MN-0772-02,LG-MN-0772,SY-792/2,369.03,Government,1,1
PCL-LG-MN-0772-03,LG-MN-0772,SY-770/3,369.03,Community,1,0
PCL-LG-ML-0773-01,LG-ML-0773,SY-355/1,137.39,Community,0,0
PCL-LG-ML-0773-02,LG-ML-0773,SY-491/2,137.39,Forest,1,0
PCL-LG-ML-0773-03,LG-ML-0773,SY-237/3,137.39,Government,1,0
PCL-LG-ML-0773-04,LG-ML-0773,SY-880/4,137.39,Private,1,0
PCL-LG-ML-0773-05,LG-ML-0773,SY-217/5,137.39,Government,0,0
PCL-LG-ML-0773-06,LG-ML-0773,SY-774/6,137.39,Private,1,1
PCL-LG-ML-0773-07,LG-ML-0773,SY-763/7,137.39,Government,0,0
PCL-LG-MZ-0774-01,LG-MZ-0774,SY-890/1,249.6,Community,1,0
PCL-LG-MZ-0774-02,LG-MZ-0774,SY-683/2,249.6,Government,0,0
PCL-LG-MZ-0774-03,LG-MZ-0774,SY-470/3,249.6,Community,1,0
PCL-LG-MZ-0774-04,LG-MZ-0774,SY-478/4,249.6,Forest,1,1
PCL-LG-MZ-0774-05,LG-MZ-0774,SY-944/5,249.6,Forest,1,0
PCL-LG-MZ-0774-06,LG-MZ-0774,SY-897/6,249.6,Forest,1,1
PCL-LG-MZ-0774-07,LG-MZ-0774,SY-559/7,249.6,Forest,1,0
PCL-LG-MZ-0774-08,LG-MZ-0774,SY-342/8,249.6,Community,1,1
PCL-LG-NL-0775-01,LG-NL-0775,SY-285/1,507.8,Private,1,0
PCL-LG-NL-0775-02,LG-NL-0775,SY-134/2,507.8,Forest,1,0
PCL-LG-NL-0775-03,LG-NL-0775,SY-606/3,507.8,Community,1,1
PCL-LG-NL-0775-04,LG-NL-0775,SY-997/4,507.8,Government,1,0
PCL-LG-OD-0776-01,LG-OD-0776,SY-846/1,235.23,Community,0,1
PCL-LG-OD-0776-02,LG-OD-0776,SY-994/2,235.23,Government,0,0
PCL-LG-OD-0776-03,LG-OD-0776,SY-379/3,235.23,Government,1,1
PCL-LG-OD-0776-04,LG-OD-0776,SY-250/4,235.23,Community,1,0
PCL-LG-OD-0776-05,LG-OD-0776,SY-887/5,235.23,Government,1,1
PCL-LG-OD-0776-06,LG-OD-0776,SY-764/6,235.23,Forest,1,0
PCL-LG-OD-0776-07,LG-OD-0776,SY-234/7,235.23,Community,1,1
PCL-LG-PB-0777-01,LG-PB-0777,SY-418/1,170.06,Forest,1,0
PCL-LG-PB-0777-02,LG-PB-0777,SY-162/2,170.06,Government,1,1
PCL-LG-PB-0777-03,LG-PB-0777,SY-883/3,170.06,Private,1,1
PCL-LG-PB-0777-04,LG-PB-0777,SY-534/4,170.06,Community,1,1
PCL-LG-PB-0777-05,LG-PB-0777,SY-829/5,170.06,Community,0,0
PCL-LG-RJ-0778-01,LG-RJ-0778,SY-772/1,423.48,Government,0,0
PCL-LG-RJ-0778-02,LG-RJ-0778,SY-414/2,423.48,Community,0,0
PCL-LG-RJ-0778-03,LG-RJ-0778,SY-214/3,423.48,Forest,0,1
PCL-LG-RJ-0778-04,LG-RJ-0778,SY-567/4,423.48,Government,0,1
PCL-LG-RJ-0778-05,LG-RJ-0778,SY-187/5,423.48,Forest,0,0
PCL-LG-SK-0779-01,LG-SK-0779,SY-260/1,405.7,Private,0,0
PCL-LG-SK-0779-02,LG-SK-0779,SY-487/2,405.7,Community,1,0
PCL-LG-SK-0779-03,LG-SK-0779,SY-859/3,405.7,Community,1,0
PCL-LG-SK-0779-04,LG-SK-0779,SY-398/4,405.7,Private,1,0
PCL-LG-SK-0779-05,LG-SK-0779,SY-682/5,405.7,Private,0,0
PCL-LG-SK-0779-06,LG-SK-0779,SY-525/6,405.7,Private,0,0
PCL-LG-TN-0780-01,LG-TN-0780,SY-864/1,13.08,Community,0,0
PCL-LG-TN-0780-02,LG-TN-0780,SY-502/2,13.08,Government,1,1
PCL-LG-TN-0780-03,LG-TN-0780,SY-241/3,13.08,Government,1,0
PCL-LG-TN-0780-04,LG-TN-0780,SY-683/4,13.08,Government,1,0
PCL-LG-TN-0780-05,LG-TN-0780,SY-605/5,13.08,Community,0,0
PCL-LG-TS-0781-01,LG-TS-0781,SY-803/1,589.57,Community,1,0
PCL-LG-TS-0781-02,LG-TS-0781,SY-962/2,589.57,Community,1,1
PCL-LG-TS-0781-03,LG-TS-0781,SY-374/3,589.57,Forest,0,1
PCL-LG-TR-0782-01,LG-TR-0782,SY-441/1,367.35,Community,1,1
PCL-LG-TR-0782-02,LG-TR-0782,SY-276/2,367.35,Government,1,0
PCL-LG-TR-0782-03,LG-TR-0782,SY-711/3,367.35,Private,1,1
PCL-LG-TR-0782-04,LG-TR-0782,SY-293/4,367.35,Forest,1,0
PCL-LG-UP-0783-01,LG-UP-0783,SY-344/1,336.12,Forest,1,0
PCL-LG-UP-0783-02,LG-UP-0783,SY-231/2,336.12,Forest,0,0
PCL-LG-UP-0783-03,LG-UP-0783,SY-167/3,336.12,Forest,1,1
PCL-LG-UP-0783-04,LG-UP-0783,SY-290/4,336.12,Government,1,1
PCL-LG-UP-0783-05,LG-UP-0783,SY-215/5,336.12,Forest,1,0
PCL-LG-UP-0783-06,LG-UP-0783,SY-194/6,336.12,Private,0,0
PCL-LG-UK-0784-01,LG-UK-0784,SY-567/1,365.97,Community,0,1
PCL-LG-UK-0784-02,LG-UK-0784,SY-720/2,365.97,Government,1,0
PCL-LG-UK-0784-03,LG-UK-0784,SY-199/3,365.97,Community,1,0
PCL-LG-UK-0784-04,LG-UK-0784,SY-349/4,365.97,Government,1,0
PCL-LG-UK-0784-05,LG-UK-0784,SY-403/5,365.97,Government,1,0
PCL-LG-UK-0784-06,LG-UK-0784,SY-108/6,365.97,Government,1,0
PCL-LG-WB-0785-01,LG-WB-0785,SY-811/1,308.0,Government,1,0
PCL-LG-WB-0785-02,LG-WB-0785,SY-202/2,308.0,Government,1,0
PCL-LG-WB-0785-03,LG-WB-0785,SY-814/3,308.0,Community,0,0
PCL-LG-WB-0785-04,LG-WB-0785,SY-887/4,308.0,Private,1,1
PCL-LG-AN-0786-01,LG-AN-0786,SY-784/1,42.79,Forest,0,0
PCL-LG-AN-0786-02,LG-AN-0786,SY-143/2,42.79,Government,1,1
PCL-LG-AN-0786-03,LG-AN-0786,SY-924/3,42.79,Community,1,0
PCL-LG-AN-0786-04,LG-AN-0786,SY-538/4,42.79,Government,1,1
PCL-LG-AN-0786-05,LG-AN-0786,SY-300/5,42.79,Government,1,0
PCL-LG-AN-0786-06,LG-AN-0786,SY-372/6,42.79,Government,1,0
PCL-LG-AN-0786-07,LG-AN-0786,SY-479/7,42.79,Community,1,0
PCL-LG-CH-0787-01,LG-CH-0787,SY-730/1,54.47,Government,0,1
PCL-LG-CH-0787-02,LG-CH-0787,SY-543/2,54.47,Government,0,1
PCL-LG-CH-0787-03,LG-CH-0787,SY-972/3,54.47,Forest,1,1
PCL-LG-CH-0787-04,LG-CH-0787,SY-416/4,54.47,Private,1,1
PCL-LG-CH-0787-05,LG-CH-0787,SY-513/5,54.47,Government,1,0
PCL-LG-CH-0787-06,LG-CH-0787,SY-980/6,54.47,Community,1,1
PCL-LG-DH-0788-01,LG-DH-0788,SY-748/1,494.77,Private,0,1
PCL-LG-DH-0788-02,LG-DH-0788,SY-903/2,494.77,Private,1,0
PCL-LG-DH-0788-03,LG-DH-0788,SY-988/3,494.77,Forest,1,1
PCL-LG-DH-0788-04,LG-DH-0788,SY-724/4,494.77,Government,1,0
PCL-LG-DL-0789-01,LG-DL-0789,SY-949/1,246.8,Government,1,0
PCL-LG-DL-0789-02,LG-DL-0789,SY-368/2,246.8,Government,1,0
PCL-LG-DL-0789-03,LG-DL-0789,SY-541/3,246.8,Community,1,0
PCL-LG-DL-0789-04,LG-DL-0789,SY-689/4,246.8,Government,0,0
PCL-LG-DL-0789-05,LG-DL-0789,SY-995/5,246.8,Private,1,0
PCL-LG-DL-0789-06,LG-DL-0789,SY-118/6,246.8,Government,1,1
PCL-LG-DL-0789-07,LG-DL-0789,SY-706/7,246.8,Government,1,0
PCL-LG-JK-0790-01,LG-JK-0790,SY-102/1,203.24,Forest,1,0
PCL-LG-JK-0790-02,LG-JK-0790,SY-601/2,203.24,Community,1,0
PCL-LG-JK-0790-03,LG-JK-0790,SY-672/3,203.24,Private,0,1
PCL-LG-JK-0790-04,LG-JK-0790,SY-135/4,203.24,Government,1,0
PCL-LG-JK-0790-05,LG-JK-0790,SY-844/5,203.24,Private,1,0
PCL-LG-LA-0791-01,LG-LA-0791,SY-813/1,49.11,Forest,0,1
PCL-LG-LA-0791-02,LG-LA-0791,SY-117/2,49.11,Private,1,0
PCL-LG-LA-0791-03,LG-LA-0791,SY-939/3,49.11,Forest,1,0
PCL-LG-LA-0791-04,LG-LA-0791,SY-526/4,49.11,Private,1,0
PCL-LG-LA-0791-05,LG-LA-0791,SY-368/5,49.11,Government,1,0
PCL-LG-LA-0791-06,LG-LA-0791,SY-853/6,49.11,Private,1,0
PCL-LG-LA-0791-07,LG-LA-0791,SY-372/7,49.11,Forest,1,1
PCL-LG-LA-0791-08,LG-LA-0791,SY-183/8,49.11,Community,1,1
PCL-LG-LD-0792-01,LG-LD-0792,SY-962/1,129.83,Private,1,0
PCL-LG-LD-0792-02,LG-LD-0792,SY-488/2,129.83,Forest,1,0
PCL-LG-LD-0792-03,LG-LD-0792,SY-758/3,129.83,Community,1,1
PCL-LG-LD-0792-04,LG-LD-0792,SY-682/4,129.83,Government,1,0
PCL-LG-LD-0792-05,LG-LD-0792,SY-687/5,129.83,Forest,1,0
PCL-LG-LD-0792-06,LG-LD-0792,SY-125/6,129.83,Private,1,0
PCL-LG-PY-0793-01,LG-PY-0793,SY-113/1,192.59,Private,1,0
PCL-LG-PY-0793-02,LG-PY-0793,SY-943/2,192.59,Government,0,0
PCL-LG-PY-0793-03,LG-PY-0793,SY-739/3,192.59,Community,1,0
PCL-LG-PY-0793-04,LG-PY-0793,SY-723/4,192.59,Forest,1,1
PCL-LG-PY-0793-05,LG-PY-0793,SY-964/5,192.59,Government,1,1
PCL-LG-PY-0793-06,LG-PY-0793,SY-604/6,192.59,Government,1,0
PCL-LG-PY-0793-07,LG-PY-0793,SY-103/7,192.59,Community,1,0
PCL-LG-AP-0794-01,LG-AP-0794,SY-301/1,345.3,Forest,1,1
PCL-LG-AP-0794-02,LG-AP-0794,SY-910/2,345.3,Private,1,0
PCL-LG-AP-0794-03,LG-AP-0794,SY-283/3,345.3,Forest,0,1
PCL-LG-AP-0794-04,LG-AP-0794,SY-276/4,345.3,Forest,1,0
PCL-LG-AP-0794-05,LG-AP-0794,SY-710/5,345.3,Community,1,0
PCL-LG-AR-0795-01,LG-AR-0795,SY-382/1,389.52,Forest,1,0
PCL-LG-AR-0795-02,LG-AR-0795,SY-199/2,389.52,Community,1,0
PCL-LG-AR-0795-03,LG-AR-0795,SY-834/3,389.52,Forest,1,0
PCL-LG-AR-0795-04,LG-AR-0795,SY-883/4,389.52,Community,1,0
PCL-LG-AR-0795-05,LG-AR-0795,SY-182/5,389.52,Government,1,0
PCL-LG-AR-0795-06,LG-AR-0795,SY-680/6,389.52,Private,1,0
PCL-LG-AS-0796-01,LG-AS-0796,SY-759/1,86.9,Private,0,0
PCL-LG-AS-0796-02,LG-AS-0796,SY-609/2,86.9,Community,1,1
PCL-LG-AS-0796-03,LG-AS-0796,SY-988/3,86.9,Forest,1,0
PCL-LG-AS-0796-04,LG-AS-0796,SY-619/4,86.9,Forest,0,1
PCL-LG-AS-0796-05,LG-AS-0796,SY-996/5,86.9,Private,1,1
PCL-LG-AS-0796-06,LG-AS-0796,SY-293/6,86.9,Forest,1,1
PCL-LG-AS-0796-07,LG-AS-0796,SY-114/7,86.9,Private,1,0
PCL-LG-BR-0797-01,LG-BR-0797,SY-948/1,160.46,Forest,0,1
PCL-LG-BR-0797-02,LG-BR-0797,SY-909/2,160.46,Government,1,0
PCL-LG-BR-0797-03,LG-BR-0797,SY-589/3,160.46,Private,1,0
PCL-LG-BR-0797-04,LG-BR-0797,SY-582/4,160.46,Government,1,0
PCL-LG-BR-0797-05,LG-BR-0797,SY-152/5,160.46,Forest,0,1
PCL-LG-BR-0797-06,LG-BR-0797,SY-757/6,160.46,Forest,1,0
PCL-LG-BR-0797-07,LG-BR-0797,SY-808/7,160.46,Private,0,0
PCL-LG-CG-0798-01,LG-CG-0798,SY-569/1,168.89,Private,1,0
PCL-LG-CG-0798-02,LG-CG-0798,SY-122/2,168.89,Forest,1,0
PCL-LG-CG-0798-03,LG-CG-0798,SY-114/3,168.89,Forest,1,1
PCL-LG-CG-0798-04,LG-CG-0798,SY-173/4,168.89,Private,1,1
PCL-LG-CG-0798-05,LG-CG-0798,SY-964/5,168.89,Community,1,0
PCL-LG-CG-0798-06,LG-CG-0798,SY-999/6,168.89,Private,1,0
PCL-LG-CG-0798-07,LG-CG-0798,SY-382/7,168.89,Forest,1,1
PCL-LG-GA-0799-01,LG-GA-0799,SY-211/1,183.3,Government,1,1
PCL-LG-GA-0799-02,LG-GA-0799,SY-356/2,183.3,Private,1,1
PCL-LG-GA-0799-03,LG-GA-0799,SY-696/3,183.3,Forest,1,0
PCL-LG-GA-0799-04,LG-GA-0799,SY-425/4,183.3,Forest,1,1
PCL-LG-GA-0799-05,LG-GA-0799,SY-685/5,183.3,Community,1,0
PCL-LG-GA-0799-06,LG-GA-0799,SY-962/6,183.3,Forest,0,0
PCL-LG-GA-0799-07,LG-GA-0799,SY-378/7,183.3,Forest,1,0
PCL-LG-GA-0799-08,LG-GA-0799,SY-779/8,183.3,Community,1,0
PCL-LG-GJ-0800-01,LG-GJ-0800,SY-726/1,688.87,Government,1,0
PCL-LG-GJ-0800-02,LG-GJ-0800,SY-441/2,688.87,Government,1,0
PCL-LG-GJ-0800-03,LG-GJ-0800,SY-608/3,688.87,Community,1,0
PCL-LG-HR-0801-01,LG-HR-0801,SY-971/1,126.43,Forest,1,0
PCL-LG-HR-0801-02,LG-HR-0801,SY-356/2,126.43,Private,0,1
PCL-LG-HR-0801-03,LG-HR-0801,SY-451/3,126.43,Government,0,0
PCL-LG-HP-0802-01,LG-HP-0802,SY-226/1,138.45,Community,0,1
PCL-LG-HP-0802-02,LG-HP-0802,SY-677/2,138.45,Forest,1,1
PCL-LG-HP-0802-03,LG-HP-0802,SY-965/3,138.45,Private,1,0
PCL-LG-HP-0802-04,LG-HP-0802,SY-165/4,138.45,Government,1,0
PCL-LG-JH-0803-01,LG-JH-0803,SY-123/1,257.5,Private,0,0
PCL-LG-JH-0803-02,LG-JH-0803,SY-693/2,257.5,Community,1,0
PCL-LG-JH-0803-03,LG-JH-0803,SY-740/3,257.5,Community,0,0
PCL-LG-JH-0803-04,LG-JH-0803,SY-291/4,257.5,Government,1,0
PCL-LG-JH-0803-05,LG-JH-0803,SY-617/5,257.5,Forest,1,0
PCL-LG-JH-0803-06,LG-JH-0803,SY-346/6,257.5,Forest,1,0
PCL-LG-JH-0803-07,LG-JH-0803,SY-273/7,257.5,Government,1,1
PCL-LG-JH-0803-08,LG-JH-0803,SY-598/8,257.5,Forest,1,0
PCL-LG-KA-0804-01,LG-KA-0804,SY-624/1,15.38,Private,1,1
PCL-LG-KA-0804-02,LG-KA-0804,SY-728/2,15.38,Forest,1,1
PCL-LG-KA-0804-03,LG-KA-0804,SY-881/3,15.38,Forest,1,1
PCL-LG-KA-0804-04,LG-KA-0804,SY-756/4,15.38,Private,0,1
PCL-LG-KL-0805-01,LG-KL-0805,SY-506/1,609.88,Government,1,0
PCL-LG-KL-0805-02,LG-KL-0805,SY-603/2,609.88,Government,1,0
PCL-LG-KL-0805-03,LG-KL-0805,SY-816/3,609.88,Community,1,0
PCL-LG-KL-0805-04,LG-KL-0805,SY-393/4,609.88,Private,1,0
PCL-LG-MP-0806-01,LG-MP-0806,SY-181/1,208.51,Forest,0,1
PCL-LG-MP-0806-02,LG-MP-0806,SY-621/2,208.51,Private,1,0
PCL-LG-MP-0806-03,LG-MP-0806,SY-444/3,208.51,Private,1,1
PCL-LG-MP-0806-04,LG-MP-0806,SY-465/4,208.51,Forest,1,1
PCL-LG-MP-0806-05,LG-MP-0806,SY-534/5,208.51,Forest,1,1
PCL-LG-MP-0806-06,LG-MP-0806,SY-425/6,208.51,Government,1,0
PCL-LG-MP-0806-07,LG-MP-0806,SY-595/7,208.51,Government,1,1
PCL-LG-MH-0807-01,LG-MH-0807,SY-244/1,76.54,Forest,0,1
PCL-LG-MH-0807-02,LG-MH-0807,SY-786/2,76.54,Government,1,1
PCL-LG-MH-0807-03,LG-MH-0807,SY-265/3,76.54,Private,1,1
PCL-LG-MH-0807-04,LG-MH-0807,SY-177/4,76.54,Community,1,0
PCL-LG-MH-0807-05,LG-MH-0807,SY-421/5,76.54,Private,1,1
PCL-LG-MN-0808-01,LG-MN-0808,SY-249/1,115.08,Private,1,1
PCL-LG-MN-0808-02,LG-MN-0808,SY-443/2,115.08,Community,1,0
PCL-LG-MN-0808-03,LG-MN-0808,SY-209/3,115.08,Forest,1,0
PCL-LG-MN-0808-04,LG-MN-0808,SY-240/4,115.08,Forest,1,0
PCL-LG-MN-0808-05,LG-MN-0808,SY-323/5,115.08,Private,1,0
PCL-LG-ML-0809-01,LG-ML-0809,SY-324/1,551.77,Private,1,0
PCL-LG-ML-0809-02,LG-ML-0809,SY-215/2,551.77,Government,1,0
PCL-LG-ML-0809-03,LG-ML-0809,SY-534/3,551.77,Forest,1,0
PCL-LG-MZ-0810-01,LG-MZ-0810,SY-388/1,524.13,Government,0,1
PCL-LG-MZ-0810-02,LG-MZ-0810,SY-589/2,524.13,Private,1,0
PCL-LG-MZ-0810-03,LG-MZ-0810,SY-779/3,524.13,Government,1,0
PCL-LG-NL-0811-01,LG-NL-0811,SY-124/1,348.22,Government,0,0
PCL-LG-NL-0811-02,LG-NL-0811,SY-858/2,348.22,Forest,0,0
PCL-LG-NL-0811-03,LG-NL-0811,SY-737/3,348.22,Community,0,1
PCL-LG-NL-0811-04,LG-NL-0811,SY-288/4,348.22,Forest,0,1
PCL-LG-NL-0811-05,LG-NL-0811,SY-705/5,348.22,Community,1,0
PCL-LG-NL-0811-06,LG-NL-0811,SY-165/6,348.22,Government,1,0
PCL-LG-OD-0812-01,LG-OD-0812,SY-807/1,167.97,Community,1,1
PCL-LG-OD-0812-02,LG-OD-0812,SY-737/2,167.97,Community,0,0
PCL-LG-OD-0812-03,LG-OD-0812,SY-817/3,167.97,Community,0,0
PCL-LG-OD-0812-04,LG-OD-0812,SY-322/4,167.97,Community,1,0
PCL-LG-OD-0812-05,LG-OD-0812,SY-553/5,167.97,Private,1,1
PCL-LG-OD-0812-06,LG-OD-0812,SY-984/6,167.97,Forest,0,0
PCL-LG-PB-0813-01,LG-PB-0813,SY-773/1,156.87,Forest,1,0
PCL-LG-PB-0813-02,LG-PB-0813,SY-146/2,156.87,Private,1,0
PCL-LG-PB-0813-03,LG-PB-0813,SY-963/3,156.87,Community,1,1
PCL-LG-RJ-0814-01,LG-RJ-0814,SY-245/1,418.78,Government,1,1
PCL-LG-RJ-0814-02,LG-RJ-0814,SY-842/2,418.78,Government,1,1
PCL-LG-RJ-0814-03,LG-RJ-0814,SY-834/3,418.78,Government,1,1
PCL-LG-RJ-0814-04,LG-RJ-0814,SY-187/4,418.78,Forest,1,0
PCL-LG-RJ-0814-05,LG-RJ-0814,SY-214/5,418.78,Community,1,0
PCL-LG-SK-0815-01,LG-SK-0815,SY-856/1,132.92,Community,1,1
PCL-LG-SK-0815-02,LG-SK-0815,SY-414/2,132.92,Community,0,0
PCL-LG-SK-0815-03,LG-SK-0815,SY-599/3,132.92,Private,1,1
PCL-LG-SK-0815-04,LG-SK-0815,SY-639/4,132.92,Forest,1,0
PCL-LG-SK-0815-05,LG-SK-0815,SY-220/5,132.92,Forest,0,1
PCL-LG-SK-0815-06,LG-SK-0815,SY-564/6,132.92,Government,1,1
PCL-LG-TN-0816-01,LG-TN-0816,SY-301/1,108.1,Community,1,0
PCL-LG-TN-0816-02,LG-TN-0816,SY-762/2,108.1,Forest,0,0
PCL-LG-TN-0816-03,LG-TN-0816,SY-286/3,108.1,Community,1,0
PCL-LG-TS-0817-01,LG-TS-0817,SY-512/1,143.5,Government,1,0
PCL-LG-TS-0817-02,LG-TS-0817,SY-916/2,143.5,Forest,0,1
PCL-LG-TS-0817-03,LG-TS-0817,SY-694/3,143.5,Government,0,0
PCL-LG-TS-0817-04,LG-TS-0817,SY-931/4,143.5,Forest,0,1
PCL-LG-TR-0818-01,LG-TR-0818,SY-608/1,219.91,Forest,1,1
PCL-LG-TR-0818-02,LG-TR-0818,SY-786/2,219.91,Private,1,1
PCL-LG-TR-0818-03,LG-TR-0818,SY-810/3,219.91,Community,1,0
PCL-LG-TR-0818-04,LG-TR-0818,SY-938/4,219.91,Community,1,1
PCL-LG-TR-0818-05,LG-TR-0818,SY-414/5,219.91,Forest,1,0
PCL-LG-TR-0818-06,LG-TR-0818,SY-259/6,219.91,Community,1,1
PCL-LG-TR-0818-07,LG-TR-0818,SY-716/7,219.91,Forest,1,0
PCL-LG-UP-0819-01,LG-UP-0819,SY-336/1,498.96,Community,1,0
PCL-LG-UP-0819-02,LG-UP-0819,SY-499/2,498.96,Community,1,0
PCL-LG-UP-0819-03,LG-UP-0819,SY-416/3,498.96,Community,0,0
PCL-LG-UP-0819-04,LG-UP-0819,SY-222/4,498.96,Private,0,0
PCL-LG-UP-0819-05,LG-UP-0819,SY-638/5,498.96,Government,0,1
PCL-LG-UK-0820-01,LG-UK-0820,SY-760/1,57.87,Government,1,0
PCL-LG-UK-0820-02,LG-UK-0820,SY-574/2,57.87,Forest,0,0
PCL-LG-UK-0820-03,LG-UK-0820,SY-630/3,57.87,Forest,1,1
PCL-LG-UK-0820-04,LG-UK-0820,SY-228/4,57.87,Community,1,1
PCL-LG-UK-0820-05,LG-UK-0820,SY-348/5,57.87,Private,1,0
PCL-LG-UK-0820-06,LG-UK-0820,SY-525/6,57.87,Community,1,0
PCL-LG-WB-0821-01,LG-WB-0821,SY-939/1,833.3,Government,1,0
PCL-LG-WB-0821-02,LG-WB-0821,SY-742/2,833.3,Forest,1,1
PCL-LG-WB-0821-03,LG-WB-0821,SY-548/3,833.3,Community,1,1
PCL-LG-AN-0822-01,LG-AN-0822,SY-715/1,405.55,Private,0,0
PCL-LG-AN-0822-02,LG-AN-0822,SY-757/2,405.55,Private,1,1
PCL-LG-AN-0822-03,LG-AN-0822,SY-755/3,405.55,Forest,1,0
PCL-LG-AN-0822-04,LG-AN-0822,SY-127/4,405.55,Private,1,0
PCL-LG-AN-0822-05,LG-AN-0822,SY-300/5,405.55,Private,1,0
PCL-LG-AN-0822-06,LG-AN-0822,SY-254/6,405.55,Community,1,0
PCL-LG-CH-0823-01,LG-CH-0823,SY-279/1,315.57,Private,1,1
PCL-LG-CH-0823-02,LG-CH-0823,SY-741/2,315.57,Forest,0,0
PCL-LG-CH-0823-03,LG-CH-0823,SY-807/3,315.57,Government,1,0
PCL-LG-CH-0823-04,LG-CH-0823,SY-475/4,315.57,Forest,1,1
PCL-LG-CH-0823-05,LG-CH-0823,SY-741/5,315.57,Government,1,0
PCL-LG-CH-0823-06,LG-CH-0823,SY-610/6,315.57,Community,1,1
PCL-LG-CH-0823-07,LG-CH-0823,SY-644/7,315.57,Forest,0,0
PCL-LG-DH-0824-01,LG-DH-0824,SY-765/1,298.88,Community,1,0
PCL-LG-DH-0824-02,LG-DH-0824,SY-877/2,298.88,Forest,1,0
PCL-LG-DH-0824-03,LG-DH-0824,SY-415/3,298.88,Government,1,0
PCL-LG-DH-0824-04,LG-DH-0824,SY-124/4,298.88,Government,1,0
PCL-LG-DL-0825-01,LG-DL-0825,SY-174/1,395.28,Private,0,0
PCL-LG-DL-0825-02,LG-DL-0825,SY-684/2,395.28,Community,1,0
PCL-LG-DL-0825-03,LG-DL-0825,SY-265/3,395.28,Community,1,0
PCL-LG-DL-0825-04,LG-DL-0825,SY-831/4,395.28,Private,1,1
PCL-LG-DL-0825-05,LG-DL-0825,SY-385/5,395.28,Community,0,0
PCL-LG-JK-0826-01,LG-JK-0826,SY-521/1,351.4,Community,1,0
PCL-LG-JK-0826-02,LG-JK-0826,SY-274/2,351.4,Forest,1,0
PCL-LG-JK-0826-03,LG-JK-0826,SY-687/3,351.4,Government,1,0
PCL-LG-JK-0826-04,LG-JK-0826,SY-852/4,351.4,Forest,0,1
PCL-LG-JK-0826-05,LG-JK-0826,SY-959/5,351.4,Government,1,0
PCL-LG-JK-0826-06,LG-JK-0826,SY-483/6,351.4,Private,0,1
PCL-LG-JK-0826-07,LG-JK-0826,SY-455/7,351.4,Private,0,1
PCL-LG-LA-0827-01,LG-LA-0827,SY-743/1,164.65,Private,1,1
PCL-LG-LA-0827-02,LG-LA-0827,SY-632/2,164.65,Forest,1,1
PCL-LG-LA-0827-03,LG-LA-0827,SY-459/3,164.65,Government,1,0
PCL-LG-LA-0827-04,LG-LA-0827,SY-356/4,164.65,Forest,1,0
PCL-LG-LA-0827-05,LG-LA-0827,SY-860/5,164.65,Private,1,1
PCL-LG-LA-0827-06,LG-LA-0827,SY-274/6,164.65,Private,0,0
PCL-LG-LD-0828-01,LG-LD-0828,SY-864/1,169.32,Private,1,0
PCL-LG-LD-0828-02,LG-LD-0828,SY-908/2,169.32,Community,1,0
PCL-LG-LD-0828-03,LG-LD-0828,SY-290/3,169.32,Private,1,0
PCL-LG-LD-0828-04,LG-LD-0828,SY-813/4,169.32,Community,1,0
PCL-LG-LD-0828-05,LG-LD-0828,SY-716/5,169.32,Community,0,1
PCL-LG-LD-0828-06,LG-LD-0828,SY-911/6,169.32,Government,0,0
PCL-LG-PY-0829-01,LG-PY-0829,SY-635/1,187.18,Community,1,0
PCL-LG-PY-0829-02,LG-PY-0829,SY-182/2,187.18,Forest,1,0
PCL-LG-PY-0829-03,LG-PY-0829,SY-282/3,187.18,Government,1,0
PCL-LG-PY-0829-04,LG-PY-0829,SY-946/4,187.18,Private,1,0
PCL-LG-PY-0829-05,LG-PY-0829,SY-180/5,187.18,Private,0,0
PCL-LG-AP-0830-01,LG-AP-0830,SY-269/1,112.72,Government,0,0
PCL-LG-AP-0830-02,LG-AP-0830,SY-732/2,112.72,Forest,1,1
PCL-LG-AP-0830-03,LG-AP-0830,SY-509/3,112.72,Community,1,0
PCL-LG-AP-0830-04,LG-AP-0830,SY-653/4,112.72,Community,1,0
PCL-LG-AR-0831-01,LG-AR-0831,SY-892/1,284.85,Community,0,1
PCL-LG-AR-0831-02,LG-AR-0831,SY-987/2,284.85,Community,1,1
PCL-LG-AR-0831-03,LG-AR-0831,SY-881/3,284.85,Private,1,0
PCL-LG-AR-0831-04,LG-AR-0831,SY-165/4,284.85,Government,1,1
PCL-LG-AR-0831-05,LG-AR-0831,SY-458/5,284.85,Government,1,0
PCL-LG-AR-0831-06,LG-AR-0831,SY-642/6,284.85,Government,1,0
PCL-LG-AS-0832-01,LG-AS-0832,SY-315/1,503.82,Community,0,0
PCL-LG-AS-0832-02,LG-AS-0832,SY-145/2,503.82,Forest,1,1
PCL-LG-AS-0832-03,LG-AS-0832,SY-921/3,503.82,Private,0,1
PCL-LG-AS-0832-04,LG-AS-0832,SY-347/4,503.82,Government,1,0
PCL-LG-BR-0833-01,LG-BR-0833,SY-797/1,38.46,Community,1,0
PCL-LG-BR-0833-02,LG-BR-0833,SY-135/2,38.46,Forest,1,1
PCL-LG-BR-0833-03,LG-BR-0833,SY-273/3,38.46,Community,1,0
PCL-LG-BR-0833-04,LG-BR-0833,SY-841/4,38.46,Forest,1,1
PCL-LG-BR-0833-05,LG-BR-0833,SY-418/5,38.46,Government,0,1
PCL-LG-BR-0833-06,LG-BR-0833,SY-353/6,38.46,Government,0,0
PCL-LG-BR-0833-07,LG-BR-0833,SY-235/7,38.46,Private,1,1
PCL-LG-CG-0834-01,LG-CG-0834,SY-179/1,48.57,Community,1,0
PCL-LG-CG-0834-02,LG-CG-0834,SY-584/2,48.57,Community,1,0
PCL-LG-CG-0834-03,LG-CG-0834,SY-252/3,48.57,Community,1,0
PCL-LG-CG-0834-04,LG-CG-0834,SY-400/4,48.57,Private,1,0
PCL-LG-CG-0834-05,LG-CG-0834,SY-303/5,48.57,Community,0,0
PCL-LG-CG-0834-06,LG-CG-0834,SY-270/6,48.57,Community,0,0
PCL-LG-GA-0835-01,LG-GA-0835,SY-110/1,239.3,Government,1,0
PCL-LG-GA-0835-02,LG-GA-0835,SY-897/2,239.3,Government,1,0
PCL-LG-GA-0835-03,LG-GA-0835,SY-937/3,239.3,Government,1,0
PCL-LG-GA-0835-04,LG-GA-0835,SY-783/4,239.3,Forest,1,0
PCL-LG-GA-0835-05,LG-GA-0835,SY-109/5,239.3,Forest,1,0
PCL-LG-GJ-0836-01,LG-GJ-0836,SY-699/1,165.33,Private,0,0
PCL-LG-GJ-0836-02,LG-GJ-0836,SY-870/2,165.33,Community,1,0
PCL-LG-GJ-0836-03,LG-GJ-0836,SY-982/3,165.33,Government,0,0
PCL-LG-HR-0837-01,LG-HR-0837,SY-172/1,200.16,Private,1,0
PCL-LG-HR-0837-02,LG-HR-0837,SY-620/2,200.16,Forest,1,0
PCL-LG-HR-0837-03,LG-HR-0837,SY-455/3,200.16,Government,0,0
PCL-LG-HR-0837-04,LG-HR-0837,SY-915/4,200.16,Private,0,1
PCL-LG-HR-0837-05,LG-HR-0837,SY-398/5,200.16,Government,1,0
PCL-LG-HR-0837-06,LG-HR-0837,SY-968/6,200.16,Government,1,0
PCL-LG-HR-0837-07,LG-HR-0837,SY-659/7,200.16,Forest,1,1
PCL-LG-HP-0838-01,LG-HP-0838,SY-438/1,97.18,Community,0,0
PCL-LG-HP-0838-02,LG-HP-0838,SY-601/2,97.18,Community,1,1
PCL-LG-HP-0838-03,LG-HP-0838,SY-596/3,97.18,Government,1,1
PCL-LG-HP-0838-04,LG-HP-0838,SY-364/4,97.18,Forest,1,0
PCL-LG-HP-0838-05,LG-HP-0838,SY-543/5,97.18,Private,0,1
PCL-LG-HP-0838-06,LG-HP-0838,SY-673/6,97.18,Government,1,1
PCL-LG-JH-0839-01,LG-JH-0839,SY-148/1,165.04,Government,1,0
PCL-LG-JH-0839-02,LG-JH-0839,SY-623/2,165.04,Government,0,1
PCL-LG-JH-0839-03,LG-JH-0839,SY-215/3,165.04,Forest,1,0
PCL-LG-JH-0839-04,LG-JH-0839,SY-524/4,165.04,Community,0,1
PCL-LG-JH-0839-05,LG-JH-0839,SY-630/5,165.04,Private,1,0
PCL-LG-KA-0840-01,LG-KA-0840,SY-478/1,98.0,Community,1,0
PCL-LG-KA-0840-02,LG-KA-0840,SY-152/2,98.0,Private,1,0
PCL-LG-KA-0840-03,LG-KA-0840,SY-931/3,98.0,Government,0,0
PCL-LG-KA-0840-04,LG-KA-0840,SY-113/4,98.0,Government,0,1
PCL-LG-KA-0840-05,LG-KA-0840,SY-933/5,98.0,Private,1,0
PCL-LG-KA-0840-06,LG-KA-0840,SY-994/6,98.0,Private,1,1
PCL-LG-KA-0840-07,LG-KA-0840,SY-136/7,98.0,Government,1,0
PCL-LG-KL-0841-01,LG-KL-0841,SY-371/1,295.43,Government,1,0
PCL-LG-KL-0841-02,LG-KL-0841,SY-923/2,295.43,Community,1,0
PCL-LG-KL-0841-03,LG-KL-0841,SY-943/3,295.43,Government,0,1
PCL-LG-MP-0842-01,LG-MP-0842,SY-692/1,518.98,Government,1,1
PCL-LG-MP-0842-02,LG-MP-0842,SY-517/2,518.98,Forest,1,0
PCL-LG-MP-0842-03,LG-MP-0842,SY-261/3,518.98,Community,0,1
PCL-LG-MP-0842-04,LG-MP-0842,SY-997/4,518.98,Government,1,1
PCL-LG-MH-0843-01,LG-MH-0843,SY-879/1,55.86,Government,0,1
PCL-LG-MH-0843-02,LG-MH-0843,SY-687/2,55.86,Government,1,0
PCL-LG-MH-0843-03,LG-MH-0843,SY-130/3,55.86,Community,1,1
PCL-LG-MH-0843-04,LG-MH-0843,SY-187/4,55.86,Forest,1,1
PCL-LG-MH-0843-05,LG-MH-0843,SY-783/5,55.86,Community,1,1
PCL-LG-MH-0843-06,LG-MH-0843,SY-613/6,55.86,Private,1,1
PCL-LG-MH-0843-07,LG-MH-0843,SY-647/7,55.86,Private,1,0
PCL-LG-MH-0843-08,LG-MH-0843,SY-739/8,55.86,Government,1,0
PCL-LG-MN-0844-01,LG-MN-0844,SY-281/1,228.78,Community,1,0
PCL-LG-MN-0844-02,LG-MN-0844,SY-896/2,228.78,Forest,1,0
PCL-LG-MN-0844-03,LG-MN-0844,SY-290/3,228.78,Community,1,1
PCL-LG-MN-0844-04,LG-MN-0844,SY-365/4,228.78,Government,0,0
PCL-LG-MN-0844-05,LG-MN-0844,SY-338/5,228.78,Government,0,0
PCL-LG-MN-0844-06,LG-MN-0844,SY-289/6,228.78,Government,1,0
PCL-LG-MN-0844-07,LG-MN-0844,SY-456/7,228.78,Government,1,0
PCL-LG-MN-0844-08,LG-MN-0844,SY-151/8,228.78,Private,0,1
PCL-LG-ML-0845-01,LG-ML-0845,SY-292/1,9.26,Government,0,0
PCL-LG-ML-0845-02,LG-ML-0845,SY-470/2,9.26,Private,1,1
PCL-LG-ML-0845-03,LG-ML-0845,SY-781/3,9.26,Community,1,1
PCL-LG-ML-0845-04,LG-ML-0845,SY-899/4,9.26,Private,0,0
PCL-LG-ML-0845-05,LG-ML-0845,SY-659/5,9.26,Community,1,0
PCL-LG-ML-0845-06,LG-ML-0845,SY-953/6,9.26,Forest,1,0
PCL-LG-ML-0845-07,LG-ML-0845,SY-304/7,9.26,Community,0,1
PCL-LG-MZ-0846-01,LG-MZ-0846,SY-853/1,213.67,Forest,0,0
PCL-LG-MZ-0846-02,LG-MZ-0846,SY-964/2,213.67,Government,0,0
PCL-LG-MZ-0846-03,LG-MZ-0846,SY-861/3,213.67,Forest,0,0
PCL-LG-NL-0847-01,LG-NL-0847,SY-195/1,135.78,Private,1,0
PCL-LG-NL-0847-02,LG-NL-0847,SY-774/2,135.78,Private,0,0
PCL-LG-NL-0847-03,LG-NL-0847,SY-297/3,135.78,Private,1,1
PCL-LG-NL-0847-04,LG-NL-0847,SY-369/4,135.78,Community,1,0
PCL-LG-NL-0847-05,LG-NL-0847,SY-981/5,135.78,Private,0,0
PCL-LG-NL-0847-06,LG-NL-0847,SY-543/6,135.78,Forest,1,0
PCL-LG-NL-0847-07,LG-NL-0847,SY-569/7,135.78,Community,1,0
PCL-LG-NL-0847-08,LG-NL-0847,SY-734/8,135.78,Private,0,0
PCL-LG-OD-0848-01,LG-OD-0848,SY-553/1,355.36,Community,1,1
PCL-LG-OD-0848-02,LG-OD-0848,SY-288/2,355.36,Government,1,0
PCL-LG-OD-0848-03,LG-OD-0848,SY-381/3,355.36,Forest,1,1
PCL-LG-OD-0848-04,LG-OD-0848,SY-206/4,355.36,Forest,1,0
PCL-LG-OD-0848-05,LG-OD-0848,SY-782/5,355.36,Private,1,0
PCL-LG-OD-0848-06,LG-OD-0848,SY-796/6,355.36,Forest,1,0
PCL-LG-OD-0848-07,LG-OD-0848,SY-721/7,355.36,Private,0,0
PCL-LG-PB-0849-01,LG-PB-0849,SY-302/1,127.25,Private,0,0
PCL-LG-PB-0849-02,LG-PB-0849,SY-580/2,127.25,Forest,1,0
PCL-LG-PB-0849-03,LG-PB-0849,SY-285/3,127.25,Government,1,0
PCL-LG-PB-0849-04,LG-PB-0849,SY-796/4,127.25,Forest,1,1
PCL-LG-PB-0849-05,LG-PB-0849,SY-210/5,127.25,Community,1,1
PCL-LG-PB-0849-06,LG-PB-0849,SY-194/6,127.25,Private,1,0
PCL-LG-RJ-0850-01,LG-RJ-0850,SY-308/1,72.15,Private,0,0
PCL-LG-RJ-0850-02,LG-RJ-0850,SY-203/2,72.15,Private,1,1
PCL-LG-RJ-0850-03,LG-RJ-0850,SY-474/3,72.15,Government,1,0
PCL-LG-RJ-0850-04,LG-RJ-0850,SY-618/4,72.15,Government,1,0
PCL-LG-RJ-0850-05,LG-RJ-0850,SY-585/5,72.15,Private,1,0
PCL-LG-RJ-0850-06,LG-RJ-0850,SY-421/6,72.15,Government,1,0
PCL-LG-SK-0851-01,LG-SK-0851,SY-425/1,89.33,Community,1,1
PCL-LG-SK-0851-02,LG-SK-0851,SY-825/2,89.33,Forest,1,0
PCL-LG-SK-0851-03,LG-SK-0851,SY-813/3,89.33,Community,1,1
PCL-LG-SK-0851-04,LG-SK-0851,SY-789/4,89.33,Private,0,0
PCL-LG-TN-0852-01,LG-TN-0852,SY-877/1,116.4,Forest,1,0
PCL-LG-TN-0852-02,LG-TN-0852,SY-743/2,116.4,Private,1,0
PCL-LG-TN-0852-03,LG-TN-0852,SY-986/3,116.4,Government,1,1
PCL-LG-TN-0852-04,LG-TN-0852,SY-748/4,116.4,Government,1,0
PCL-LG-TS-0853-01,LG-TS-0853,SY-596/1,49.93,Community,1,1
PCL-LG-TS-0853-02,LG-TS-0853,SY-790/2,49.93,Government,1,0
PCL-LG-TS-0853-03,LG-TS-0853,SY-652/3,49.93,Government,1,0
PCL-LG-TR-0854-01,LG-TR-0854,SY-804/1,304.57,Private,1,1
PCL-LG-TR-0854-02,LG-TR-0854,SY-410/2,304.57,Forest,0,0
PCL-LG-TR-0854-03,LG-TR-0854,SY-790/3,304.57,Community,1,1
PCL-LG-TR-0854-04,LG-TR-0854,SY-779/4,304.57,Private,0,1
PCL-LG-TR-0854-05,LG-TR-0854,SY-280/5,304.57,Forest,1,1
PCL-LG-TR-0854-06,LG-TR-0854,SY-719/6,304.57,Government,1,0
PCL-LG-TR-0854-07,LG-TR-0854,SY-429/7,304.57,Government,0,0
PCL-LG-UP-0855-01,LG-UP-0855,SY-305/1,793.63,Government,0,0
PCL-LG-UP-0855-02,LG-UP-0855,SY-905/2,793.63,Government,0,0
PCL-LG-UP-0855-03,LG-UP-0855,SY-808/3,793.63,Forest,0,0
PCL-LG-UK-0856-01,LG-UK-0856,SY-202/1,49.12,Community,1,0
PCL-LG-UK-0856-02,LG-UK-0856,SY-379/2,49.12,Government,1,0
PCL-LG-UK-0856-03,LG-UK-0856,SY-798/3,49.12,Private,0,1
PCL-LG-UK-0856-04,LG-UK-0856,SY-912/4,49.12,Government,0,0
PCL-LG-UK-0856-05,LG-UK-0856,SY-180/5,49.12,Government,0,1
PCL-LG-UK-0856-06,LG-UK-0856,SY-365/6,49.12,Community,1,0
PCL-LG-WB-0857-01,LG-WB-0857,SY-870/1,313.24,Forest,1,0
PCL-LG-WB-0857-02,LG-WB-0857,SY-278/2,313.24,Private,0,1
PCL-LG-WB-0857-03,LG-WB-0857,SY-934/3,313.24,Forest,1,1
PCL-LG-WB-0857-04,LG-WB-0857,SY-803/4,313.24,Community,0,0
PCL-LG-WB-0857-05,LG-WB-0857,SY-708/5,313.24,Community,0,0
PCL-LG-WB-0857-06,LG-WB-0857,SY-974/6,313.24,Private,1,0
PCL-LG-WB-0857-07,LG-WB-0857,SY-667/7,313.24,Community,1,1
PCL-LG-AN-0858-01,LG-AN-0858,SY-166/1,436.6,Private,0,0
PCL-LG-AN-0858-02,LG-AN-0858,SY-665/2,436.6,Community,1,1
PCL-LG-AN-0858-03,LG-AN-0858,SY-806/3,436.6,Community,1,0
PCL-LG-AN-0858-04,LG-AN-0858,SY-364/4,436.6,Private,1,1
PCL-LG-CH-0859-01,LG-CH-0859,SY-753/1,551.88,Forest,1,0
PCL-LG-CH-0859-02,LG-CH-0859,SY-998/2,551.88,Private,0,0
PCL-LG-CH-0859-03,LG-CH-0859,SY-434/3,551.88,Private,1,0
PCL-LG-CH-0859-04,LG-CH-0859,SY-958/4,551.88,Private,0,0
PCL-LG-DH-0860-01,LG-DH-0860,SY-822/1,352.74,Government,1,0
PCL-LG-DH-0860-02,LG-DH-0860,SY-332/2,352.74,Community,1,0
PCL-LG-DH-0860-03,LG-DH-0860,SY-588/3,352.74,Forest,1,0
PCL-LG-DH-0860-04,LG-DH-0860,SY-550/4,352.74,Community,1,1
PCL-LG-DH-0860-05,LG-DH-0860,SY-401/5,352.74,Private,1,0
PCL-LG-DL-0861-01,LG-DL-0861,SY-775/1,182.8,Private,1,0
PCL-LG-DL-0861-02,LG-DL-0861,SY-301/2,182.8,Community,1,0
PCL-LG-DL-0861-03,LG-DL-0861,SY-621/3,182.8,Forest,1,0
PCL-LG-DL-0861-04,LG-DL-0861,SY-619/4,182.8,Government,1,0
PCL-LG-DL-0861-05,LG-DL-0861,SY-315/5,182.8,Government,0,0
PCL-LG-JK-0862-01,LG-JK-0862,SY-321/1,145.19,Forest,1,0
PCL-LG-JK-0862-02,LG-JK-0862,SY-648/2,145.19,Forest,1,1
PCL-LG-JK-0862-03,LG-JK-0862,SY-574/3,145.19,Community,0,0
PCL-LG-JK-0862-04,LG-JK-0862,SY-624/4,145.19,Forest,0,1
PCL-LG-JK-0862-05,LG-JK-0862,SY-920/5,145.19,Government,1,0
PCL-LG-JK-0862-06,LG-JK-0862,SY-829/6,145.19,Forest,1,0
PCL-LG-JK-0862-07,LG-JK-0862,SY-808/7,145.19,Community,1,0
PCL-LG-LA-0863-01,LG-LA-0863,SY-280/1,108.62,Community,1,0
PCL-LG-LA-0863-02,LG-LA-0863,SY-572/2,108.62,Private,0,0
PCL-LG-LA-0863-03,LG-LA-0863,SY-981/3,108.62,Government,1,1
PCL-LG-LA-0863-04,LG-LA-0863,SY-875/4,108.62,Forest,1,0
PCL-LG-LA-0863-05,LG-LA-0863,SY-720/5,108.62,Forest,1,0
PCL-LG-LA-0863-06,LG-LA-0863,SY-535/6,108.62,Forest,1,1
PCL-LG-LD-0864-01,LG-LD-0864,SY-651/1,242.26,Community,1,0
PCL-LG-LD-0864-02,LG-LD-0864,SY-721/2,242.26,Community,1,1
PCL-LG-LD-0864-03,LG-LD-0864,SY-441/3,242.26,Forest,1,0
PCL-LG-LD-0864-04,LG-LD-0864,SY-557/4,242.26,Government,1,0
PCL-LG-LD-0864-05,LG-LD-0864,SY-187/5,242.26,Forest,1,0
PCL-LG-PY-0865-01,LG-PY-0865,SY-172/1,448.95,Forest,1,0
PCL-LG-PY-0865-02,LG-PY-0865,SY-839/2,448.95,Private,0,0
PCL-LG-PY-0865-03,LG-PY-0865,SY-962/3,448.95,Community,1,0
PCL-LG-PY-0865-04,LG-PY-0865,SY-246/4,448.95,Forest,0,0
PCL-LG-AP-0866-01,LG-AP-0866,SY-416/1,685.33,Private,1,0
PCL-LG-AP-0866-02,LG-AP-0866,SY-862/2,685.33,Community,0,0
PCL-LG-AP-0866-03,LG-AP-0866,SY-305/3,685.33,Forest,1,0
PCL-LG-AR-0867-01,LG-AR-0867,SY-489/1,333.42,Government,1,0
PCL-LG-AR-0867-02,LG-AR-0867,SY-908/2,333.42,Community,0,0
PCL-LG-AR-0867-03,LG-AR-0867,SY-178/3,333.42,Private,1,0
PCL-LG-AR-0867-04,LG-AR-0867,SY-820/4,333.42,Forest,1,1
PCL-LG-AR-0867-05,LG-AR-0867,SY-971/5,333.42,Forest,1,0
PCL-LG-AR-0867-06,LG-AR-0867,SY-273/6,333.42,Government,1,0
PCL-LG-AS-0868-01,LG-AS-0868,SY-471/1,816.4,Private,1,0
PCL-LG-AS-0868-02,LG-AS-0868,SY-829/2,816.4,Private,0,0
PCL-LG-AS-0868-03,LG-AS-0868,SY-625/3,816.4,Government,1,0
PCL-LG-BR-0869-01,LG-BR-0869,SY-701/1,256.43,Government,1,0
PCL-LG-BR-0869-02,LG-BR-0869,SY-875/2,256.43,Government,1,0
PCL-LG-BR-0869-03,LG-BR-0869,SY-283/3,256.43,Forest,1,0
PCL-LG-CG-0870-01,LG-CG-0870,SY-195/1,208.1,Forest,0,0
PCL-LG-CG-0870-02,LG-CG-0870,SY-790/2,208.1,Community,1,1
PCL-LG-CG-0870-03,LG-CG-0870,SY-685/3,208.1,Private,1,0
PCL-LG-CG-0870-04,LG-CG-0870,SY-429/4,208.1,Government,1,0
PCL-LG-CG-0870-05,LG-CG-0870,SY-616/5,208.1,Government,1,0
PCL-LG-CG-0870-06,LG-CG-0870,SY-727/6,208.1,Community,1,0
PCL-LG-CG-0870-07,LG-CG-0870,SY-819/7,208.1,Forest,1,0
PCL-LG-CG-0870-08,LG-CG-0870,SY-657/8,208.1,Forest,1,0
PCL-LG-GA-0871-01,LG-GA-0871,SY-337/1,146.13,Government,1,0
PCL-LG-GA-0871-02,LG-GA-0871,SY-895/2,146.13,Forest,0,0
PCL-LG-GA-0871-03,LG-GA-0871,SY-167/3,146.13,Private,1,1
PCL-LG-GA-0871-04,LG-GA-0871,SY-397/4,146.13,Government,1,1
PCL-LG-GA-0871-05,LG-GA-0871,SY-241/5,146.13,Forest,1,0
PCL-LG-GA-0871-06,LG-GA-0871,SY-142/6,146.13,Private,0,0
PCL-LG-GJ-0872-01,LG-GJ-0872,SY-777/1,142.72,Forest,1,1
PCL-LG-GJ-0872-02,LG-GJ-0872,SY-142/2,142.72,Government,1,1
PCL-LG-GJ-0872-03,LG-GJ-0872,SY-862/3,142.72,Government,1,0
PCL-LG-GJ-0872-04,LG-GJ-0872,SY-596/4,142.72,Community,1,0
PCL-LG-GJ-0872-05,LG-GJ-0872,SY-391/5,142.72,Government,1,1
PCL-LG-GJ-0872-06,LG-GJ-0872,SY-954/6,142.72,Community,1,1
PCL-LG-HR-0873-01,LG-HR-0873,SY-937/1,218.93,Government,1,1
PCL-LG-HR-0873-02,LG-HR-0873,SY-971/2,218.93,Government,1,0
PCL-LG-HR-0873-03,LG-HR-0873,SY-786/3,218.93,Private,0,1
PCL-LG-HR-0873-04,LG-HR-0873,SY-292/4,218.93,Government,1,0
PCL-LG-HR-0873-05,LG-HR-0873,SY-640/5,218.93,Community,0,1
PCL-LG-HR-0873-06,LG-HR-0873,SY-781/6,218.93,Private,1,1
PCL-LG-HR-0873-07,LG-HR-0873,SY-924/7,218.93,Private,1,0
PCL-LG-HR-0873-08,LG-HR-0873,SY-990/8,218.93,Government,1,0
PCL-LG-HP-0874-01,LG-HP-0874,SY-796/1,242.66,Community,1,1
PCL-LG-HP-0874-02,LG-HP-0874,SY-243/2,242.66,Forest,0,1
PCL-LG-HP-0874-03,LG-HP-0874,SY-424/3,242.66,Government,1,0
PCL-LG-HP-0874-04,LG-HP-0874,SY-417/4,242.66,Forest,1,0
PCL-LG-HP-0874-05,LG-HP-0874,SY-720/5,242.66,Government,1,0
PCL-LG-HP-0874-06,LG-HP-0874,SY-899/6,242.66,Community,1,1
PCL-LG-HP-0874-07,LG-HP-0874,SY-500/7,242.66,Government,0,0
PCL-LG-JH-0875-01,LG-JH-0875,SY-926/1,340.54,Private,1,0
PCL-LG-JH-0875-02,LG-JH-0875,SY-614/2,340.54,Forest,1,0
PCL-LG-JH-0875-03,LG-JH-0875,SY-330/3,340.54,Private,0,1
PCL-LG-JH-0875-04,LG-JH-0875,SY-453/4,340.54,Private,1,0
PCL-LG-JH-0875-05,LG-JH-0875,SY-110/5,340.54,Private,1,1
PCL-LG-KA-0876-01,LG-KA-0876,SY-737/1,356.38,Forest,0,0
PCL-LG-KA-0876-02,LG-KA-0876,SY-633/2,356.38,Community,1,1
PCL-LG-KA-0876-03,LG-KA-0876,SY-448/3,356.38,Government,1,0
PCL-LG-KA-0876-04,LG-KA-0876,SY-492/4,356.38,Community,1,0
PCL-LG-KL-0877-01,LG-KL-0877,SY-632/1,245.03,Government,0,0
PCL-LG-KL-0877-02,LG-KL-0877,SY-427/2,245.03,Government,1,1
PCL-LG-KL-0877-03,LG-KL-0877,SY-785/3,245.03,Private,1,1
PCL-LG-KL-0877-04,LG-KL-0877,SY-407/4,245.03,Community,0,1
PCL-LG-MP-0878-01,LG-MP-0878,SY-688/1,166.13,Government,1,1
PCL-LG-MP-0878-02,LG-MP-0878,SY-470/2,166.13,Forest,1,1
PCL-LG-MP-0878-03,LG-MP-0878,SY-286/3,166.13,Private,1,0
PCL-LG-MP-0878-04,LG-MP-0878,SY-796/4,166.13,Private,1,1
PCL-LG-MP-0878-05,LG-MP-0878,SY-417/5,166.13,Forest,1,1
PCL-LG-MP-0878-06,LG-MP-0878,SY-969/6,166.13,Forest,0,1
PCL-LG-MP-0878-07,LG-MP-0878,SY-244/7,166.13,Private,0,0
PCL-LG-MH-0879-01,LG-MH-0879,SY-475/1,362.1,Private,0,0
PCL-LG-MH-0879-02,LG-MH-0879,SY-293/2,362.1,Government,1,0
PCL-LG-MH-0879-03,LG-MH-0879,SY-839/3,362.1,Community,0,0
PCL-LG-MN-0880-01,LG-MN-0880,SY-726/1,121.27,Private,1,0
PCL-LG-MN-0880-02,LG-MN-0880,SY-896/2,121.27,Forest,1,1
PCL-LG-MN-0880-03,LG-MN-0880,SY-176/3,121.27,Private,1,0
PCL-LG-MN-0880-04,LG-MN-0880,SY-106/4,121.27,Forest,1,1
PCL-LG-MN-0880-05,LG-MN-0880,SY-153/5,121.27,Government,0,0
PCL-LG-MN-0880-06,LG-MN-0880,SY-620/6,121.27,Private,1,0
PCL-LG-MN-0880-07,LG-MN-0880,SY-870/7,121.27,Community,1,1
PCL-LG-ML-0881-01,LG-ML-0881,SY-937/1,188.48,Community,1,0
PCL-LG-ML-0881-02,LG-ML-0881,SY-217/2,188.48,Government,0,0
PCL-LG-ML-0881-03,LG-ML-0881,SY-574/3,188.48,Private,1,0
PCL-LG-ML-0881-04,LG-ML-0881,SY-880/4,188.48,Community,1,0
PCL-LG-ML-0881-05,LG-ML-0881,SY-818/5,188.48,Private,1,0
PCL-LG-MZ-0882-01,LG-MZ-0882,SY-205/1,396.98,Community,0,0
PCL-LG-MZ-0882-02,LG-MZ-0882,SY-547/2,396.98,Government,1,0
PCL-LG-MZ-0882-03,LG-MZ-0882,SY-600/3,396.98,Forest,0,0
PCL-LG-MZ-0882-04,LG-MZ-0882,SY-201/4,396.98,Government,1,0
PCL-LG-MZ-0882-05,LG-MZ-0882,SY-473/5,396.98,Forest,1,1
PCL-LG-NL-0883-01,LG-NL-0883,SY-476/1,140.54,Community,1,0
PCL-LG-NL-0883-02,LG-NL-0883,SY-263/2,140.54,Private,1,1
PCL-LG-NL-0883-03,LG-NL-0883,SY-842/3,140.54,Forest,1,1
PCL-LG-NL-0883-04,LG-NL-0883,SY-851/4,140.54,Forest,1,0
PCL-LG-NL-0883-05,LG-NL-0883,SY-868/5,140.54,Forest,0,0
PCL-LG-NL-0883-06,LG-NL-0883,SY-313/6,140.54,Community,0,0
PCL-LG-NL-0883-07,LG-NL-0883,SY-873/7,140.54,Community,1,0
PCL-LG-OD-0884-01,LG-OD-0884,SY-399/1,165.07,Forest,0,0
PCL-LG-OD-0884-02,LG-OD-0884,SY-609/2,165.07,Community,0,1
PCL-LG-OD-0884-03,LG-OD-0884,SY-466/3,165.07,Forest,0,0
PCL-LG-OD-0884-04,LG-OD-0884,SY-840/4,165.07,Private,1,0
PCL-LG-OD-0884-05,LG-OD-0884,SY-674/5,165.07,Community,1,0
PCL-LG-OD-0884-06,LG-OD-0884,SY-505/6,165.07,Community,0,0
PCL-LG-PB-0885-01,LG-PB-0885,SY-168/1,157.54,Private,1,1
PCL-LG-PB-0885-02,LG-PB-0885,SY-756/2,157.54,Private,1,1
PCL-LG-PB-0885-03,LG-PB-0885,SY-240/3,157.54,Forest,0,1
PCL-LG-PB-0885-04,LG-PB-0885,SY-567/4,157.54,Private,1,0
PCL-LG-PB-0885-05,LG-PB-0885,SY-534/5,157.54,Forest,0,1
PCL-LG-RJ-0886-01,LG-RJ-0886,SY-732/1,351.37,Forest,1,1
PCL-LG-RJ-0886-02,LG-RJ-0886,SY-658/2,351.37,Private,1,1
PCL-LG-RJ-0886-03,LG-RJ-0886,SY-506/3,351.37,Community,1,1
PCL-LG-RJ-0886-04,LG-RJ-0886,SY-743/4,351.37,Community,1,1
PCL-LG-RJ-0886-05,LG-RJ-0886,SY-821/5,351.37,Government,1,0
PCL-LG-RJ-0886-06,LG-RJ-0886,SY-833/6,351.37,Forest,1,0
PCL-LG-SK-0887-01,LG-SK-0887,SY-881/1,110.35,Community,1,0
PCL-LG-SK-0887-02,LG-SK-0887,SY-979/2,110.35,Government,1,1
PCL-LG-SK-0887-03,LG-SK-0887,SY-729/3,110.35,Government,1,0
PCL-LG-SK-0887-04,LG-SK-0887,SY-278/4,110.35,Private,1,0
PCL-LG-TN-0888-01,LG-TN-0888,SY-112/1,234.3,Government,1,0
PCL-LG-TN-0888-02,LG-TN-0888,SY-816/2,234.3,Community,1,0
PCL-LG-TN-0888-03,LG-TN-0888,SY-487/3,234.3,Government,1,1
PCL-LG-TN-0888-04,LG-TN-0888,SY-198/4,234.3,Forest,0,0
PCL-LG-TN-0888-05,LG-TN-0888,SY-704/5,234.3,Community,1,0
PCL-LG-TN-0888-06,LG-TN-0888,SY-786/6,234.3,Private,1,1
PCL-LG-TN-0888-07,LG-TN-0888,SY-711/7,234.3,Forest,1,0
PCL-LG-TS-0889-01,LG-TS-0889,SY-712/1,86.09,Government,1,0
PCL-LG-TS-0889-02,LG-TS-0889,SY-747/2,86.09,Government,1,1
PCL-LG-TS-0889-03,LG-TS-0889,SY-984/3,86.09,Forest,1,0
PCL-LG-TS-0889-04,LG-TS-0889,SY-704/4,86.09,Forest,1,0
PCL-LG-TS-0889-05,LG-TS-0889,SY-880/5,86.09,Forest,1,0
PCL-LG-TS-0889-06,LG-TS-0889,SY-663/6,86.09,Community,1,0
PCL-LG-TS-0889-07,LG-TS-0889,SY-232/7,86.09,Private,1,0
PCL-LG-TR-0890-01,LG-TR-0890,SY-191/1,187.61,Community,1,1
PCL-LG-TR-0890-02,LG-TR-0890,SY-568/2,187.61,Government,1,0
PCL-LG-TR-0890-03,LG-TR-0890,SY-181/3,187.61,Forest,0,0
PCL-LG-TR-0890-04,LG-TR-0890,SY-314/4,187.61,Community,1,1
PCL-LG-TR-0890-05,LG-TR-0890,SY-655/5,187.61,Private,1,0
PCL-LG-TR-0890-06,LG-TR-0890,SY-785/6,187.61,Private,1,1
PCL-LG-TR-0890-07,LG-TR-0890,SY-869/7,187.61,Forest,0,1
PCL-LG-UP-0891-01,LG-UP-0891,SY-733/1,354.4,Community,1,0
PCL-LG-UP-0891-02,LG-UP-0891,SY-128/2,354.4,Forest,0,0
PCL-LG-UP-0891-03,LG-UP-0891,SY-895/3,354.4,Government,1,1
PCL-LG-UK-0892-01,LG-UK-0892,SY-466/1,283.58,Forest,1,0
PCL-LG-UK-0892-02,LG-UK-0892,SY-116/2,283.58,Forest,1,0
PCL-LG-UK-0892-03,LG-UK-0892,SY-792/3,283.58,Forest,1,1
PCL-LG-UK-0892-04,LG-UK-0892,SY-291/4,283.58,Community,1,0
PCL-LG-UK-0892-05,LG-UK-0892,SY-683/5,283.58,Private,0,1
PCL-LG-WB-0893-01,LG-WB-0893,SY-278/1,138.57,Forest,1,0
PCL-LG-WB-0893-02,LG-WB-0893,SY-823/2,138.57,Forest,1,0
PCL-LG-WB-0893-03,LG-WB-0893,SY-442/3,138.57,Private,1,1
PCL-LG-WB-0893-04,LG-WB-0893,SY-309/4,138.57,Community,1,0
PCL-LG-WB-0893-05,LG-WB-0893,SY-877/5,138.57,Community,1,0
PCL-LG-WB-0893-06,LG-WB-0893,SY-948/6,138.57,Community,1,1
PCL-LG-AN-0894-01,LG-AN-0894,SY-194/1,226.45,Community,1,0
PCL-LG-AN-0894-02,LG-AN-0894,SY-316/2,226.45,Forest,1,0
PCL-LG-AN-0894-03,LG-AN-0894,SY-936/3,226.45,Forest,1,0
PCL-LG-AN-0894-04,LG-AN-0894,SY-968/4,226.45,Forest,1,1
PCL-LG-AN-0894-05,LG-AN-0894,SY-949/5,226.45,Forest,1,0
PCL-LG-AN-0894-06,LG-AN-0894,SY-574/6,226.45,Private,0,1
PCL-LG-CH-0895-01,LG-CH-0895,SY-966/1,177.73,Government,1,0
PCL-LG-CH-0895-02,LG-CH-0895,SY-713/2,177.73,Private,1,0
PCL-LG-CH-0895-03,LG-CH-0895,SY-676/3,177.73,Forest,1,0
PCL-LG-CH-0895-04,LG-CH-0895,SY-121/4,177.73,Government,0,0
PCL-LG-CH-0895-05,LG-CH-0895,SY-227/5,177.73,Private,1,0
PCL-LG-CH-0895-06,LG-CH-0895,SY-828/6,177.73,Government,1,0
PCL-LG-CH-0895-07,LG-CH-0895,SY-773/7,177.73,Government,1,1
PCL-LG-DH-0896-01,LG-DH-0896,SY-474/1,174.3,Community,1,0
PCL-LG-DH-0896-02,LG-DH-0896,SY-899/2,174.3,Community,1,1
PCL-LG-DH-0896-03,LG-DH-0896,SY-367/3,174.3,Forest,1,1
PCL-LG-DH-0896-04,LG-DH-0896,SY-454/4,174.3,Community,1,0
PCL-LG-DH-0896-05,LG-DH-0896,SY-588/5,174.3,Forest,1,1
PCL-LG-DL-0897-01,LG-DL-0897,SY-187/1,96.99,Government,0,1
PCL-LG-DL-0897-02,LG-DL-0897,SY-641/2,96.99,Community,1,0
PCL-LG-DL-0897-03,LG-DL-0897,SY-674/3,96.99,Private,1,0
PCL-LG-DL-0897-04,LG-DL-0897,SY-838/4,96.99,Government,1,0
PCL-LG-DL-0897-05,LG-DL-0897,SY-724/5,96.99,Forest,1,0
PCL-LG-DL-0897-06,LG-DL-0897,SY-306/6,96.99,Private,1,0
PCL-LG-DL-0897-07,LG-DL-0897,SY-270/7,96.99,Forest,1,1
PCL-LG-DL-0897-08,LG-DL-0897,SY-552/8,96.99,Private,0,0
PCL-LG-JK-0898-01,LG-JK-0898,SY-601/1,122.62,Community,0,0
PCL-LG-JK-0898-02,LG-JK-0898,SY-351/2,122.62,Community,1,1
PCL-LG-JK-0898-03,LG-JK-0898,SY-842/3,122.62,Private,1,1
PCL-LG-JK-0898-04,LG-JK-0898,SY-276/4,122.62,Government,1,1
PCL-LG-LA-0899-01,LG-LA-0899,SY-285/1,157.35,Private,1,0
PCL-LG-LA-0899-02,LG-LA-0899,SY-631/2,157.35,Forest,1,0
PCL-LG-LA-0899-03,LG-LA-0899,SY-214/3,157.35,Community,1,0
PCL-LG-LA-0899-04,LG-LA-0899,SY-361/4,157.35,Forest,0,0
PCL-LG-LD-0900-01,LG-LD-0900,SY-920/1,127.13,Forest,1,1
PCL-LG-LD-0900-02,LG-LD-0900,SY-991/2,127.13,Forest,1,0
PCL-LG-LD-0900-03,LG-LD-0900,SY-820/3,127.13,Government,1,0
PCL-LG-PY-0901-01,LG-PY-0901,SY-381/1,613.65,Private,0,0
PCL-LG-PY-0901-02,LG-PY-0901,SY-823/2,613.65,Private,1,1
PCL-LG-PY-0901-03,LG-PY-0901,SY-904/3,613.65,Private,1,0
PCL-LG-PY-0901-04,LG-PY-0901,SY-604/4,613.65,Forest,1,0
PCL-LG-AP-0902-01,LG-AP-0902,SY-329/1,341.8,Private,1,1
PCL-LG-AP-0902-02,LG-AP-0902,SY-783/2,341.8,Community,1,0
PCL-LG-AP-0902-03,LG-AP-0902,SY-824/3,341.8,Private,0,0
PCL-LG-AR-0903-01,LG-AR-0903,SY-351/1,476.62,Forest,1,0
PCL-LG-AR-0903-02,LG-AR-0903,SY-518/2,476.62,Government,1,0
PCL-LG-AR-0903-03,LG-AR-0903,SY-183/3,476.62,Forest,1,1
PCL-LG-AR-0903-04,LG-AR-0903,SY-805/4,476.62,Community,0,1
PCL-LG-AS-0904-01,LG-AS-0904,SY-394/1,158.08,Community,1,0
PCL-LG-AS-0904-02,LG-AS-0904,SY-194/2,158.08,Community,0,0
PCL-LG-AS-0904-03,LG-AS-0904,SY-749/3,158.08,Private,0,0
PCL-LG-AS-0904-04,LG-AS-0904,SY-144/4,158.08,Government,1,0
PCL-LG-AS-0904-05,LG-AS-0904,SY-374/5,158.08,Private,0,1
PCL-LG-BR-0905-01,LG-BR-0905,SY-543/1,402.13,Forest,1,1
PCL-LG-BR-0905-02,LG-BR-0905,SY-936/2,402.13,Government,0,0
PCL-LG-BR-0905-03,LG-BR-0905,SY-948/3,402.13,Government,1,1
PCL-LG-BR-0905-04,LG-BR-0905,SY-351/4,402.13,Forest,1,1
PCL-LG-BR-0905-05,LG-BR-0905,SY-974/5,402.13,Private,1,0
PCL-LG-BR-0905-06,LG-BR-0905,SY-377/6,402.13,Forest,0,1
PCL-LG-CG-0906-01,LG-CG-0906,SY-940/1,251.65,Forest,1,1
PCL-LG-CG-0906-02,LG-CG-0906,SY-235/2,251.65,Private,1,1
PCL-LG-CG-0906-03,LG-CG-0906,SY-699/3,251.65,Forest,1,0
PCL-LG-CG-0906-04,LG-CG-0906,SY-784/4,251.65,Forest,0,0
PCL-LG-CG-0906-05,LG-CG-0906,SY-460/5,251.65,Forest,0,0
PCL-LG-CG-0906-06,LG-CG-0906,SY-774/6,251.65,Private,1,0
PCL-LG-CG-0906-07,LG-CG-0906,SY-356/7,251.65,Forest,1,1
PCL-LG-CG-0906-08,LG-CG-0906,SY-210/8,251.65,Community,1,0
PCL-LG-GA-0907-01,LG-GA-0907,SY-682/1,511.98,Forest,1,0
PCL-LG-GA-0907-02,LG-GA-0907,SY-932/2,511.98,Community,1,0
PCL-LG-GA-0907-03,LG-GA-0907,SY-993/3,511.98,Forest,1,0
PCL-LG-GA-0907-04,LG-GA-0907,SY-412/4,511.98,Community,1,0
PCL-LG-GJ-0908-01,LG-GJ-0908,SY-629/1,121.7,Private,1,1
PCL-LG-GJ-0908-02,LG-GJ-0908,SY-425/2,121.7,Government,1,0
PCL-LG-GJ-0908-03,LG-GJ-0908,SY-820/3,121.7,Community,1,0
PCL-LG-GJ-0908-04,LG-GJ-0908,SY-425/4,121.7,Private,1,0
PCL-LG-GJ-0908-05,LG-GJ-0908,SY-356/5,121.7,Government,1,0
PCL-LG-HR-0909-01,LG-HR-0909,SY-400/1,200.03,Government,1,0
PCL-LG-HR-0909-02,LG-HR-0909,SY-710/2,200.03,Private,1,0
PCL-LG-HR-0909-03,LG-HR-0909,SY-819/3,200.03,Community,1,0
PCL-LG-HR-0909-04,LG-HR-0909,SY-639/4,200.03,Government,1,0
PCL-LG-HR-0909-05,LG-HR-0909,SY-596/5,200.03,Community,1,1
PCL-LG-HR-0909-06,LG-HR-0909,SY-895/6,200.03,Community,1,0
PCL-LG-HR-0909-07,LG-HR-0909,SY-357/7,200.03,Government,1,0
PCL-LG-HP-0910-01,LG-HP-0910,SY-268/1,775.0,Forest,1,1
PCL-LG-HP-0910-02,LG-HP-0910,SY-308/2,775.0,Government,1,0
PCL-LG-HP-0910-03,LG-HP-0910,SY-290/3,775.0,Forest,0,0
PCL-LG-JH-0911-01,LG-JH-0911,SY-335/1,426.18,Community,1,0
PCL-LG-JH-0911-02,LG-JH-0911,SY-555/2,426.18,Forest,1,1
PCL-LG-JH-0911-03,LG-JH-0911,SY-594/3,426.18,Forest,1,0
PCL-LG-JH-0911-04,LG-JH-0911,SY-150/4,426.18,Private,0,0
PCL-LG-KA-0912-01,LG-KA-0912,SY-340/1,205.47,Community,0,0
PCL-LG-KA-0912-02,LG-KA-0912,SY-331/2,205.47,Forest,1,0
PCL-LG-KA-0912-03,LG-KA-0912,SY-100/3,205.47,Forest,1,1
PCL-LG-KA-0912-04,LG-KA-0912,SY-571/4,205.47,Forest,1,1
PCL-LG-KL-0913-01,LG-KL-0913,SY-904/1,216.17,Government,0,0
PCL-LG-KL-0913-02,LG-KL-0913,SY-262/2,216.17,Private,1,0
PCL-LG-KL-0913-03,LG-KL-0913,SY-202/3,216.17,Private,1,1
PCL-LG-KL-0913-04,LG-KL-0913,SY-677/4,216.17,Private,1,0
PCL-LG-KL-0913-05,LG-KL-0913,SY-918/5,216.17,Forest,1,1
PCL-LG-KL-0913-06,LG-KL-0913,SY-222/6,216.17,Community,1,0
PCL-LG-KL-0913-07,LG-KL-0913,SY-238/7,216.17,Private,0,0
PCL-LG-MP-0914-01,LG-MP-0914,SY-305/1,15.0,Forest,1,0
PCL-LG-MP-0914-02,LG-MP-0914,SY-930/2,15.0,Forest,1,0
PCL-LG-MP-0914-03,LG-MP-0914,SY-390/3,15.0,Community,1,1
PCL-LG-MP-0914-04,LG-MP-0914,SY-555/4,15.0,Government,1,0
PCL-LG-MH-0915-01,LG-MH-0915,SY-948/1,384.37,Government,1,0
PCL-LG-MH-0915-02,LG-MH-0915,SY-251/2,384.37,Forest,1,1
PCL-LG-MH-0915-03,LG-MH-0915,SY-890/3,384.37,Private,1,1
PCL-LG-MN-0916-01,LG-MN-0916,SY-182/1,13.75,Community,1,0
PCL-LG-MN-0916-02,LG-MN-0916,SY-485/2,13.75,Government,1,0
PCL-LG-MN-0916-03,LG-MN-0916,SY-400/3,13.75,Government,1,1
PCL-LG-MN-0916-04,LG-MN-0916,SY-628/4,13.75,Community,1,0
PCL-LG-MN-0916-05,LG-MN-0916,SY-360/5,13.75,Community,1,1
PCL-LG-MN-0916-06,LG-MN-0916,SY-854/6,13.75,Private,0,0
PCL-LG-MN-0916-07,LG-MN-0916,SY-238/7,13.75,Private,1,0
PCL-LG-MN-0916-08,LG-MN-0916,SY-607/8,13.75,Community,1,0
PCL-LG-ML-0917-01,LG-ML-0917,SY-410/1,93.6,Private,1,0
PCL-LG-ML-0917-02,LG-ML-0917,SY-883/2,93.6,Government,1,0
PCL-LG-ML-0917-03,LG-ML-0917,SY-767/3,93.6,Forest,1,0
PCL-LG-ML-0917-04,LG-ML-0917,SY-551/4,93.6,Community,1,0
PCL-LG-MZ-0918-01,LG-MZ-0918,SY-935/1,331.62,Government,1,0
PCL-LG-MZ-0918-02,LG-MZ-0918,SY-892/2,331.62,Community,0,1
PCL-LG-MZ-0918-03,LG-MZ-0918,SY-690/3,331.62,Forest,1,0
PCL-LG-MZ-0918-04,LG-MZ-0918,SY-515/4,331.62,Forest,1,0
PCL-LG-NL-0919-01,LG-NL-0919,SY-149/1,13.09,Private,1,0
PCL-LG-NL-0919-02,LG-NL-0919,SY-403/2,13.09,Private,1,0
PCL-LG-NL-0919-03,LG-NL-0919,SY-548/3,13.09,Community,1,0
PCL-LG-NL-0919-04,LG-NL-0919,SY-781/4,13.09,Government,1,0
PCL-LG-NL-0919-05,LG-NL-0919,SY-498/5,13.09,Government,1,0
PCL-LG-NL-0919-06,LG-NL-0919,SY-476/6,13.09,Private,1,0
PCL-LG-NL-0919-07,LG-NL-0919,SY-119/7,13.09,Government,0,0
PCL-LG-OD-0920-01,LG-OD-0920,SY-457/1,81.54,Community,1,0
PCL-LG-OD-0920-02,LG-OD-0920,SY-699/2,81.54,Community,1,1
PCL-LG-OD-0920-03,LG-OD-0920,SY-376/3,81.54,Community,1,1
PCL-LG-OD-0920-04,LG-OD-0920,SY-809/4,81.54,Forest,1,1
PCL-LG-OD-0920-05,LG-OD-0920,SY-176/5,81.54,Community,1,0
PCL-LG-OD-0920-06,LG-OD-0920,SY-280/6,81.54,Private,1,1
PCL-LG-OD-0920-07,LG-OD-0920,SY-924/7,81.54,Private,1,0
PCL-LG-PB-0921-01,LG-PB-0921,SY-298/1,130.48,Community,1,0
PCL-LG-PB-0921-02,LG-PB-0921,SY-945/2,130.48,Private,1,0
PCL-LG-PB-0921-03,LG-PB-0921,SY-710/3,130.48,Private,1,1
PCL-LG-PB-0921-04,LG-PB-0921,SY-188/4,130.48,Private,1,0
PCL-LG-PB-0921-05,LG-PB-0921,SY-256/5,130.48,Government,0,0
PCL-LG-PB-0921-06,LG-PB-0921,SY-471/6,130.48,Private,0,0
PCL-LG-RJ-0922-01,LG-RJ-0922,SY-401/1,114.59,Government,1,0
PCL-LG-RJ-0922-02,LG-RJ-0922,SY-984/2,114.59,Government,1,0
PCL-LG-RJ-0922-03,LG-RJ-0922,SY-388/3,114.59,Community,1,1
PCL-LG-RJ-0922-04,LG-RJ-0922,SY-788/4,114.59,Forest,0,0
PCL-LG-RJ-0922-05,LG-RJ-0922,SY-327/5,114.59,Private,0,1
PCL-LG-RJ-0922-06,LG-RJ-0922,SY-194/6,114.59,Forest,1,0
PCL-LG-RJ-0922-07,LG-RJ-0922,SY-709/7,114.59,Private,1,0
PCL-LG-RJ-0922-08,LG-RJ-0922,SY-446/8,114.59,Government,1,1
PCL-LG-SK-0923-01,LG-SK-0923,SY-262/1,496.78,Government,0,0
PCL-LG-SK-0923-02,LG-SK-0923,SY-361/2,496.78,Community,0,0
PCL-LG-SK-0923-03,LG-SK-0923,SY-987/3,496.78,Community,1,0
PCL-LG-SK-0923-04,LG-SK-0923,SY-519/4,496.78,Community,0,0
PCL-LG-SK-0923-05,LG-SK-0923,SY-604/5,496.78,Forest,0,1
PCL-LG-TN-0924-01,LG-TN-0924,SY-384/1,152.03,Forest,1,0
PCL-LG-TN-0924-02,LG-TN-0924,SY-874/2,152.03,Government,1,1
PCL-LG-TN-0924-03,LG-TN-0924,SY-874/3,152.03,Government,1,0
PCL-LG-TS-0925-01,LG-TS-0925,SY-900/1,294.74,Community,1,0
PCL-LG-TS-0925-02,LG-TS-0925,SY-475/2,294.74,Forest,0,1
PCL-LG-TS-0925-03,LG-TS-0925,SY-153/3,294.74,Community,1,0
PCL-LG-TS-0925-04,LG-TS-0925,SY-593/4,294.74,Private,0,0
PCL-LG-TS-0925-05,LG-TS-0925,SY-811/5,294.74,Government,1,1
PCL-LG-TS-0925-06,LG-TS-0925,SY-737/6,294.74,Community,1,0
PCL-LG-TS-0925-07,LG-TS-0925,SY-211/7,294.74,Community,1,0
PCL-LG-TR-0926-01,LG-TR-0926,SY-489/1,413.72,Forest,1,1
PCL-LG-TR-0926-02,LG-TR-0926,SY-717/2,413.72,Forest,1,0
PCL-LG-TR-0926-03,LG-TR-0926,SY-198/3,413.72,Forest,1,0
PCL-LG-TR-0926-04,LG-TR-0926,SY-361/4,413.72,Private,1,0
PCL-LG-TR-0926-05,LG-TR-0926,SY-123/5,413.72,Forest,1,1
PCL-LG-UP-0927-01,LG-UP-0927,SY-725/1,314.15,Private,0,1
PCL-LG-UP-0927-02,LG-UP-0927,SY-127/2,314.15,Government,1,1
PCL-LG-UP-0927-03,LG-UP-0927,SY-835/3,314.15,Forest,1,1
PCL-LG-UP-0927-04,LG-UP-0927,SY-760/4,314.15,Government,0,0
PCL-LG-UP-0927-05,LG-UP-0927,SY-428/5,314.15,Forest,0,0
PCL-LG-UP-0927-06,LG-UP-0927,SY-883/6,314.15,Community,0,0
PCL-LG-UK-0928-01,LG-UK-0928,SY-457/1,123.0,Forest,1,1
PCL-LG-UK-0928-02,LG-UK-0928,SY-694/2,123.0,Private,1,0
PCL-LG-UK-0928-03,LG-UK-0928,SY-493/3,123.0,Government,0,0
PCL-LG-UK-0928-04,LG-UK-0928,SY-513/4,123.0,Forest,0,1
PCL-LG-WB-0929-01,LG-WB-0929,SY-435/1,23.61,Private,0,1
PCL-LG-WB-0929-02,LG-WB-0929,SY-982/2,23.61,Community,0,0
PCL-LG-WB-0929-03,LG-WB-0929,SY-881/3,23.61,Forest,1,0
PCL-LG-WB-0929-04,LG-WB-0929,SY-877/4,23.61,Private,1,1
PCL-LG-WB-0929-05,LG-WB-0929,SY-105/5,23.61,Community,0,1
PCL-LG-WB-0929-06,LG-WB-0929,SY-790/6,23.61,Forest,1,0
PCL-LG-WB-0929-07,LG-WB-0929,SY-210/7,23.61,Government,1,0
PCL-LG-AN-0930-01,LG-AN-0930,SY-593/1,360.42,Private,1,0
PCL-LG-AN-0930-02,LG-AN-0930,SY-444/2,360.42,Government,1,0
PCL-LG-AN-0930-03,LG-AN-0930,SY-208/3,360.42,Private,1,1
PCL-LG-AN-0930-04,LG-AN-0930,SY-250/4,360.42,Forest,0,0
PCL-LG-AN-0930-05,LG-AN-0930,SY-425/5,360.42,Private,0,0
PCL-LG-AN-0930-06,LG-AN-0930,SY-563/6,360.42,Private,1,0
PCL-LG-CH-0931-01,LG-CH-0931,SY-142/1,328.9,Government,0,0
PCL-LG-CH-0931-02,LG-CH-0931,SY-326/2,328.9,Private,1,0
PCL-LG-CH-0931-03,LG-CH-0931,SY-419/3,328.9,Community,1,0
PCL-LG-CH-0931-04,LG-CH-0931,SY-736/4,328.9,Community,1,1
PCL-LG-DH-0932-01,LG-DH-0932,SY-951/1,267.43,Forest,1,1
PCL-LG-DH-0932-02,LG-DH-0932,SY-158/2,267.43,Government,0,0
PCL-LG-DH-0932-03,LG-DH-0932,SY-435/3,267.43,Private,0,1
PCL-LG-DH-0932-04,LG-DH-0932,SY-899/4,267.43,Government,1,1
PCL-LG-DH-0932-05,LG-DH-0932,SY-847/5,267.43,Forest,1,0
PCL-LG-DH-0932-06,LG-DH-0932,SY-193/6,267.43,Community,1,0
PCL-LG-DH-0932-07,LG-DH-0932,SY-134/7,267.43,Government,0,0
PCL-LG-DL-0933-01,LG-DL-0933,SY-570/1,292.19,Private,1,0
PCL-LG-DL-0933-02,LG-DL-0933,SY-953/2,292.19,Community,1,1
PCL-LG-DL-0933-03,LG-DL-0933,SY-576/3,292.19,Community,1,0
PCL-LG-DL-0933-04,LG-DL-0933,SY-321/4,292.19,Private,0,1
PCL-LG-DL-0933-05,LG-DL-0933,SY-913/5,292.19,Government,0,0
PCL-LG-DL-0933-06,LG-DL-0933,SY-724/6,292.19,Government,0,0
PCL-LG-DL-0933-07,LG-DL-0933,SY-523/7,292.19,Private,1,0
PCL-LG-JK-0934-01,LG-JK-0934,SY-509/1,128.3,Community,0,0
PCL-LG-JK-0934-02,LG-JK-0934,SY-152/2,128.3,Private,0,0
PCL-LG-JK-0934-03,LG-JK-0934,SY-164/3,128.3,Government,1,0
PCL-LG-LA-0935-01,LG-LA-0935,SY-791/1,249.62,Community,0,1
PCL-LG-LA-0935-02,LG-LA-0935,SY-987/2,249.62,Private,1,0
PCL-LG-LA-0935-03,LG-LA-0935,SY-196/3,249.62,Private,1,0
PCL-LG-LA-0935-04,LG-LA-0935,SY-930/4,249.62,Community,1,0
PCL-LG-LA-0935-05,LG-LA-0935,SY-611/5,249.62,Private,1,0
PCL-LG-LA-0935-06,LG-LA-0935,SY-106/6,249.62,Government,1,0
PCL-LG-LA-0935-07,LG-LA-0935,SY-842/7,249.62,Private,1,1
PCL-LG-LA-0935-08,LG-LA-0935,SY-505/8,249.62,Government,1,0
PCL-LG-LD-0936-01,LG-LD-0936,SY-965/1,543.83,Private,1,0
PCL-LG-LD-0936-02,LG-LD-0936,SY-879/2,543.83,Private,0,1
PCL-LG-LD-0936-03,LG-LD-0936,SY-300/3,543.83,Forest,1,0
PCL-LG-PY-0937-01,LG-PY-0937,SY-574/1,181.77,Community,0,0
PCL-LG-PY-0937-02,LG-PY-0937,SY-140/2,181.77,Private,1,1
PCL-LG-PY-0937-03,LG-PY-0937,SY-412/3,181.77,Private,1,0
PCL-LG-PY-0937-04,LG-PY-0937,SY-334/4,181.77,Government,1,1
PCL-LG-PY-0937-05,LG-PY-0937,SY-255/5,181.77,Forest,1,1
PCL-LG-PY-0937-06,LG-PY-0937,SY-490/6,181.77,Forest,1,1
PCL-LG-AP-0938-01,LG-AP-0938,SY-619/1,458.48,Community,1,0
PCL-LG-AP-0938-02,LG-AP-0938,SY-556/2,458.48,Government,1,0
PCL-LG-AP-0938-03,LG-AP-0938,SY-995/3,458.48,Community,1,0
PCL-LG-AP-0938-04,LG-AP-0938,SY-932/4,458.48,Forest,1,0
PCL-LG-AP-0938-05,LG-AP-0938,SY-905/5,458.48,Community,1,0
PCL-LG-AR-0939-01,LG-AR-0939,SY-260/1,284.03,Forest,1,1
PCL-LG-AR-0939-02,LG-AR-0939,SY-185/2,284.03,Government,1,0
PCL-LG-AR-0939-03,LG-AR-0939,SY-751/3,284.03,Private,1,1
PCL-LG-AS-0940-01,LG-AS-0940,SY-453/1,97.43,Forest,1,0
PCL-LG-AS-0940-02,LG-AS-0940,SY-401/2,97.43,Government,1,1
PCL-LG-AS-0940-03,LG-AS-0940,SY-885/3,97.43,Government,0,0
PCL-LG-AS-0940-04,LG-AS-0940,SY-350/4,97.43,Forest,1,0
PCL-LG-AS-0940-05,LG-AS-0940,SY-218/5,97.43,Community,1,0
PCL-LG-AS-0940-06,LG-AS-0940,SY-615/6,97.43,Community,0,0
PCL-LG-BR-0941-01,LG-BR-0941,SY-298/1,233.78,Government,1,0
PCL-LG-BR-0941-02,LG-BR-0941,SY-117/2,233.78,Community,1,1
PCL-LG-BR-0941-03,LG-BR-0941,SY-311/3,233.78,Government,1,0
PCL-LG-BR-0941-04,LG-BR-0941,SY-208/4,233.78,Community,0,0
PCL-LG-BR-0941-05,LG-BR-0941,SY-951/5,233.78,Community,1,0
PCL-LG-BR-0941-06,LG-BR-0941,SY-630/6,233.78,Government,1,1
PCL-LG-BR-0941-07,LG-BR-0941,SY-863/7,233.78,Community,1,0
PCL-LG-BR-0941-08,LG-BR-0941,SY-299/8,233.78,Private,1,0
PCL-LG-CG-0942-01,LG-CG-0942,SY-542/1,247.47,Government,1,1
PCL-LG-CG-0942-02,LG-CG-0942,SY-692/2,247.47,Community,0,0
PCL-LG-CG-0942-03,LG-CG-0942,SY-987/3,247.47,Community,0,0
PCL-LG-CG-0942-04,LG-CG-0942,SY-681/4,247.47,Community,1,1
PCL-LG-CG-0942-05,LG-CG-0942,SY-260/5,247.47,Community,1,1
PCL-LG-CG-0942-06,LG-CG-0942,SY-712/6,247.47,Private,1,0
PCL-LG-CG-0942-07,LG-CG-0942,SY-911/7,247.47,Community,1,0
PCL-LG-GA-0943-01,LG-GA-0943,SY-941/1,56.44,Forest,1,0
PCL-LG-GA-0943-02,LG-GA-0943,SY-753/2,56.44,Forest,1,0
PCL-LG-GA-0943-03,LG-GA-0943,SY-452/3,56.44,Community,0,1
PCL-LG-GA-0943-04,LG-GA-0943,SY-220/4,56.44,Government,0,0
PCL-LG-GA-0943-05,LG-GA-0943,SY-452/5,56.44,Government,1,0
PCL-LG-GJ-0944-01,LG-GJ-0944,SY-614/1,334.37,Government,1,1
PCL-LG-GJ-0944-02,LG-GJ-0944,SY-969/2,334.37,Community,1,0
PCL-LG-GJ-0944-03,LG-GJ-0944,SY-901/3,334.37,Government,0,0
PCL-LG-GJ-0944-04,LG-GJ-0944,SY-536/4,334.37,Forest,1,1
PCL-LG-GJ-0944-05,LG-GJ-0944,SY-647/5,334.37,Forest,1,0
PCL-LG-GJ-0944-06,LG-GJ-0944,SY-981/6,334.37,Forest,1,0
PCL-LG-HR-0945-01,LG-HR-0945,SY-412/1,16.43,Forest,1,1
PCL-LG-HR-0945-02,LG-HR-0945,SY-160/2,16.43,Government,1,1
PCL-LG-HR-0945-03,LG-HR-0945,SY-128/3,16.43,Government,1,0
PCL-LG-HR-0945-04,LG-HR-0945,SY-339/4,16.43,Community,0,0
PCL-LG-HR-0945-05,LG-HR-0945,SY-874/5,16.43,Forest,1,0
PCL-LG-HR-0945-06,LG-HR-0945,SY-667/6,16.43,Government,1,0
PCL-LG-HR-0945-07,LG-HR-0945,SY-354/7,16.43,Forest,1,1
PCL-LG-HR-0945-08,LG-HR-0945,SY-350/8,16.43,Government,1,0
PCL-LG-HP-0946-01,LG-HP-0946,SY-627/1,16.13,Government,1,1
PCL-LG-HP-0946-02,LG-HP-0946,SY-713/2,16.13,Community,1,0
PCL-LG-HP-0946-03,LG-HP-0946,SY-786/3,16.13,Forest,1,1
PCL-LG-HP-0946-04,LG-HP-0946,SY-749/4,16.13,Government,1,0
PCL-LG-HP-0946-05,LG-HP-0946,SY-961/5,16.13,Private,1,0
PCL-LG-HP-0946-06,LG-HP-0946,SY-338/6,16.13,Community,0,0
PCL-LG-JH-0947-01,LG-JH-0947,SY-179/1,47.0,Forest,0,0
PCL-LG-JH-0947-02,LG-JH-0947,SY-108/2,47.0,Private,1,0
PCL-LG-JH-0947-03,LG-JH-0947,SY-217/3,47.0,Private,1,1
PCL-LG-JH-0947-04,LG-JH-0947,SY-890/4,47.0,Private,0,0
PCL-LG-JH-0947-05,LG-JH-0947,SY-316/5,47.0,Private,1,0
PCL-LG-JH-0947-06,LG-JH-0947,SY-724/6,47.0,Forest,1,1
PCL-LG-JH-0947-07,LG-JH-0947,SY-175/7,47.0,Private,1,1
PCL-LG-KA-0948-01,LG-KA-0948,SY-996/1,84.15,Community,1,0
PCL-LG-KA-0948-02,LG-KA-0948,SY-690/2,84.15,Private,0,0
PCL-LG-KA-0948-03,LG-KA-0948,SY-714/3,84.15,Community,1,0
PCL-LG-KA-0948-04,LG-KA-0948,SY-477/4,84.15,Community,1,0
PCL-LG-KA-0948-05,LG-KA-0948,SY-992/5,84.15,Forest,1,0
PCL-LG-KA-0948-06,LG-KA-0948,SY-771/6,84.15,Private,1,0
PCL-LG-KL-0949-01,LG-KL-0949,SY-692/1,260.55,Forest,1,0
PCL-LG-KL-0949-02,LG-KL-0949,SY-115/2,260.55,Private,1,0
PCL-LG-KL-0949-03,LG-KL-0949,SY-599/3,260.55,Government,1,0
PCL-LG-KL-0949-04,LG-KL-0949,SY-793/4,260.55,Community,1,0
PCL-LG-KL-0949-05,LG-KL-0949,SY-679/5,260.55,Forest,1,0
PCL-LG-KL-0949-06,LG-KL-0949,SY-758/6,260.55,Community,1,1
PCL-LG-KL-0949-07,LG-KL-0949,SY-108/7,260.55,Government,0,0
PCL-LG-KL-0949-08,LG-KL-0949,SY-268/8,260.55,Community,0,0
PCL-LG-MP-0950-01,LG-MP-0950,SY-331/1,82.58,Private,1,0
PCL-LG-MP-0950-02,LG-MP-0950,SY-352/2,82.58,Private,1,0
PCL-LG-MP-0950-03,LG-MP-0950,SY-447/3,82.58,Government,0,0
PCL-LG-MP-0950-04,LG-MP-0950,SY-382/4,82.58,Private,1,0
PCL-LG-MP-0950-05,LG-MP-0950,SY-542/5,82.58,Forest,1,1
PCL-LG-MP-0950-06,LG-MP-0950,SY-326/6,82.58,Private,0,1
PCL-LG-MP-0950-07,LG-MP-0950,SY-920/7,82.58,Forest,0,0
PCL-LG-MP-0950-08,LG-MP-0950,SY-388/8,82.58,Government,1,1
PCL-LG-MH-0951-01,LG-MH-0951,SY-993/1,330.47,Private,0,0
PCL-LG-MH-0951-02,LG-MH-0951,SY-407/2,330.47,Government,1,0
PCL-LG-MH-0951-03,LG-MH-0951,SY-993/3,330.47,Private,1,1
PCL-LG-MH-0951-04,LG-MH-0951,SY-391/4,330.47,Community,1,0
PCL-LG-MH-0951-05,LG-MH-0951,SY-671/5,330.47,Forest,0,0
PCL-LG-MH-0951-06,LG-MH-0951,SY-236/6,330.47,Community,1,1
PCL-LG-MH-0951-07,LG-MH-0951,SY-412/7,330.47,Forest,0,1
PCL-LG-MN-0952-01,LG-MN-0952,SY-703/1,222.71,Government,1,0
PCL-LG-MN-0952-02,LG-MN-0952,SY-448/2,222.71,Forest,1,0
PCL-LG-MN-0952-03,LG-MN-0952,SY-845/3,222.71,Forest,1,0
PCL-LG-MN-0952-04,LG-MN-0952,SY-121/4,222.71,Private,1,0
PCL-LG-MN-0952-05,LG-MN-0952,SY-751/5,222.71,Community,1,0
PCL-LG-MN-0952-06,LG-MN-0952,SY-879/6,222.71,Community,0,1
PCL-LG-MN-0952-07,LG-MN-0952,SY-429/7,222.71,Forest,1,0
PCL-LG-ML-0953-01,LG-ML-0953,SY-856/1,249.04,Private,1,0
PCL-LG-ML-0953-02,LG-ML-0953,SY-820/2,249.04,Community,0,0
PCL-LG-ML-0953-03,LG-ML-0953,SY-861/3,249.04,Community,1,0
PCL-LG-ML-0953-04,LG-ML-0953,SY-342/4,249.04,Forest,1,1
PCL-LG-ML-0953-05,LG-ML-0953,SY-955/5,249.04,Private,1,1
PCL-LG-ML-0953-06,LG-ML-0953,SY-787/6,249.04,Government,1,1
PCL-LG-ML-0953-07,LG-ML-0953,SY-459/7,249.04,Government,1,1
PCL-LG-MZ-0954-01,LG-MZ-0954,SY-987/1,406.0,Forest,0,1
PCL-LG-MZ-0954-02,LG-MZ-0954,SY-311/2,406.0,Community,0,1
PCL-LG-MZ-0954-03,LG-MZ-0954,SY-864/3,406.0,Government,1,0
PCL-LG-MZ-0954-04,LG-MZ-0954,SY-936/4,406.0,Forest,1,0
PCL-LG-NL-0955-01,LG-NL-0955,SY-643/1,287.9,Community,1,0
PCL-LG-NL-0955-02,LG-NL-0955,SY-326/2,287.9,Private,1,0
PCL-LG-NL-0955-03,LG-NL-0955,SY-555/3,287.9,Forest,1,0
PCL-LG-NL-0955-04,LG-NL-0955,SY-343/4,287.9,Government,1,1
PCL-LG-NL-0955-05,LG-NL-0955,SY-300/5,287.9,Community,1,0
PCL-LG-OD-0956-01,LG-OD-0956,SY-747/1,75.29,Government,1,0
PCL-LG-OD-0956-02,LG-OD-0956,SY-188/2,75.29,Forest,0,1
PCL-LG-OD-0956-03,LG-OD-0956,SY-416/3,75.29,Forest,1,1
PCL-LG-OD-0956-04,LG-OD-0956,SY-607/4,75.29,Community,1,0
PCL-LG-OD-0956-05,LG-OD-0956,SY-170/5,75.29,Government,1,1
PCL-LG-OD-0956-06,LG-OD-0956,SY-723/6,75.29,Government,1,1
PCL-LG-OD-0956-07,LG-OD-0956,SY-785/7,75.29,Private,1,0
PCL-LG-PB-0957-01,LG-PB-0957,SY-651/1,206.22,Government,1,0
PCL-LG-PB-0957-02,LG-PB-0957,SY-262/2,206.22,Community,1,1
PCL-LG-PB-0957-03,LG-PB-0957,SY-534/3,206.22,Forest,1,1
PCL-LG-PB-0957-04,LG-PB-0957,SY-897/4,206.22,Government,1,0
PCL-LG-PB-0957-05,LG-PB-0957,SY-184/5,206.22,Government,1,1
PCL-LG-RJ-0958-01,LG-RJ-0958,SY-731/1,93.4,Government,0,1
PCL-LG-RJ-0958-02,LG-RJ-0958,SY-646/2,93.4,Community,1,0
PCL-LG-RJ-0958-03,LG-RJ-0958,SY-782/3,93.4,Community,0,0
PCL-LG-RJ-0958-04,LG-RJ-0958,SY-205/4,93.4,Forest,1,0
PCL-LG-RJ-0958-05,LG-RJ-0958,SY-773/5,93.4,Community,1,0
PCL-LG-RJ-0958-06,LG-RJ-0958,SY-809/6,93.4,Community,1,0
PCL-LG-RJ-0958-07,LG-RJ-0958,SY-946/7,93.4,Community,0,1
PCL-LG-SK-0959-01,LG-SK-0959,SY-206/1,35.09,Government,1,1
PCL-LG-SK-0959-02,LG-SK-0959,SY-505/2,35.09,Forest,1,0
PCL-LG-SK-0959-03,LG-SK-0959,SY-180/3,35.09,Community,1,1
PCL-LG-SK-0959-04,LG-SK-0959,SY-342/4,35.09,Government,1,0
PCL-LG-SK-0959-05,LG-SK-0959,SY-189/5,35.09,Forest,0,1
PCL-LG-SK-0959-06,LG-SK-0959,SY-824/6,35.09,Forest,1,0
PCL-LG-SK-0959-07,LG-SK-0959,SY-274/7,35.09,Community,1,0
PCL-LG-TN-0960-01,LG-TN-0960,SY-142/1,39.34,Community,1,1
PCL-LG-TN-0960-02,LG-TN-0960,SY-351/2,39.34,Community,1,0
PCL-LG-TN-0960-03,LG-TN-0960,SY-336/3,39.34,Forest,1,1
PCL-LG-TN-0960-04,LG-TN-0960,SY-433/4,39.34,Government,1,1
PCL-LG-TN-0960-05,LG-TN-0960,SY-774/5,39.34,Private,0,0
PCL-LG-TN-0960-06,LG-TN-0960,SY-508/6,39.34,Private,1,1
PCL-LG-TN-0960-07,LG-TN-0960,SY-163/7,39.34,Community,1,1
PCL-LG-TS-0961-01,LG-TS-0961,SY-548/1,112.73,Private,1,1
PCL-LG-TS-0961-02,LG-TS-0961,SY-396/2,112.73,Forest,1,0
PCL-LG-TS-0961-03,LG-TS-0961,SY-990/3,112.73,Government,1,0
PCL-LG-TS-0961-04,LG-TS-0961,SY-575/4,112.73,Forest,1,1
PCL-LG-TS-0961-05,LG-TS-0961,SY-881/5,112.73,Community,0,0
PCL-LG-TS-0961-06,LG-TS-0961,SY-397/6,112.73,Private,1,0
PCL-LG-TS-0961-07,LG-TS-0961,SY-941/7,112.73,Forest,1,1
PCL-LG-TR-0962-01,LG-TR-0962,SY-199/1,114.92,Community,1,0
PCL-LG-TR-0962-02,LG-TR-0962,SY-875/2,114.92,Government,1,0
PCL-LG-TR-0962-03,LG-TR-0962,SY-979/3,114.92,Government,0,0
PCL-LG-TR-0962-04,LG-TR-0962,SY-140/4,114.92,Forest,0,1
PCL-LG-UP-0963-01,LG-UP-0963,SY-574/1,25.0,Community,0,0
PCL-LG-UP-0963-02,LG-UP-0963,SY-564/2,25.0,Private,1,0
PCL-LG-UP-0963-03,LG-UP-0963,SY-123/3,25.0,Community,0,0
PCL-LG-UP-0963-04,LG-UP-0963,SY-536/4,25.0,Private,0,1
PCL-LG-UP-0963-05,LG-UP-0963,SY-756/5,25.0,Forest,1,1
PCL-LG-UK-0964-01,LG-UK-0964,SY-828/1,197.56,Government,0,0
PCL-LG-UK-0964-02,LG-UK-0964,SY-148/2,197.56,Community,0,0
PCL-LG-UK-0964-03,LG-UK-0964,SY-454/3,197.56,Government,1,0
PCL-LG-UK-0964-04,LG-UK-0964,SY-881/4,197.56,Forest,0,0
PCL-LG-UK-0964-05,LG-UK-0964,SY-986/5,197.56,Private,1,0
PCL-LG-WB-0965-01,LG-WB-0965,SY-788/1,344.18,Forest,1,1
PCL-LG-WB-0965-02,LG-WB-0965,SY-870/2,344.18,Forest,1,1
PCL-LG-WB-0965-03,LG-WB-0965,SY-546/3,344.18,Forest,1,0
PCL-LG-WB-0965-04,LG-WB-0965,SY-697/4,344.18,Community,1,0
PCL-LG-AN-0966-01,LG-AN-0966,SY-168/1,724.17,Government,1,1
PCL-LG-AN-0966-02,LG-AN-0966,SY-599/2,724.17,Private,0,1
PCL-LG-AN-0966-03,LG-AN-0966,SY-321/3,724.17,Private,1,1
PCL-LG-CH-0967-01,LG-CH-0967,SY-695/1,103.85,Government,0,0
PCL-LG-CH-0967-02,LG-CH-0967,SY-679/2,103.85,Private,1,1
PCL-LG-CH-0967-03,LG-CH-0967,SY-961/3,103.85,Private,0,1
PCL-LG-CH-0967-04,LG-CH-0967,SY-231/4,103.85,Private,0,0
PCL-LG-CH-0967-05,LG-CH-0967,SY-102/5,103.85,Private,1,0
PCL-LG-CH-0967-06,LG-CH-0967,SY-854/6,103.85,Forest,0,0
PCL-LG-CH-0967-07,LG-CH-0967,SY-862/7,103.85,Private,1,1
PCL-LG-CH-0967-08,LG-CH-0967,SY-132/8,103.85,Community,0,1
PCL-LG-DH-0968-01,LG-DH-0968,SY-867/1,314.8,Government,1,0
PCL-LG-DH-0968-02,LG-DH-0968,SY-234/2,314.8,Forest,1,0
PCL-LG-DH-0968-03,LG-DH-0968,SY-231/3,314.8,Government,1,1
PCL-LG-DH-0968-04,LG-DH-0968,SY-209/4,314.8,Community,0,0
PCL-LG-DH-0968-05,LG-DH-0968,SY-912/5,314.8,Private,0,0
PCL-LG-DL-0969-01,LG-DL-0969,SY-179/1,248.62,Government,1,1
PCL-LG-DL-0969-02,LG-DL-0969,SY-886/2,248.62,Community,1,1
PCL-LG-DL-0969-03,LG-DL-0969,SY-351/3,248.62,Private,1,0
PCL-LG-DL-0969-04,LG-DL-0969,SY-240/4,248.62,Community,0,0
PCL-LG-JK-0970-01,LG-JK-0970,SY-450/1,300.26,Government,0,0
PCL-LG-JK-0970-02,LG-JK-0970,SY-775/2,300.26,Forest,1,0
PCL-LG-JK-0970-03,LG-JK-0970,SY-982/3,300.26,Government,1,0
PCL-LG-JK-0970-04,LG-JK-0970,SY-871/4,300.26,Community,1,0
PCL-LG-JK-0970-05,LG-JK-0970,SY-492/5,300.26,Government,1,0
PCL-LG-LA-0971-01,LG-LA-0971,SY-580/1,559.88,Private,1,0
PCL-LG-LA-0971-02,LG-LA-0971,SY-647/2,559.88,Government,0,0
PCL-LG-LA-0971-03,LG-LA-0971,SY-647/3,559.88,Private,1,0
PCL-LG-LA-0971-04,LG-LA-0971,SY-224/4,559.88,Government,1,0
PCL-LG-LD-0972-01,LG-LD-0972,SY-306/1,210.4,Forest,0,0
PCL-LG-LD-0972-02,LG-LD-0972,SY-830/2,210.4,Community,1,1
PCL-LG-LD-0972-03,LG-LD-0972,SY-525/3,210.4,Community,1,0
PCL-LG-LD-0972-04,LG-LD-0972,SY-408/4,210.4,Forest,0,1
PCL-LG-PY-0973-01,LG-PY-0973,SY-411/1,148.08,Forest,1,0
PCL-LG-PY-0973-02,LG-PY-0973,SY-627/2,148.08,Community,1,1
PCL-LG-PY-0973-03,LG-PY-0973,SY-671/3,148.08,Government,1,0
PCL-LG-PY-0973-04,LG-PY-0973,SY-437/4,148.08,Forest,0,0
PCL-LG-PY-0973-05,LG-PY-0973,SY-386/5,148.08,Private,1,0
PCL-LG-AP-0974-01,LG-AP-0974,SY-887/1,151.15,Private,1,0
PCL-LG-AP-0974-02,LG-AP-0974,SY-312/2,151.15,Forest,0,0
PCL-LG-AP-0974-03,LG-AP-0974,SY-155/3,151.15,Community,1,1
PCL-LG-AP-0974-04,LG-AP-0974,SY-528/4,151.15,Community,1,1
PCL-LG-AR-0975-01,LG-AR-0975,SY-908/1,287.83,Forest,1,0
PCL-LG-AR-0975-02,LG-AR-0975,SY-603/2,287.83,Private,1,0
PCL-LG-AR-0975-03,LG-AR-0975,SY-188/3,287.83,Government,1,1
PCL-LG-AR-0975-04,LG-AR-0975,SY-344/4,287.83,Government,1,0
PCL-LG-AR-0975-05,LG-AR-0975,SY-126/5,287.83,Community,1,0
PCL-LG-AR-0975-06,LG-AR-0975,SY-946/6,287.83,Government,0,0
PCL-LG-AS-0976-01,LG-AS-0976,SY-475/1,243.72,Community,1,1
PCL-LG-AS-0976-02,LG-AS-0976,SY-891/2,243.72,Private,0,0
PCL-LG-AS-0976-03,LG-AS-0976,SY-746/3,243.72,Private,1,1
PCL-LG-AS-0976-04,LG-AS-0976,SY-338/4,243.72,Government,0,0
PCL-LG-AS-0976-05,LG-AS-0976,SY-975/5,243.72,Community,0,0
PCL-LG-AS-0976-06,LG-AS-0976,SY-418/6,243.72,Private,1,1
PCL-LG-BR-0977-01,LG-BR-0977,SY-672/1,228.93,Forest,1,1
PCL-LG-BR-0977-02,LG-BR-0977,SY-580/2,228.93,Private,1,1
PCL-LG-BR-0977-03,LG-BR-0977,SY-290/3,228.93,Private,1,0
PCL-LG-BR-0977-04,LG-BR-0977,SY-787/4,228.93,Forest,1,1
PCL-LG-BR-0977-05,LG-BR-0977,SY-853/5,228.93,Government,1,1
PCL-LG-BR-0977-06,LG-BR-0977,SY-873/6,228.93,Government,0,1
PCL-LG-BR-0977-07,LG-BR-0977,SY-800/7,228.93,Private,0,0
PCL-LG-BR-0977-08,LG-BR-0977,SY-803/8,228.93,Government,1,0
PCL-LG-CG-0978-01,LG-CG-0978,SY-780/1,27.17,Private,0,0
PCL-LG-CG-0978-02,LG-CG-0978,SY-504/2,27.17,Forest,0,1
PCL-LG-CG-0978-03,LG-CG-0978,SY-468/3,27.17,Private,1,0
PCL-LG-GA-0979-01,LG-GA-0979,SY-909/1,174.01,Community,0,1
PCL-LG-GA-0979-02,LG-GA-0979,SY-662/2,174.01,Forest,1,1
PCL-LG-GA-0979-03,LG-GA-0979,SY-740/3,174.01,Community,1,0
PCL-LG-GA-0979-04,LG-GA-0979,SY-817/4,174.01,Community,1,0
PCL-LG-GA-0979-05,LG-GA-0979,SY-399/5,174.01,Private,0,1
PCL-LG-GA-0979-06,LG-GA-0979,SY-962/6,174.01,Forest,0,0
PCL-LG-GA-0979-07,LG-GA-0979,SY-762/7,174.01,Private,0,1
PCL-LG-GJ-0980-01,LG-GJ-0980,SY-281/1,185.64,Government,1,0
PCL-LG-GJ-0980-02,LG-GJ-0980,SY-121/2,185.64,Government,1,0
PCL-LG-GJ-0980-03,LG-GJ-0980,SY-786/3,185.64,Community,0,1
PCL-LG-GJ-0980-04,LG-GJ-0980,SY-977/4,185.64,Community,1,0
PCL-LG-GJ-0980-05,LG-GJ-0980,SY-118/5,185.64,Private,1,0
PCL-LG-GJ-0980-06,LG-GJ-0980,SY-494/6,185.64,Forest,1,1
PCL-LG-GJ-0980-07,LG-GJ-0980,SY-333/7,185.64,Private,1,0
PCL-LG-GJ-0980-08,LG-GJ-0980,SY-367/8,185.64,Private,1,0
PCL-LG-HR-0981-01,LG-HR-0981,SY-140/1,443.1,Community,0,0
PCL-LG-HR-0981-02,LG-HR-0981,SY-964/2,443.1,Private,1,0
PCL-LG-HR-0981-03,LG-HR-0981,SY-445/3,443.1,Government,1,1
PCL-LG-HR-0981-04,LG-HR-0981,SY-482/4,443.1,Community,0,0
PCL-LG-HP-0982-01,LG-HP-0982,SY-829/1,37.75,Community,1,0
PCL-LG-HP-0982-02,LG-HP-0982,SY-652/2,37.75,Forest,1,1
PCL-LG-HP-0982-03,LG-HP-0982,SY-704/3,37.75,Community,1,0
PCL-LG-HP-0982-04,LG-HP-0982,SY-891/4,37.75,Forest,1,1
PCL-LG-JH-0983-01,LG-JH-0983,SY-655/1,396.32,Community,0,0
PCL-LG-JH-0983-02,LG-JH-0983,SY-246/2,396.32,Community,0,0
PCL-LG-JH-0983-03,LG-JH-0983,SY-485/3,396.32,Government,1,1
PCL-LG-JH-0983-04,LG-JH-0983,SY-977/4,396.32,Government,1,0
PCL-LG-JH-0983-05,LG-JH-0983,SY-746/5,396.32,Forest,0,0
PCL-LG-JH-0983-06,LG-JH-0983,SY-387/6,396.32,Government,1,0
PCL-LG-KA-0984-01,LG-KA-0984,SY-302/1,123.56,Government,1,1
PCL-LG-KA-0984-02,LG-KA-0984,SY-942/2,123.56,Forest,1,0
PCL-LG-KA-0984-03,LG-KA-0984,SY-282/3,123.56,Private,1,1
PCL-LG-KA-0984-04,LG-KA-0984,SY-884/4,123.56,Forest,1,0
PCL-LG-KA-0984-05,LG-KA-0984,SY-148/5,123.56,Private,1,0
PCL-LG-KA-0984-06,LG-KA-0984,SY-206/6,123.56,Community,1,0
PCL-LG-KA-0984-07,LG-KA-0984,SY-514/7,123.56,Forest,1,0
PCL-LG-KA-0984-08,LG-KA-0984,SY-917/8,123.56,Community,1,0
PCL-LG-KL-0985-01,LG-KL-0985,SY-309/1,373.63,Forest,1,0
PCL-LG-KL-0985-02,LG-KL-0985,SY-164/2,373.63,Forest,0,0
PCL-LG-KL-0985-03,LG-KL-0985,SY-921/3,373.63,Community,0,0
PCL-LG-MP-0986-01,LG-MP-0986,SY-877/1,391.47,Community,0,1
PCL-LG-MP-0986-02,LG-MP-0986,SY-974/2,391.47,Forest,1,1
PCL-LG-MP-0986-03,LG-MP-0986,SY-724/3,391.47,Government,1,0
PCL-LG-MH-0987-01,LG-MH-0987,SY-606/1,709.77,Government,0,0
PCL-LG-MH-0987-02,LG-MH-0987,SY-654/2,709.77,Government,1,1
PCL-LG-MH-0987-03,LG-MH-0987,SY-448/3,709.77,Private,0,0
PCL-LG-MN-0988-01,LG-MN-0988,SY-849/1,362.0,Community,0,0
PCL-LG-MN-0988-02,LG-MN-0988,SY-182/2,362.0,Government,1,0
PCL-LG-MN-0988-03,LG-MN-0988,SY-803/3,362.0,Private,1,1
PCL-LG-ML-0989-01,LG-ML-0989,SY-936/1,122.63,Private,0,1
PCL-LG-ML-0989-02,LG-ML-0989,SY-759/2,122.63,Forest,1,1
PCL-LG-ML-0989-03,LG-ML-0989,SY-505/3,122.63,Community,1,0
PCL-LG-ML-0989-04,LG-ML-0989,SY-194/4,122.63,Forest,1,0
PCL-LG-ML-0989-05,LG-ML-0989,SY-152/5,122.63,Community,1,1
PCL-LG-ML-0989-06,LG-ML-0989,SY-644/6,122.63,Community,0,0
PCL-LG-MZ-0990-01,LG-MZ-0990,SY-552/1,145.25,Forest,0,0
PCL-LG-MZ-0990-02,LG-MZ-0990,SY-198/2,145.25,Community,1,0
PCL-LG-MZ-0990-03,LG-MZ-0990,SY-167/3,145.25,Government,1,0
PCL-LG-MZ-0990-04,LG-MZ-0990,SY-488/4,145.25,Community,1,1
PCL-LG-NL-0991-01,LG-NL-0991,SY-752/1,135.03,Private,1,0
PCL-LG-NL-0991-02,LG-NL-0991,SY-275/2,135.03,Community,0,0
PCL-LG-NL-0991-03,LG-NL-0991,SY-854/3,135.03,Forest,1,0
PCL-LG-NL-0991-04,LG-NL-0991,SY-287/4,135.03,Community,1,0
PCL-LG-NL-0991-05,LG-NL-0991,SY-100/5,135.03,Private,1,1
PCL-LG-NL-0991-06,LG-NL-0991,SY-658/6,135.03,Community,1,0
PCL-LG-OD-0992-01,LG-OD-0992,SY-533/1,247.02,Forest,1,1
PCL-LG-OD-0992-02,LG-OD-0992,SY-711/2,247.02,Private,0,1
PCL-LG-OD-0992-03,LG-OD-0992,SY-761/3,247.02,Forest,0,1
PCL-LG-OD-0992-04,LG-OD-0992,SY-378/4,247.02,Government,1,0
PCL-LG-OD-0992-05,LG-OD-0992,SY-314/5,247.02,Government,1,0
PCL-LG-PB-0993-01,LG-PB-0993,SY-979/1,123.64,Community,0,0
PCL-LG-PB-0993-02,LG-PB-0993,SY-763/2,123.64,Government,0,0
PCL-LG-PB-0993-03,LG-PB-0993,SY-481/3,123.64,Community,1,0
PCL-LG-PB-0993-04,LG-PB-0993,SY-435/4,123.64,Community,0,0
PCL-LG-PB-0993-05,LG-PB-0993,SY-319/5,123.64,Private,1,0
PCL-LG-PB-0993-06,LG-PB-0993,SY-865/6,123.64,Community,1,0
PCL-LG-PB-0993-07,LG-PB-0993,SY-118/7,123.64,Private,1,0
PCL-LG-RJ-0994-01,LG-RJ-0994,SY-277/1,429.8,Forest,0,0
PCL-LG-RJ-0994-02,LG-RJ-0994,SY-119/2,429.8,Forest,1,0
PCL-LG-RJ-0994-03,LG-RJ-0994,SY-267/3,429.8,Community,0,0
PCL-LG-RJ-0994-04,LG-RJ-0994,SY-870/4,429.8,Government,1,1
PCL-LG-SK-0995-01,LG-SK-0995,SY-685/1,277.93,Forest,1,0
PCL-LG-SK-0995-02,LG-SK-0995,SY-856/2,277.93,Community,1,0
PCL-LG-SK-0995-03,LG-SK-0995,SY-393/3,277.93,Government,0,0
PCL-LG-TN-0996-01,LG-TN-0996,SY-248/1,550.77,Forest,0,0
PCL-LG-TN-0996-02,LG-TN-0996,SY-538/2,550.77,Private,1,1
PCL-LG-TN-0996-03,LG-TN-0996,SY-255/3,550.77,Private,0,0
PCL-LG-TN-0996-04,LG-TN-0996,SY-162/4,550.77,Private,1,0
PCL-LG-TS-0997-01,LG-TS-0997,SY-638/1,492.88,Community,1,0
PCL-LG-TS-0997-02,LG-TS-0997,SY-744/2,492.88,Community,1,1
PCL-LG-TS-0997-03,LG-TS-0997,SY-717/3,492.88,Community,0,1
PCL-LG-TS-0997-04,LG-TS-0997,SY-350/4,492.88,Government,1,0
PCL-LG-TS-0997-05,LG-TS-0997,SY-617/5,492.88,Government,1,1
PCL-LG-TR-0998-01,LG-TR-0998,SY-938/1,74.27,Community,1,1
PCL-LG-TR-0998-02,LG-TR-0998,SY-836/2,74.27,Community,1,0
PCL-LG-TR-0998-03,LG-TR-0998,SY-625/3,74.27,Private,0,0
PCL-LG-TR-0998-04,LG-TR-0998,SY-670/4,74.27,Community,1,0
PCL-LG-TR-0998-05,LG-TR-0998,SY-456/5,74.27,Government,1,0
PCL-LG-TR-0998-06,LG-TR-0998,SY-440/6,74.27,Private,0,1
PCL-LG-UP-0999-01,LG-UP-0999,SY-953/1,273.93,Government,0,1
PCL-LG-UP-0999-02,LG-UP-0999,SY-602/2,273.93,Government,1,0
PCL-LG-UP-0999-03,LG-UP-0999,SY-216/3,273.93,Private,0,1
PCL-LG-UP-0999-04,LG-UP-0999,SY-361/4,273.93,Community,1,1
PCL-LG-UP-0999-05,LG-UP-0999,SY-301/5,273.93,Government,1,0
PCL-LG-UP-0999-06,LG-UP-0999,SY-708/6,273.93,Forest,1,1
PCL-LG-UP-0999-07,LG-UP-0999,SY-504/7,273.93,Community,1,1
PCL-LG-UK-1000-01,LG-UK-1000,SY-518/1,378.7,Community,1,1
PCL-LG-UK-1000-02,LG-UK-1000,SY-190/2,378.7,Private,0,0
PCL-LG-UK-1000-03,LG-UK-1000,SY-550/3,378.7,Community,0,1
PCL-LG-UK-1000-04,LG-UK-1000,SY-973/4,378.7,Community,0,1
PCL-LG-WB-1001-01,LG-WB-1001,SY-334/1,34.31,Community,1,1
PCL-LG-WB-1001-02,LG-WB-1001,SY-169/2,34.31,Private,1,1
PCL-LG-WB-1001-03,LG-WB-1001,SY-690/3,34.31,Community,1,0
PCL-LG-WB-1001-04,LG-WB-1001,SY-613/4,34.31,Government,1,0
PCL-LG-WB-1001-05,LG-WB-1001,SY-470/5,34.31,Government,0,0
PCL-LG-WB-1001-06,LG-WB-1001,SY-143/6,34.31,Community,1,0
PCL-LG-WB-1001-07,LG-WB-1001,SY-243/7,34.31,Community,1,0
PCL-LG-WB-1001-08,LG-WB-1001,SY-826/8,34.31,Government,1,0
PCL-LG-AN-1002-01,LG-AN-1002,SY-669/1,52.32,Community,0,0
PCL-LG-AN-1002-02,LG-AN-1002,SY-498/2,52.32,Forest,1,1
PCL-LG-AN-1002-03,LG-AN-1002,SY-649/3,52.32,Forest,1,1
PCL-LG-AN-1002-04,LG-AN-1002,SY-649/4,52.32,Community,0,0
PCL-LG-AN-1002-05,LG-AN-1002,SY-316/5,52.32,Government,1,0
PCL-LG-CH-1003-01,LG-CH-1003,SY-343/1,44.85,Forest,0,0
PCL-LG-CH-1003-02,LG-CH-1003,SY-370/2,44.85,Community,0,0
PCL-LG-CH-1003-03,LG-CH-1003,SY-713/3,44.85,Forest,0,0
PCL-LG-CH-1003-04,LG-CH-1003,SY-927/4,44.85,Community,1,0
PCL-LG-CH-1003-05,LG-CH-1003,SY-111/5,44.85,Community,1,1
PCL-LG-CH-1003-06,LG-CH-1003,SY-793/6,44.85,Forest,1,1
PCL-LG-DH-1004-01,LG-DH-1004,SY-829/1,196.62,Forest,1,0
PCL-LG-DH-1004-02,LG-DH-1004,SY-692/2,196.62,Community,0,1
PCL-LG-DH-1004-03,LG-DH-1004,SY-816/3,196.62,Government,1,1
PCL-LG-DH-1004-04,LG-DH-1004,SY-916/4,196.62,Forest,1,0
PCL-LG-DH-1004-05,LG-DH-1004,SY-166/5,196.62,Forest,1,0
PCL-LG-DH-1004-06,LG-DH-1004,SY-615/6,196.62,Community,1,0
PCL-LG-DH-1004-07,LG-DH-1004,SY-838/7,196.62,Community,1,0
PCL-LG-DH-1004-08,LG-DH-1004,SY-331/8,196.62,Forest,1,0
PCL-LG-DL-1005-01,LG-DL-1005,SY-961/1,322.38,Forest,0,0
PCL-LG-DL-1005-02,LG-DL-1005,SY-832/2,322.38,Private,0,0
PCL-LG-DL-1005-03,LG-DL-1005,SY-838/3,322.38,Community,0,0
PCL-LG-DL-1005-04,LG-DL-1005,SY-253/4,322.38,Government,1,1
PCL-LG-DL-1005-05,LG-DL-1005,SY-539/5,322.38,Forest,0,1
PCL-LG-DL-1005-06,LG-DL-1005,SY-791/6,322.38,Private,1,0
PCL-LG-JK-1006-01,LG-JK-1006,SY-134/1,354.1,Private,1,0
PCL-LG-JK-1006-02,LG-JK-1006,SY-111/2,354.1,Government,0,0
PCL-LG-JK-1006-03,LG-JK-1006,SY-859/3,354.1,Private,0,0
PCL-LG-JK-1006-04,LG-JK-1006,SY-924/4,354.1,Community,0,1
PCL-LG-LA-1007-01,LG-LA-1007,SY-349/1,331.54,Private,1,0
PCL-LG-LA-1007-02,LG-LA-1007,SY-358/2,331.54,Forest,1,1
PCL-LG-LA-1007-03,LG-LA-1007,SY-486/3,331.54,Private,1,0
PCL-LG-LA-1007-04,LG-LA-1007,SY-628/4,331.54,Private,1,0
PCL-LG-LA-1007-05,LG-LA-1007,SY-609/5,331.54,Forest,1,0
PCL-LG-LA-1007-06,LG-LA-1007,SY-125/6,331.54,Community,1,0
PCL-LG-LA-1007-07,LG-LA-1007,SY-474/7,331.54,Forest,1,1
PCL-LG-LD-1008-01,LG-LD-1008,SY-260/1,203.35,Government,1,0
PCL-LG-LD-1008-02,LG-LD-1008,SY-426/2,203.35,Forest,0,0
PCL-LG-LD-1008-03,LG-LD-1008,SY-287/3,203.35,Government,1,0
PCL-LG-LD-1008-04,LG-LD-1008,SY-198/4,203.35,Forest,1,0
PCL-LG-LD-1008-05,LG-LD-1008,SY-885/5,203.35,Private,1,1
PCL-LG-LD-1008-06,LG-LD-1008,SY-920/6,203.35,Forest,1,0
PCL-LG-LD-1008-07,LG-LD-1008,SY-511/7,203.35,Government,1,0
PCL-LG-LD-1008-08,LG-LD-1008,SY-344/8,203.35,Private,1,0
PCL-LG-PY-1009-01,LG-PY-1009,SY-434/1,110.87,Private,0,0
PCL-LG-PY-1009-02,LG-PY-1009,SY-457/2,110.87,Community,1,1
PCL-LG-PY-1009-03,LG-PY-1009,SY-166/3,110.87,Private,0,0
PCL-LG-PY-1009-04,LG-PY-1009,SY-521/4,110.87,Private,1,0
PCL-LG-PY-1009-05,LG-PY-1009,SY-631/5,110.87,Community,1,0
PCL-LG-PY-1009-06,LG-PY-1009,SY-821/6,110.87,Private,1,0
PCL-LG-PY-1009-07,LG-PY-1009,SY-947/7,110.87,Government,1,1
PCL-LG-AP-1010-01,LG-AP-1010,SY-691/1,335.58,Government,1,0
PCL-LG-AP-1010-02,LG-AP-1010,SY-382/2,335.58,Forest,1,1
PCL-LG-AP-1010-03,LG-AP-1010,SY-551/3,335.58,Community,1,1
PCL-LG-AP-1010-04,LG-AP-1010,SY-690/4,335.58,Government,1,1
PCL-LG-AP-1010-05,LG-AP-1010,SY-291/5,335.58,Forest,1,0
PCL-LG-AP-1010-06,LG-AP-1010,SY-247/6,335.58,Private,1,0
PCL-LG-AR-1011-01,LG-AR-1011,SY-492/1,18.82,Private,1,1
PCL-LG-AR-1011-02,LG-AR-1011,SY-209/2,18.82,Private,1,1
PCL-LG-AR-1011-03,LG-AR-1011,SY-518/3,18.82,Private,1,1
PCL-LG-AR-1011-04,LG-AR-1011,SY-847/4,18.82,Forest,0,0
PCL-LG-AR-1011-05,LG-AR-1011,SY-369/5,18.82,Private,1,0
PCL-LG-AS-1012-01,LG-AS-1012,SY-708/1,27.8,Government,0,0
PCL-LG-AS-1012-02,LG-AS-1012,SY-415/2,27.8,Community,1,1
PCL-LG-AS-1012-03,LG-AS-1012,SY-889/3,27.8,Government,0,1
PCL-LG-BR-1013-01,LG-BR-1013,SY-803/1,336.0,Forest,1,1
PCL-LG-BR-1013-02,LG-BR-1013,SY-568/2,336.0,Forest,0,0
PCL-LG-BR-1013-03,LG-BR-1013,SY-444/3,336.0,Community,0,0
PCL-LG-CG-1014-01,LG-CG-1014,SY-128/1,580.58,Private,1,0
PCL-LG-CG-1014-02,LG-CG-1014,SY-106/2,580.58,Forest,1,1
PCL-LG-CG-1014-03,LG-CG-1014,SY-500/3,580.58,Private,1,0
PCL-LG-CG-1014-04,LG-CG-1014,SY-979/4,580.58,Private,1,1
PCL-LG-GA-1015-01,LG-GA-1015,SY-326/1,166.89,Forest,1,0
PCL-LG-GA-1015-02,LG-GA-1015,SY-504/2,166.89,Forest,0,0
PCL-LG-GA-1015-03,LG-GA-1015,SY-956/3,166.89,Private,1,0
PCL-LG-GA-1015-04,LG-GA-1015,SY-457/4,166.89,Private,1,1
PCL-LG-GA-1015-05,LG-GA-1015,SY-481/5,166.89,Community,0,0
PCL-LG-GA-1015-06,LG-GA-1015,SY-596/6,166.89,Government,0,1
PCL-LG-GA-1015-07,LG-GA-1015,SY-816/7,166.89,Government,1,1
PCL-LG-GA-1015-08,LG-GA-1015,SY-415/8,166.89,Community,1,0
PCL-LG-GJ-1016-01,LG-GJ-1016,SY-255/1,414.43,Private,1,0
PCL-LG-GJ-1016-02,LG-GJ-1016,SY-990/2,414.43,Government,1,1
PCL-LG-GJ-1016-03,LG-GJ-1016,SY-909/3,414.43,Community,1,1
PCL-LG-GJ-1016-04,LG-GJ-1016,SY-227/4,414.43,Private,1,0
PCL-LG-GJ-1016-05,LG-GJ-1016,SY-532/5,414.43,Forest,0,0
PCL-LG-GJ-1016-06,LG-GJ-1016,SY-882/6,414.43,Forest,1,0
PCL-LG-HR-1017-01,LG-HR-1017,SY-767/1,178.44,Government,1,0
PCL-LG-HR-1017-02,LG-HR-1017,SY-203/2,178.44,Private,1,0
PCL-LG-HR-1017-03,LG-HR-1017,SY-547/3,178.44,Community,1,0
PCL-LG-HR-1017-04,LG-HR-1017,SY-596/4,178.44,Community,1,1
PCL-LG-HR-1017-05,LG-HR-1017,SY-665/5,178.44,Private,1,0
PCL-LG-HR-1017-06,LG-HR-1017,SY-107/6,178.44,Government,1,0
PCL-LG-HR-1017-07,LG-HR-1017,SY-478/7,178.44,Government,1,0
PCL-LG-HR-1017-08,LG-HR-1017,SY-646/8,178.44,Private,1,0
PCL-LG-HP-1018-01,LG-HP-1018,SY-322/1,314.83,Government,1,1
PCL-LG-HP-1018-02,LG-HP-1018,SY-553/2,314.83,Forest,1,0
PCL-LG-HP-1018-03,LG-HP-1018,SY-526/3,314.83,Forest,0,1
PCL-LG-HP-1018-04,LG-HP-1018,SY-502/4,314.83,Community,1,1
PCL-LG-HP-1018-05,LG-HP-1018,SY-774/5,314.83,Forest,1,0
PCL-LG-HP-1018-06,LG-HP-1018,SY-150/6,314.83,Forest,1,1
PCL-LG-JH-1019-01,LG-JH-1019,SY-657/1,436.3,Private,1,0
PCL-LG-JH-1019-02,LG-JH-1019,SY-952/2,436.3,Forest,1,0
PCL-LG-JH-1019-03,LG-JH-1019,SY-973/3,436.3,Forest,1,0
PCL-LG-JH-1019-04,LG-JH-1019,SY-801/4,436.3,Forest,0,1
PCL-LG-KA-1020-01,LG-KA-1020,SY-673/1,771.1,Private,0,0
PCL-LG-KA-1020-02,LG-KA-1020,SY-735/2,771.1,Forest,1,0
PCL-LG-KA-1020-03,LG-KA-1020,SY-643/3,771.1,Private,1,1
PCL-LG-KL-1021-01,LG-KL-1021,SY-905/1,162.8,Private,1,0
PCL-LG-KL-1021-02,LG-KL-1021,SY-537/2,162.8,Community,1,1
PCL-LG-KL-1021-03,LG-KL-1021,SY-773/3,162.8,Forest,1,0
PCL-LG-KL-1021-04,LG-KL-1021,SY-565/4,162.8,Private,1,0
PCL-LG-KL-1021-05,LG-KL-1021,SY-988/5,162.8,Community,1,0
PCL-LG-KL-1021-06,LG-KL-1021,SY-963/6,162.8,Government,0,0
PCL-LG-KL-1021-07,LG-KL-1021,SY-538/7,162.8,Forest,1,0
PCL-LG-KL-1021-08,LG-KL-1021,SY-783/8,162.8,Forest,1,1
PCL-LG-MP-1022-01,LG-MP-1022,SY-508/1,286.27,Government,0,0
PCL-LG-MP-1022-02,LG-MP-1022,SY-535/2,286.27,Community,1,1
PCL-LG-MP-1022-03,LG-MP-1022,SY-735/3,286.27,Forest,1,0
PCL-LG-MP-1022-04,LG-MP-1022,SY-778/4,286.27,Government,1,0
PCL-LG-MP-1022-05,LG-MP-1022,SY-892/5,286.27,Government,1,1
PCL-LG-MP-1022-06,LG-MP-1022,SY-204/6,286.27,Community,1,0
PCL-LG-MP-1022-07,LG-MP-1022,SY-490/7,286.27,Community,1,1
PCL-LG-MP-1022-08,LG-MP-1022,SY-966/8,286.27,Forest,1,1
PCL-LG-MH-1023-01,LG-MH-1023,SY-501/1,175.6,Private,1,0
PCL-LG-MH-1023-02,LG-MH-1023,SY-264/2,175.6,Government,0,0
PCL-LG-MH-1023-03,LG-MH-1023,SY-829/3,175.6,Forest,1,1
PCL-LG-MH-1023-04,LG-MH-1023,SY-483/4,175.6,Government,1,0
PCL-LG-MH-1023-05,LG-MH-1023,SY-774/5,175.6,Forest,1,1
PCL-LG-MH-1023-06,LG-MH-1023,SY-304/6,175.6,Private,1,0
PCL-LG-MH-1023-07,LG-MH-1023,SY-541/7,175.6,Private,1,0
PCL-LG-MH-1023-08,LG-MH-1023,SY-104/8,175.6,Government,0,1
PCL-LG-MN-1024-01,LG-MN-1024,SY-586/1,345.98,Government,1,0
PCL-LG-MN-1024-02,LG-MN-1024,SY-567/2,345.98,Government,0,0
PCL-LG-MN-1024-03,LG-MN-1024,SY-866/3,345.98,Government,1,1
PCL-LG-MN-1024-04,LG-MN-1024,SY-925/4,345.98,Private,0,0
PCL-LG-MN-1024-05,LG-MN-1024,SY-177/5,345.98,Community,1,0
PCL-LG-ML-1025-01,LG-ML-1025,SY-634/1,345.8,Forest,1,1
PCL-LG-ML-1025-02,LG-ML-1025,SY-301/2,345.8,Private,1,1
PCL-LG-ML-1025-03,LG-ML-1025,SY-822/3,345.8,Forest,0,0
PCL-LG-ML-1025-04,LG-ML-1025,SY-115/4,345.8,Community,1,0
PCL-LG-ML-1025-05,LG-ML-1025,SY-380/5,345.8,Private,0,0
PCL-LG-MZ-1026-01,LG-MZ-1026,SY-588/1,7.49,Government,0,0
PCL-LG-MZ-1026-02,LG-MZ-1026,SY-863/2,7.49,Community,1,0
PCL-LG-MZ-1026-03,LG-MZ-1026,SY-449/3,7.49,Community,0,1
PCL-LG-MZ-1026-04,LG-MZ-1026,SY-685/4,7.49,Private,0,0
PCL-LG-MZ-1026-05,LG-MZ-1026,SY-618/5,7.49,Government,1,0
PCL-LG-MZ-1026-06,LG-MZ-1026,SY-252/6,7.49,Forest,1,0
PCL-LG-MZ-1026-07,LG-MZ-1026,SY-618/7,7.49,Private,1,0
PCL-LG-NL-1027-01,LG-NL-1027,SY-420/1,301.28,Private,1,0
PCL-LG-NL-1027-02,LG-NL-1027,SY-206/2,301.28,Forest,1,1
PCL-LG-NL-1027-03,LG-NL-1027,SY-542/3,301.28,Government,1,1
PCL-LG-NL-1027-04,LG-NL-1027,SY-357/4,301.28,Private,1,0
PCL-LG-NL-1027-05,LG-NL-1027,SY-965/5,301.28,Private,0,0
PCL-LG-OD-1028-01,LG-OD-1028,SY-783/1,59.09,Community,1,1
PCL-LG-OD-1028-02,LG-OD-1028,SY-220/2,59.09,Forest,1,0
PCL-LG-OD-1028-03,LG-OD-1028,SY-317/3,59.09,Government,0,1
PCL-LG-OD-1028-04,LG-OD-1028,SY-457/4,59.09,Government,1,0
PCL-LG-OD-1028-05,LG-OD-1028,SY-938/5,59.09,Forest,0,1
PCL-LG-OD-1028-06,LG-OD-1028,SY-197/6,59.09,Forest,0,1
PCL-LG-OD-1028-07,LG-OD-1028,SY-211/7,59.09,Community,1,0
PCL-LG-OD-1028-08,LG-OD-1028,SY-459/8,59.09,Community,1,0
PCL-LG-PB-1029-01,LG-PB-1029,SY-535/1,99.08,Forest,1,1
PCL-LG-PB-1029-02,LG-PB-1029,SY-733/2,99.08,Private,1,0
PCL-LG-PB-1029-03,LG-PB-1029,SY-173/3,99.08,Community,1,0
PCL-LG-PB-1029-04,LG-PB-1029,SY-733/4,99.08,Private,0,0
PCL-LG-PB-1029-05,LG-PB-1029,SY-687/5,99.08,Forest,0,1
PCL-LG-PB-1029-06,LG-PB-1029,SY-204/6,99.08,Forest,1,0
PCL-LG-RJ-1030-01,LG-RJ-1030,SY-696/1,483.6,Forest,1,0
PCL-LG-RJ-1030-02,LG-RJ-1030,SY-696/2,483.6,Forest,1,1
PCL-LG-RJ-1030-03,LG-RJ-1030,SY-893/3,483.6,Government,0,0
PCL-LG-RJ-1030-04,LG-RJ-1030,SY-492/4,483.6,Private,0,0
PCL-LG-RJ-1030-05,LG-RJ-1030,SY-709/5,483.6,Community,0,1
PCL-LG-SK-1031-01,LG-SK-1031,SY-965/1,511.17,Private,1,0
PCL-LG-SK-1031-02,LG-SK-1031,SY-632/2,511.17,Private,0,1
PCL-LG-SK-1031-03,LG-SK-1031,SY-418/3,511.17,Government,0,1
PCL-LG-TN-1032-01,LG-TN-1032,SY-300/1,345.65,Private,1,0
PCL-LG-TN-1032-02,LG-TN-1032,SY-117/2,345.65,Forest,0,0
PCL-LG-TN-1032-03,LG-TN-1032,SY-356/3,345.65,Forest,1,0
PCL-LG-TN-1032-04,LG-TN-1032,SY-122/4,345.65,Private,0,1
PCL-LG-TS-1033-01,LG-TS-1033,SY-367/1,183.9,Forest,1,1
PCL-LG-TS-1033-02,LG-TS-1033,SY-724/2,183.9,Private,1,1
PCL-LG-TS-1033-03,LG-TS-1033,SY-590/3,183.9,Government,1,0
PCL-LG-TR-1034-01,LG-TR-1034,SY-281/1,773.7,Community,0,0
PCL-LG-TR-1034-02,LG-TR-1034,SY-831/2,773.7,Government,0,0
PCL-LG-TR-1034-03,LG-TR-1034,SY-270/3,773.7,Government,0,0
PCL-LG-UP-1035-01,LG-UP-1035,SY-727/1,390.15,Forest,1,0
PCL-LG-UP-1035-02,LG-UP-1035,SY-951/2,390.15,Government,1,1
PCL-LG-UP-1035-03,LG-UP-1035,SY-495/3,390.15,Private,1,1
PCL-LG-UP-1035-04,LG-UP-1035,SY-149/4,390.15,Forest,0,0
PCL-LG-UP-1035-05,LG-UP-1035,SY-465/5,390.15,Government,1,0
PCL-LG-UP-1035-06,LG-UP-1035,SY-268/6,390.15,Community,1,0
PCL-LG-UK-1036-01,LG-UK-1036,SY-310/1,303.94,Private,1,0
PCL-LG-UK-1036-02,LG-UK-1036,SY-676/2,303.94,Community,1,0
PCL-LG-UK-1036-03,LG-UK-1036,SY-963/3,303.94,Forest,1,0
PCL-LG-UK-1036-04,LG-UK-1036,SY-793/4,303.94,Forest,0,0
PCL-LG-UK-1036-05,LG-UK-1036,SY-248/5,303.94,Community,1,1
PCL-LG-UK-1036-06,LG-UK-1036,SY-488/6,303.94,Private,1,1
PCL-LG-UK-1036-07,LG-UK-1036,SY-675/7,303.94,Community,1,0
PCL-LG-WB-1037-01,LG-WB-1037,SY-111/1,184.42,Forest,1,0
PCL-LG-WB-1037-02,LG-WB-1037,SY-770/2,184.42,Government,1,0
PCL-LG-WB-1037-03,LG-WB-1037,SY-397/3,184.42,Private,1,1
PCL-LG-WB-1037-04,LG-WB-1037,SY-729/4,184.42,Private,1,0
PCL-LG-WB-1037-05,LG-WB-1037,SY-475/5,184.42,Community,1,1
PCL-LG-AN-1038-01,LG-AN-1038,SY-756/1,513.87,Government,1,0
PCL-LG-AN-1038-02,LG-AN-1038,SY-946/2,513.87,Government,0,0
PCL-LG-AN-1038-03,LG-AN-1038,SY-143/3,513.87,Community,1,1
PCL-LG-CH-1039-01,LG-CH-1039,SY-688/1,125.39,Government,1,0
PCL-LG-CH-1039-02,LG-CH-1039,SY-633/2,125.39,Forest,1,0
PCL-LG-CH-1039-03,LG-CH-1039,SY-971/3,125.39,Community,1,1
PCL-LG-CH-1039-04,LG-CH-1039,SY-761/4,125.39,Forest,1,0
PCL-LG-CH-1039-05,LG-CH-1039,SY-997/5,125.39,Government,1,0
PCL-LG-CH-1039-06,LG-CH-1039,SY-165/6,125.39,Community,1,0
PCL-LG-CH-1039-07,LG-CH-1039,SY-429/7,125.39,Government,1,1
PCL-LG-CH-1039-08,LG-CH-1039,SY-555/8,125.39,Community,1,0
PCL-LG-DH-1040-01,LG-DH-1040,SY-422/1,343.24,Private,1,1
PCL-LG-DH-1040-02,LG-DH-1040,SY-966/2,343.24,Forest,0,0
PCL-LG-DH-1040-03,LG-DH-1040,SY-648/3,343.24,Government,0,0
PCL-LG-DH-1040-04,LG-DH-1040,SY-517/4,343.24,Community,1,0
PCL-LG-DH-1040-05,LG-DH-1040,SY-159/5,343.24,Government,1,1
PCL-LG-DL-1041-01,LG-DL-1041,SY-180/1,725.23,Government,1,1
PCL-LG-DL-1041-02,LG-DL-1041,SY-173/2,725.23,Government,1,1
PCL-LG-DL-1041-03,LG-DL-1041,SY-878/3,725.23,Community,1,0
PCL-LG-JK-1042-01,LG-JK-1042,SY-895/1,280.27,Forest,1,0
PCL-LG-JK-1042-02,LG-JK-1042,SY-408/2,280.27,Forest,1,0
PCL-LG-JK-1042-03,LG-JK-1042,SY-395/3,280.27,Forest,0,0
PCL-LG-JK-1042-04,LG-JK-1042,SY-677/4,280.27,Government,0,1
PCL-LG-JK-1042-05,LG-JK-1042,SY-305/5,280.27,Government,1,0
PCL-LG-JK-1042-06,LG-JK-1042,SY-480/6,280.27,Forest,1,0
PCL-LG-JK-1042-07,LG-JK-1042,SY-738/7,280.27,Government,1,1
PCL-LG-JK-1042-08,LG-JK-1042,SY-354/8,280.27,Forest,1,0
PCL-LG-LA-1043-01,LG-LA-1043,SY-164/1,206.22,Community,1,1
PCL-LG-LA-1043-02,LG-LA-1043,SY-393/2,206.22,Community,0,0
PCL-LG-LA-1043-03,LG-LA-1043,SY-905/3,206.22,Community,1,1
PCL-LG-LA-1043-04,LG-LA-1043,SY-361/4,206.22,Community,1,0
PCL-LG-LA-1043-05,LG-LA-1043,SY-587/5,206.22,Forest,0,0
PCL-LG-LD-1044-01,LG-LD-1044,SY-658/1,578.8,Private,1,0
PCL-LG-LD-1044-02,LG-LD-1044,SY-920/2,578.8,Government,1,0
PCL-LG-LD-1044-03,LG-LD-1044,SY-283/3,578.8,Private,1,0
PCL-LG-PY-1045-01,LG-PY-1045,SY-446/1,249.74,Forest,1,0
PCL-LG-PY-1045-02,LG-PY-1045,SY-198/2,249.74,Community,1,0
PCL-LG-PY-1045-03,LG-PY-1045,SY-295/3,249.74,Government,1,0
PCL-LG-PY-1045-04,LG-PY-1045,SY-201/4,249.74,Forest,1,0
PCL-LG-PY-1045-05,LG-PY-1045,SY-519/5,249.74,Government,1,0
PCL-LG-PY-1045-06,LG-PY-1045,SY-861/6,249.74,Government,1,0
PCL-LG-PY-1045-07,LG-PY-1045,SY-370/7,249.74,Forest,1,0
PCL-LG-AP-1046-01,LG-AP-1046,SY-444/1,749.43,Private,1,0
PCL-LG-AP-1046-02,LG-AP-1046,SY-227/2,749.43,Community,0,1
PCL-LG-AP-1046-03,LG-AP-1046,SY-982/3,749.43,Community,0,1
PCL-LG-AR-1047-01,LG-AR-1047,SY-929/1,229.1,Private,1,1
PCL-LG-AR-1047-02,LG-AR-1047,SY-227/2,229.1,Forest,1,0
PCL-LG-AR-1047-03,LG-AR-1047,SY-282/3,229.1,Community,1,0
PCL-LG-AR-1047-04,LG-AR-1047,SY-300/4,229.1,Government,0,0
PCL-LG-AR-1047-05,LG-AR-1047,SY-445/5,229.1,Forest,1,0
PCL-LG-AR-1047-06,LG-AR-1047,SY-725/6,229.1,Private,1,0
PCL-LG-AR-1047-07,LG-AR-1047,SY-834/7,229.1,Community,1,0
PCL-LG-AS-1048-01,LG-AS-1048,SY-997/1,550.53,Forest,0,0
PCL-LG-AS-1048-02,LG-AS-1048,SY-681/2,550.53,Community,1,0
PCL-LG-AS-1048-03,LG-AS-1048,SY-305/3,550.53,Private,1,0
PCL-LG-BR-1049-01,LG-BR-1049,SY-446/1,96.1,Government,0,1
PCL-LG-BR-1049-02,LG-BR-1049,SY-847/2,96.1,Community,0,1
PCL-LG-BR-1049-03,LG-BR-1049,SY-896/3,96.1,Government,0,0
PCL-LG-BR-1049-04,LG-BR-1049,SY-286/4,96.1,Government,1,0
PCL-LG-BR-1049-05,LG-BR-1049,SY-391/5,96.1,Private,1,0
PCL-LG-CG-1050-01,LG-CG-1050,SY-726/1,121.51,Community,1,1
PCL-LG-CG-1050-02,LG-CG-1050,SY-841/2,121.51,Forest,1,0
PCL-LG-CG-1050-03,LG-CG-1050,SY-812/3,121.51,Community,0,1
PCL-LG-CG-1050-04,LG-CG-1050,SY-501/4,121.51,Government,1,1
PCL-LG-CG-1050-05,LG-CG-1050,SY-761/5,121.51,Private,1,1
PCL-LG-CG-1050-06,LG-CG-1050,SY-937/6,121.51,Community,1,0
PCL-LG-CG-1050-07,LG-CG-1050,SY-220/7,121.51,Government,1,1
PCL-LG-GA-1051-01,LG-GA-1051,SY-712/1,438.33,Private,1,0
PCL-LG-GA-1051-02,LG-GA-1051,SY-396/2,438.33,Private,1,0
PCL-LG-GA-1051-03,LG-GA-1051,SY-215/3,438.33,Community,1,1
PCL-LG-GJ-1052-01,LG-GJ-1052,SY-322/1,145.83,Community,1,0
PCL-LG-GJ-1052-02,LG-GJ-1052,SY-309/2,145.83,Government,1,0
PCL-LG-GJ-1052-03,LG-GJ-1052,SY-135/3,145.83,Government,0,0
PCL-LG-GJ-1052-04,LG-GJ-1052,SY-544/4,145.83,Community,1,1
PCL-LG-GJ-1052-05,LG-GJ-1052,SY-953/5,145.83,Forest,1,0
PCL-LG-GJ-1052-06,LG-GJ-1052,SY-191/6,145.83,Community,1,0
PCL-LG-HR-1053-01,LG-HR-1053,SY-829/1,636.9,Community,1,0
PCL-LG-HR-1053-02,LG-HR-1053,SY-412/2,636.9,Forest,0,0
PCL-LG-HR-1053-03,LG-HR-1053,SY-905/3,636.9,Community,1,1
PCL-LG-HP-1054-01,LG-HP-1054,SY-867/1,436.94,Government,1,0
PCL-LG-HP-1054-02,LG-HP-1054,SY-448/2,436.94,Forest,0,0
PCL-LG-HP-1054-03,LG-HP-1054,SY-167/3,436.94,Private,1,1
PCL-LG-HP-1054-04,LG-HP-1054,SY-156/4,436.94,Government,0,0
PCL-LG-HP-1054-05,LG-HP-1054,SY-687/5,436.94,Community,1,1
PCL-LG-JH-1055-01,LG-JH-1055,SY-658/1,174.46,Forest,0,1
PCL-LG-JH-1055-02,LG-JH-1055,SY-562/2,174.46,Government,1,1
PCL-LG-JH-1055-03,LG-JH-1055,SY-406/3,174.46,Government,1,0
PCL-LG-JH-1055-04,LG-JH-1055,SY-292/4,174.46,Private,1,1
PCL-LG-JH-1055-05,LG-JH-1055,SY-383/5,174.46,Forest,1,1
PCL-LG-JH-1055-06,LG-JH-1055,SY-203/6,174.46,Government,1,1
PCL-LG-JH-1055-07,LG-JH-1055,SY-990/7,174.46,Community,1,0
PCL-LG-JH-1055-08,LG-JH-1055,SY-242/8,174.46,Private,1,1
PCL-LG-KA-1056-01,LG-KA-1056,SY-798/1,627.0,Forest,1,1
PCL-LG-KA-1056-02,LG-KA-1056,SY-688/2,627.0,Private,1,0
PCL-LG-KA-1056-03,LG-KA-1056,SY-917/3,627.0,Forest,1,0
PCL-LG-KL-1057-01,LG-KL-1057,SY-466/1,737.6,Private,1,0
PCL-LG-KL-1057-02,LG-KL-1057,SY-781/2,737.6,Private,1,1
PCL-LG-KL-1057-03,LG-KL-1057,SY-372/3,737.6,Community,1,1
PCL-LG-MP-1058-01,LG-MP-1058,SY-715/1,372.3,Community,1,0
PCL-LG-MP-1058-02,LG-MP-1058,SY-360/2,372.3,Private,1,0
PCL-LG-MP-1058-03,LG-MP-1058,SY-923/3,372.3,Community,1,0
PCL-LG-MP-1058-04,LG-MP-1058,SY-238/4,372.3,Forest,1,1
PCL-LG-MH-1059-01,LG-MH-1059,SY-816/1,59.08,Government,1,0
PCL-LG-MH-1059-02,LG-MH-1059,SY-316/2,59.08,Community,1,0
PCL-LG-MH-1059-03,LG-MH-1059,SY-229/3,59.08,Forest,1,1
PCL-LG-MH-1059-04,LG-MH-1059,SY-185/4,59.08,Community,1,1
PCL-LG-MN-1060-01,LG-MN-1060,SY-383/1,118.17,Government,1,1
PCL-LG-MN-1060-02,LG-MN-1060,SY-342/2,118.17,Community,1,1
PCL-LG-MN-1060-03,LG-MN-1060,SY-290/3,118.17,Community,0,1
PCL-LG-MN-1060-04,LG-MN-1060,SY-976/4,118.17,Government,1,1
PCL-LG-MN-1060-05,LG-MN-1060,SY-200/5,118.17,Private,1,0
PCL-LG-MN-1060-06,LG-MN-1060,SY-414/6,118.17,Community,0,0
PCL-LG-MN-1060-07,LG-MN-1060,SY-365/7,118.17,Government,1,1
PCL-LG-MN-1060-08,LG-MN-1060,SY-923/8,118.17,Community,1,0
PCL-LG-ML-1061-01,LG-ML-1061,SY-722/1,80.2,Community,1,1
PCL-LG-ML-1061-02,LG-ML-1061,SY-545/2,80.2,Government,1,0
PCL-LG-ML-1061-03,LG-ML-1061,SY-950/3,80.2,Forest,1,0
PCL-LG-MZ-1062-01,LG-MZ-1062,SY-449/1,281.48,Government,1,0
PCL-LG-MZ-1062-02,LG-MZ-1062,SY-550/2,281.48,Private,1,1
PCL-LG-MZ-1062-03,LG-MZ-1062,SY-965/3,281.48,Forest,1,0
PCL-LG-MZ-1062-04,LG-MZ-1062,SY-610/4,281.48,Community,1,1
PCL-LG-MZ-1062-05,LG-MZ-1062,SY-498/5,281.48,Private,1,1
PCL-LG-MZ-1062-06,LG-MZ-1062,SY-341/6,281.48,Community,0,0
PCL-LG-NL-1063-01,LG-NL-1063,SY-571/1,8.4,Government,1,0
PCL-LG-NL-1063-02,LG-NL-1063,SY-578/2,8.4,Private,0,0
PCL-LG-NL-1063-03,LG-NL-1063,SY-136/3,8.4,Private,1,0
PCL-LG-NL-1063-04,LG-NL-1063,SY-345/4,8.4,Government,1,0
PCL-LG-NL-1063-05,LG-NL-1063,SY-304/5,8.4,Government,1,0
PCL-LG-NL-1063-06,LG-NL-1063,SY-689/6,8.4,Community,1,0
PCL-LG-NL-1063-07,LG-NL-1063,SY-881/7,8.4,Forest,1,0
PCL-LG-OD-1064-01,LG-OD-1064,SY-171/1,167.68,Private,1,0
PCL-LG-OD-1064-02,LG-OD-1064,SY-709/2,167.68,Community,1,1
PCL-LG-OD-1064-03,LG-OD-1064,SY-397/3,167.68,Forest,1,0
PCL-LG-OD-1064-04,LG-OD-1064,SY-522/4,167.68,Community,1,0
PCL-LG-PB-1065-01,LG-PB-1065,SY-409/1,161.94,Government,1,1
PCL-LG-PB-1065-02,LG-PB-1065,SY-953/2,161.94,Private,1,1
PCL-LG-PB-1065-03,LG-PB-1065,SY-768/3,161.94,Forest,1,0
PCL-LG-PB-1065-04,LG-PB-1065,SY-177/4,161.94,Forest,0,1
PCL-LG-PB-1065-05,LG-PB-1065,SY-450/5,161.94,Government,0,0
PCL-LG-RJ-1066-01,LG-RJ-1066,SY-190/1,291.62,Government,0,0
PCL-LG-RJ-1066-02,LG-RJ-1066,SY-528/2,291.62,Government,1,0
PCL-LG-RJ-1066-03,LG-RJ-1066,SY-864/3,291.62,Forest,1,0
PCL-LG-RJ-1066-04,LG-RJ-1066,SY-288/4,291.62,Government,1,0
PCL-LG-RJ-1066-05,LG-RJ-1066,SY-432/5,291.62,Government,1,1
PCL-LG-RJ-1066-06,LG-RJ-1066,SY-775/6,291.62,Forest,1,1
PCL-LG-SK-1067-01,LG-SK-1067,SY-557/1,212.8,Government,1,1
PCL-LG-SK-1067-02,LG-SK-1067,SY-969/2,212.8,Community,1,0
PCL-LG-SK-1067-03,LG-SK-1067,SY-567/3,212.8,Forest,1,1
PCL-LG-SK-1067-04,LG-SK-1067,SY-326/4,212.8,Forest,1,0
PCL-LG-SK-1067-05,LG-SK-1067,SY-785/5,212.8,Community,1,1
PCL-LG-SK-1067-06,LG-SK-1067,SY-496/6,212.8,Forest,1,0
PCL-LG-SK-1067-07,LG-SK-1067,SY-395/7,212.8,Private,1,0
PCL-LG-TN-1068-01,LG-TN-1068,SY-905/1,59.35,Private,1,0
PCL-LG-TN-1068-02,LG-TN-1068,SY-141/2,59.35,Government,1,0
PCL-LG-TN-1068-03,LG-TN-1068,SY-571/3,59.35,Government,1,0
PCL-LG-TN-1068-04,LG-TN-1068,SY-442/4,59.35,Private,1,0
PCL-LG-TN-1068-05,LG-TN-1068,SY-301/5,59.35,Government,0,1
PCL-LG-TN-1068-06,LG-TN-1068,SY-121/6,59.35,Government,1,1
PCL-LG-TN-1068-07,LG-TN-1068,SY-217/7,59.35,Forest,1,0
PCL-LG-TN-1068-08,LG-TN-1068,SY-791/8,59.35,Forest,1,0
PCL-LG-TS-1069-01,LG-TS-1069,SY-743/1,242.24,Community,1,0
PCL-LG-TS-1069-02,LG-TS-1069,SY-404/2,242.24,Government,0,0
PCL-LG-TS-1069-03,LG-TS-1069,SY-847/3,242.24,Private,1,0
PCL-LG-TS-1069-04,LG-TS-1069,SY-367/4,242.24,Forest,1,0
PCL-LG-TS-1069-05,LG-TS-1069,SY-496/5,242.24,Community,0,1
PCL-LG-TS-1069-06,LG-TS-1069,SY-763/6,242.24,Community,0,0
PCL-LG-TS-1069-07,LG-TS-1069,SY-774/7,242.24,Forest,0,0
PCL-LG-TR-1070-01,LG-TR-1070,SY-976/1,53.01,Government,0,1
PCL-LG-TR-1070-02,LG-TR-1070,SY-626/2,53.01,Community,1,0
PCL-LG-TR-1070-03,LG-TR-1070,SY-906/3,53.01,Private,1,0
PCL-LG-TR-1070-04,LG-TR-1070,SY-325/4,53.01,Government,0,1
PCL-LG-TR-1070-05,LG-TR-1070,SY-893/5,53.01,Government,1,0
PCL-LG-TR-1070-06,LG-TR-1070,SY-101/6,53.01,Government,0,1
PCL-LG-TR-1070-07,LG-TR-1070,SY-981/7,53.01,Community,1,1
PCL-LG-TR-1070-08,LG-TR-1070,SY-680/8,53.01,Community,1,0
PCL-LG-UP-1071-01,LG-UP-1071,SY-389/1,131.69,Private,1,0
PCL-LG-UP-1071-02,LG-UP-1071,SY-415/2,131.69,Community,1,0
PCL-LG-UP-1071-03,LG-UP-1071,SY-226/3,131.69,Community,1,0
PCL-LG-UP-1071-04,LG-UP-1071,SY-657/4,131.69,Forest,1,1
PCL-LG-UP-1071-05,LG-UP-1071,SY-253/5,131.69,Community,1,0
PCL-LG-UP-1071-06,LG-UP-1071,SY-627/6,131.69,Government,1,1
PCL-LG-UP-1071-07,LG-UP-1071,SY-569/7,131.69,Forest,0,0
PCL-LG-UK-1072-01,LG-UK-1072,SY-897/1,251.22,Private,1,1
PCL-LG-UK-1072-02,LG-UK-1072,SY-489/2,251.22,Community,1,1
PCL-LG-UK-1072-03,LG-UK-1072,SY-477/3,251.22,Government,1,0
PCL-LG-UK-1072-04,LG-UK-1072,SY-849/4,251.22,Forest,0,1
PCL-LG-UK-1072-05,LG-UK-1072,SY-713/5,251.22,Private,1,0
PCL-LG-WB-1073-01,LG-WB-1073,SY-682/1,143.57,Private,1,0
PCL-LG-WB-1073-02,LG-WB-1073,SY-933/2,143.57,Government,1,1
PCL-LG-WB-1073-03,LG-WB-1073,SY-866/3,143.57,Community,1,0
PCL-LG-WB-1073-04,LG-WB-1073,SY-288/4,143.57,Private,1,0
PCL-LG-WB-1073-05,LG-WB-1073,SY-317/5,143.57,Private,1,0
PCL-LG-WB-1073-06,LG-WB-1073,SY-994/6,143.57,Forest,1,1
PCL-LG-AN-1074-01,LG-AN-1074,SY-810/1,50.7,Government,1,0
PCL-LG-AN-1074-02,LG-AN-1074,SY-575/2,50.7,Government,1,0
PCL-LG-AN-1074-03,LG-AN-1074,SY-146/3,50.7,Government,1,0
PCL-LG-CH-1075-01,LG-CH-1075,SY-666/1,219.79,Government,1,0
PCL-LG-CH-1075-02,LG-CH-1075,SY-690/2,219.79,Forest,1,0
PCL-LG-CH-1075-03,LG-CH-1075,SY-815/3,219.79,Private,1,1
PCL-LG-CH-1075-04,LG-CH-1075,SY-882/4,219.79,Community,0,0
PCL-LG-CH-1075-05,LG-CH-1075,SY-654/5,219.79,Community,1,0
PCL-LG-CH-1075-06,LG-CH-1075,SY-664/6,219.79,Community,0,0
PCL-LG-CH-1075-07,LG-CH-1075,SY-646/7,219.79,Government,1,0
PCL-LG-CH-1075-08,LG-CH-1075,SY-107/8,219.79,Forest,1,0
PCL-LG-DH-1076-01,LG-DH-1076,SY-888/1,185.27,Community,0,0
PCL-LG-DH-1076-02,LG-DH-1076,SY-206/2,185.27,Forest,1,1
PCL-LG-DH-1076-03,LG-DH-1076,SY-366/3,185.27,Community,1,0
PCL-LG-DH-1076-04,LG-DH-1076,SY-377/4,185.27,Government,1,0
PCL-LG-DH-1076-05,LG-DH-1076,SY-258/5,185.27,Private,0,1
PCL-LG-DH-1076-06,LG-DH-1076,SY-166/6,185.27,Forest,1,1
PCL-LG-DH-1076-07,LG-DH-1076,SY-729/7,185.27,Private,0,0
PCL-LG-DL-1077-01,LG-DL-1077,SY-277/1,403.97,Private,1,0
PCL-LG-DL-1077-02,LG-DL-1077,SY-110/2,403.97,Private,1,0
PCL-LG-DL-1077-03,LG-DL-1077,SY-762/3,403.97,Government,1,0
PCL-LG-JK-1078-01,LG-JK-1078,SY-693/1,602.13,Private,1,1
PCL-LG-JK-1078-02,LG-JK-1078,SY-748/2,602.13,Community,0,0
PCL-LG-JK-1078-03,LG-JK-1078,SY-299/3,602.13,Private,1,0
PCL-LG-LA-1079-01,LG-LA-1079,SY-871/1,405.87,Forest,1,0
PCL-LG-LA-1079-02,LG-LA-1079,SY-988/2,405.87,Forest,1,0
PCL-LG-LA-1079-03,LG-LA-1079,SY-967/3,405.87,Government,0,0
PCL-LG-LA-1079-04,LG-LA-1079,SY-945/4,405.87,Government,1,0
PCL-LG-LA-1079-05,LG-LA-1079,SY-823/5,405.87,Forest,1,0
PCL-LG-LA-1079-06,LG-LA-1079,SY-915/6,405.87,Community,1,1
PCL-LG-LD-1080-01,LG-LD-1080,SY-706/1,404.72,Government,0,0
PCL-LG-LD-1080-02,LG-LD-1080,SY-379/2,404.72,Private,1,0
PCL-LG-LD-1080-03,LG-LD-1080,SY-770/3,404.72,Community,1,0
PCL-LG-LD-1080-04,LG-LD-1080,SY-346/4,404.72,Private,1,0
PCL-LG-LD-1080-05,LG-LD-1080,SY-114/5,404.72,Forest,0,1
PCL-LG-LD-1080-06,LG-LD-1080,SY-780/6,404.72,Forest,1,0
PCL-LG-PY-1081-01,LG-PY-1081,SY-587/1,585.4,Community,1,0
PCL-LG-PY-1081-02,LG-PY-1081,SY-524/2,585.4,Forest,1,0
PCL-LG-PY-1081-03,LG-PY-1081,SY-835/3,585.4,Forest,1,0
PCL-LG-PY-1081-04,LG-PY-1081,SY-998/4,585.4,Government,1,0
PCL-LG-AP-1082-01,LG-AP-1082,SY-339/1,133.0,Forest,0,1
PCL-LG-AP-1082-02,LG-AP-1082,SY-175/2,133.0,Private,0,0
PCL-LG-AP-1082-03,LG-AP-1082,SY-906/3,133.0,Forest,0,0
PCL-LG-AP-1082-04,LG-AP-1082,SY-942/4,133.0,Forest,0,0
PCL-LG-AP-1082-05,LG-AP-1082,SY-942/5,133.0,Government,1,1
PCL-LG-AP-1082-06,LG-AP-1082,SY-734/6,133.0,Private,1,0
PCL-LG-AR-1083-01,LG-AR-1083,SY-952/1,242.03,Private,1,1
PCL-LG-AR-1083-02,LG-AR-1083,SY-890/2,242.03,Forest,1,0
PCL-LG-AR-1083-03,LG-AR-1083,SY-664/3,242.03,Forest,1,0
PCL-LG-AR-1083-04,LG-AR-1083,SY-946/4,242.03,Private,1,0
PCL-LG-AS-1084-01,LG-AS-1084,SY-146/1,52.07,Government,1,1
PCL-LG-AS-1084-02,LG-AS-1084,SY-479/2,52.07,Government,1,1
PCL-LG-AS-1084-03,LG-AS-1084,SY-904/3,52.07,Community,1,1
PCL-LG-AS-1084-04,LG-AS-1084,SY-706/4,52.07,Private,1,0
PCL-LG-AS-1084-05,LG-AS-1084,SY-149/5,52.07,Private,1,1
PCL-LG-AS-1084-06,LG-AS-1084,SY-348/6,52.07,Forest,0,0
PCL-LG-BR-1085-01,LG-BR-1085,SY-508/1,763.27,Community,0,0
PCL-LG-BR-1085-02,LG-BR-1085,SY-150/2,763.27,Government,0,0
PCL-LG-BR-1085-03,LG-BR-1085,SY-506/3,763.27,Government,0,1
PCL-LG-CG-1086-01,LG-CG-1086,SY-668/1,35.64,Forest,0,1
PCL-LG-CG-1086-02,LG-CG-1086,SY-889/2,35.64,Community,1,1
PCL-LG-CG-1086-03,LG-CG-1086,SY-178/3,35.64,Government,1,0
PCL-LG-CG-1086-04,LG-CG-1086,SY-610/4,35.64,Community,1,0
PCL-LG-CG-1086-05,LG-CG-1086,SY-190/5,35.64,Private,1,0
PCL-LG-CG-1086-06,LG-CG-1086,SY-338/6,35.64,Private,1,0
PCL-LG-CG-1086-07,LG-CG-1086,SY-629/7,35.64,Government,1,0
PCL-LG-CG-1086-08,LG-CG-1086,SY-216/8,35.64,Private,1,1
PCL-LG-GA-1087-01,LG-GA-1087,SY-418/1,456.73,Private,1,1
PCL-LG-GA-1087-02,LG-GA-1087,SY-339/2,456.73,Private,1,0
PCL-LG-GA-1087-03,LG-GA-1087,SY-416/3,456.73,Community,0,1
PCL-LG-GA-1087-04,LG-GA-1087,SY-741/4,456.73,Forest,1,0
PCL-LG-GJ-1088-01,LG-GJ-1088,SY-522/1,80.81,Government,1,1
PCL-LG-GJ-1088-02,LG-GJ-1088,SY-956/2,80.81,Private,1,0
PCL-LG-GJ-1088-03,LG-GJ-1088,SY-704/3,80.81,Community,0,1
PCL-LG-GJ-1088-04,LG-GJ-1088,SY-837/4,80.81,Government,1,0
PCL-LG-GJ-1088-05,LG-GJ-1088,SY-468/5,80.81,Private,1,0
PCL-LG-GJ-1088-06,LG-GJ-1088,SY-206/6,80.81,Forest,1,1
PCL-LG-GJ-1088-07,LG-GJ-1088,SY-188/7,80.81,Government,1,0
PCL-LG-HR-1089-01,LG-HR-1089,SY-553/1,224.57,Community,0,0
PCL-LG-HR-1089-02,LG-HR-1089,SY-588/2,224.57,Private,0,1
PCL-LG-HR-1089-03,LG-HR-1089,SY-208/3,224.57,Community,0,1
PCL-LG-HP-1090-01,LG-HP-1090,SY-374/1,234.97,Community,1,1
PCL-LG-HP-1090-02,LG-HP-1090,SY-651/2,234.97,Government,1,1
PCL-LG-HP-1090-03,LG-HP-1090,SY-634/3,234.97,Community,1,1
PCL-LG-HP-1090-04,LG-HP-1090,SY-416/4,234.97,Private,1,1
PCL-LG-HP-1090-05,LG-HP-1090,SY-498/5,234.97,Community,1,0
PCL-LG-HP-1090-06,LG-HP-1090,SY-899/6,234.97,Forest,1,0
PCL-LG-HP-1090-07,LG-HP-1090,SY-157/7,234.97,Forest,1,0
PCL-LG-HP-1090-08,LG-HP-1090,SY-245/8,234.97,Forest,0,0
PCL-LG-JH-1091-01,LG-JH-1091,SY-184/1,168.38,Government,0,0
PCL-LG-JH-1091-02,LG-JH-1091,SY-765/2,168.38,Community,1,0
PCL-LG-JH-1091-03,LG-JH-1091,SY-824/3,168.38,Private,0,0
PCL-LG-JH-1091-04,LG-JH-1091,SY-776/4,168.38,Forest,1,0
PCL-LG-KA-1092-01,LG-KA-1092,SY-853/1,196.22,Government,1,0
PCL-LG-KA-1092-02,LG-KA-1092,SY-739/2,196.22,Private,1,0
PCL-LG-KA-1092-03,LG-KA-1092,SY-157/3,196.22,Community,0,1
PCL-LG-KA-1092-04,LG-KA-1092,SY-484/4,196.22,Government,0,0
PCL-LG-KA-1092-05,LG-KA-1092,SY-202/5,196.22,Forest,1,0
PCL-LG-KA-1092-06,LG-KA-1092,SY-625/6,196.22,Forest,1,0
PCL-LG-KL-1093-01,LG-KL-1093,SY-140/1,190.12,Forest,0,0
PCL-LG-KL-1093-02,LG-KL-1093,SY-946/2,190.12,Government,0,0
PCL-LG-KL-1093-03,LG-KL-1093,SY-497/3,190.12,Forest,0,1
PCL-LG-KL-1093-04,LG-KL-1093,SY-384/4,190.12,Private,0,0
PCL-LG-KL-1093-05,LG-KL-1093,SY-504/5,190.12,Community,0,0
PCL-LG-KL-1093-06,LG-KL-1093,SY-197/6,190.12,Forest,0,0
PCL-LG-MP-1094-01,LG-MP-1094,SY-941/1,516.53,Private,1,0
PCL-LG-MP-1094-02,LG-MP-1094,SY-606/2,516.53,Private,1,1
PCL-LG-MP-1094-03,LG-MP-1094,SY-805/3,516.53,Private,1,1
PCL-LG-MH-1095-01,LG-MH-1095,SY-886/1,327.1,Government,1,1
PCL-LG-MH-1095-02,LG-MH-1095,SY-532/2,327.1,Community,1,0
PCL-LG-MH-1095-03,LG-MH-1095,SY-286/3,327.1,Forest,1,0
PCL-LG-MH-1095-04,LG-MH-1095,SY-453/4,327.1,Community,0,0
PCL-LG-MH-1095-05,LG-MH-1095,SY-457/5,327.1,Private,1,0
PCL-LG-MH-1095-06,LG-MH-1095,SY-455/6,327.1,Forest,1,1
PCL-LG-MH-1095-07,LG-MH-1095,SY-527/7,327.1,Private,0,1
PCL-LG-MN-1096-01,LG-MN-1096,SY-807/1,33.34,Government,1,0
PCL-LG-MN-1096-02,LG-MN-1096,SY-309/2,33.34,Forest,1,0
PCL-LG-MN-1096-03,LG-MN-1096,SY-706/3,33.34,Community,1,0
PCL-LG-MN-1096-04,LG-MN-1096,SY-233/4,33.34,Private,1,0
PCL-LG-MN-1096-05,LG-MN-1096,SY-829/5,33.34,Government,1,1
PCL-LG-MN-1096-06,LG-MN-1096,SY-657/6,33.34,Government,1,1
PCL-LG-MN-1096-07,LG-MN-1096,SY-114/7,33.34,Forest,1,0
PCL-LG-MN-1096-08,LG-MN-1096,SY-353/8,33.34,Community,0,0
PCL-LG-ML-1097-01,LG-ML-1097,SY-416/1,344.46,Private,1,0
PCL-LG-ML-1097-02,LG-ML-1097,SY-143/2,344.46,Forest,0,0
PCL-LG-ML-1097-03,LG-ML-1097,SY-853/3,344.46,Private,1,0
PCL-LG-ML-1097-04,LG-ML-1097,SY-560/4,344.46,Community,1,1
PCL-LG-ML-1097-05,LG-ML-1097,SY-857/5,344.46,Private,1,1
PCL-LG-ML-1097-06,LG-ML-1097,SY-157/6,344.46,Government,0,1
PCL-LG-ML-1097-07,LG-ML-1097,SY-716/7,344.46,Private,1,0
PCL-LG-MZ-1098-01,LG-MZ-1098,SY-504/1,284.8,Private,1,1
PCL-LG-MZ-1098-02,LG-MZ-1098,SY-883/2,284.8,Government,0,0
PCL-LG-MZ-1098-03,LG-MZ-1098,SY-643/3,284.8,Government,0,0
PCL-LG-MZ-1098-04,LG-MZ-1098,SY-518/4,284.8,Community,1,0
PCL-LG-NL-1099-01,LG-NL-1099,SY-298/1,58.0,Community,0,1
PCL-LG-NL-1099-02,LG-NL-1099,SY-586/2,58.0,Private,0,1
PCL-LG-NL-1099-03,LG-NL-1099,SY-568/3,58.0,Forest,1,1
PCL-LG-NL-1099-04,LG-NL-1099,SY-520/4,58.0,Forest,1,1
PCL-LG-NL-1099-05,LG-NL-1099,SY-493/5,58.0,Private,1,0
PCL-LG-NL-1099-06,LG-NL-1099,SY-824/6,58.0,Community,1,1
PCL-LG-NL-1099-07,LG-NL-1099,SY-751/7,58.0,Forest,1,1
PCL-LG-NL-1099-08,LG-NL-1099,SY-241/8,58.0,Forest,1,0
PCL-LG-OD-1100-01,LG-OD-1100,SY-870/1,289.7,Community,1,0
PCL-LG-OD-1100-02,LG-OD-1100,SY-139/2,289.7,Community,1,0
PCL-LG-OD-1100-03,LG-OD-1100,SY-141/3,289.7,Forest,0,0
PCL-LG-OD-1100-04,LG-OD-1100,SY-371/4,289.7,Forest,1,1
PCL-LG-OD-1100-05,LG-OD-1100,SY-860/5,289.7,Community,0,1
PCL-LG-OD-1100-06,LG-OD-1100,SY-705/6,289.7,Forest,1,0
PCL-LG-PB-1101-01,LG-PB-1101,SY-687/1,169.72,Private,1,1
PCL-LG-PB-1101-02,LG-PB-1101,SY-572/2,169.72,Private,0,0
PCL-LG-PB-1101-03,LG-PB-1101,SY-958/3,169.72,Private,1,0
PCL-LG-PB-1101-04,LG-PB-1101,SY-122/4,169.72,Private,1,0
PCL-LG-RJ-1102-01,LG-RJ-1102,SY-935/1,246.09,Forest,1,1
PCL-LG-RJ-1102-02,LG-RJ-1102,SY-865/2,246.09,Government,1,0
PCL-LG-RJ-1102-03,LG-RJ-1102,SY-117/3,246.09,Forest,0,0
PCL-LG-RJ-1102-04,LG-RJ-1102,SY-419/4,246.09,Community,0,1
PCL-LG-RJ-1102-05,LG-RJ-1102,SY-845/5,246.09,Government,1,0
PCL-LG-RJ-1102-06,LG-RJ-1102,SY-870/6,246.09,Government,1,0
PCL-LG-RJ-1102-07,LG-RJ-1102,SY-779/7,246.09,Government,0,0
PCL-LG-SK-1103-01,LG-SK-1103,SY-148/1,258.43,Private,1,0
PCL-LG-SK-1103-02,LG-SK-1103,SY-426/2,258.43,Forest,1,0
PCL-LG-SK-1103-03,LG-SK-1103,SY-771/3,258.43,Forest,1,0
PCL-LG-SK-1103-04,LG-SK-1103,SY-955/4,258.43,Private,1,1
PCL-LG-TN-1104-01,LG-TN-1104,SY-403/1,127.26,Community,0,0
PCL-LG-TN-1104-02,LG-TN-1104,SY-598/2,127.26,Community,1,0
PCL-LG-TN-1104-03,LG-TN-1104,SY-900/3,127.26,Community,1,1
PCL-LG-TN-1104-04,LG-TN-1104,SY-735/4,127.26,Private,1,0
PCL-LG-TN-1104-05,LG-TN-1104,SY-556/5,127.26,Community,1,0
PCL-LG-TS-1105-01,LG-TS-1105,SY-711/1,777.57,Forest,1,0
PCL-LG-TS-1105-02,LG-TS-1105,SY-870/2,777.57,Private,1,1
PCL-LG-TS-1105-03,LG-TS-1105,SY-960/3,777.57,Forest,0,1
PCL-LG-TR-1106-01,LG-TR-1106,SY-426/1,478.48,Community,0,0
PCL-LG-TR-1106-02,LG-TR-1106,SY-170/2,478.48,Private,1,0
PCL-LG-TR-1106-03,LG-TR-1106,SY-639/3,478.48,Private,1,0
PCL-LG-TR-1106-04,LG-TR-1106,SY-876/4,478.48,Forest,1,0
PCL-LG-UP-1107-01,LG-UP-1107,SY-923/1,201.07,Private,1,0
PCL-LG-UP-1107-02,LG-UP-1107,SY-380/2,201.07,Private,1,0
PCL-LG-UP-1107-03,LG-UP-1107,SY-971/3,201.07,Community,1,0
PCL-LG-UK-1108-01,LG-UK-1108,SY-844/1,19.58,Community,1,0
PCL-LG-UK-1108-02,LG-UK-1108,SY-481/2,19.58,Community,1,0
PCL-LG-UK-1108-03,LG-UK-1108,SY-122/3,19.58,Government,1,0
PCL-LG-UK-1108-04,LG-UK-1108,SY-426/4,19.58,Government,1,1
PCL-LG-UK-1108-05,LG-UK-1108,SY-817/5,19.58,Private,1,0
PCL-LG-WB-1109-01,LG-WB-1109,SY-129/1,147.75,Private,1,1
PCL-LG-WB-1109-02,LG-WB-1109,SY-589/2,147.75,Community,1,1
PCL-LG-WB-1109-03,LG-WB-1109,SY-567/3,147.75,Government,1,1
PCL-LG-WB-1109-04,LG-WB-1109,SY-953/4,147.75,Government,1,1
PCL-LG-WB-1109-05,LG-WB-1109,SY-385/5,147.75,Government,1,0
PCL-LG-WB-1109-06,LG-WB-1109,SY-763/6,147.75,Community,0,0
PCL-LG-AN-1110-01,LG-AN-1110,SY-603/1,35.97,Community,1,0
PCL-LG-AN-1110-02,LG-AN-1110,SY-497/2,35.97,Forest,1,0
PCL-LG-AN-1110-03,LG-AN-1110,SY-383/3,35.97,Private,1,1
PCL-LG-AN-1110-04,LG-AN-1110,SY-389/4,35.97,Government,0,1
PCL-LG-AN-1110-05,LG-AN-1110,SY-675/5,35.97,Private,0,0
PCL-LG-AN-1110-06,LG-AN-1110,SY-467/6,35.97,Community,1,0
PCL-LG-CH-1111-01,LG-CH-1111,SY-642/1,473.72,Forest,0,1
PCL-LG-CH-1111-02,LG-CH-1111,SY-480/2,473.72,Community,1,0
PCL-LG-CH-1111-03,LG-CH-1111,SY-189/3,473.72,Government,1,0
PCL-LG-CH-1111-04,LG-CH-1111,SY-559/4,473.72,Government,1,0
PCL-LG-CH-1111-05,LG-CH-1111,SY-651/5,473.72,Government,1,0
PCL-LG-DH-1112-01,LG-DH-1112,SY-454/1,239.45,Government,1,1
PCL-LG-DH-1112-02,LG-DH-1112,SY-633/2,239.45,Community,1,0
PCL-LG-DH-1112-03,LG-DH-1112,SY-210/3,239.45,Private,0,0
PCL-LG-DH-1112-04,LG-DH-1112,SY-643/4,239.45,Community,1,0
PCL-LG-DH-1112-05,LG-DH-1112,SY-742/5,239.45,Private,1,0
PCL-LG-DH-1112-06,LG-DH-1112,SY-673/6,239.45,Community,0,0
PCL-LG-DL-1113-01,LG-DL-1113,SY-555/1,150.76,Community,1,1
PCL-LG-DL-1113-02,LG-DL-1113,SY-556/2,150.76,Private,1,0
PCL-LG-DL-1113-03,LG-DL-1113,SY-168/3,150.76,Community,1,0
PCL-LG-DL-1113-04,LG-DL-1113,SY-598/4,150.76,Community,1,0
PCL-LG-DL-1113-05,LG-DL-1113,SY-783/5,150.76,Community,0,1
PCL-LG-JK-1114-01,LG-JK-1114,SY-901/1,172.96,Forest,1,0
PCL-LG-JK-1114-02,LG-JK-1114,SY-438/2,172.96,Private,1,0
PCL-LG-JK-1114-03,LG-JK-1114,SY-647/3,172.96,Forest,0,0
PCL-LG-JK-1114-04,LG-JK-1114,SY-247/4,172.96,Private,0,0
PCL-LG-JK-1114-05,LG-JK-1114,SY-368/5,172.96,Community,1,0
PCL-LG-JK-1114-06,LG-JK-1114,SY-644/6,172.96,Community,1,0
PCL-LG-JK-1114-07,LG-JK-1114,SY-454/7,172.96,Government,1,0
PCL-LG-JK-1114-08,LG-JK-1114,SY-165/8,172.96,Forest,1,1
PCL-LG-LA-1115-01,LG-LA-1115,SY-829/1,136.82,Government,0,1
PCL-LG-LA-1115-02,LG-LA-1115,SY-148/2,136.82,Community,0,0
PCL-LG-LA-1115-03,LG-LA-1115,SY-906/3,136.82,Private,1,0
PCL-LG-LA-1115-04,LG-LA-1115,SY-958/4,136.82,Community,1,0
PCL-LG-LD-1116-01,LG-LD-1116,SY-114/1,146.55,Forest,1,1
PCL-LG-LD-1116-02,LG-LD-1116,SY-524/2,146.55,Community,1,0
PCL-LG-LD-1116-03,LG-LD-1116,SY-934/3,146.55,Forest,1,1
PCL-LG-LD-1116-04,LG-LD-1116,SY-987/4,146.55,Government,1,0
PCL-LG-LD-1116-05,LG-LD-1116,SY-415/5,146.55,Private,1,0
PCL-LG-LD-1116-06,LG-LD-1116,SY-495/6,146.55,Forest,1,0
PCL-LG-PY-1117-01,LG-PY-1117,SY-773/1,205.39,Forest,0,1
PCL-LG-PY-1117-02,LG-PY-1117,SY-563/2,205.39,Government,1,0
PCL-LG-PY-1117-03,LG-PY-1117,SY-488/3,205.39,Government,1,0
PCL-LG-PY-1117-04,LG-PY-1117,SY-935/4,205.39,Government,1,0
PCL-LG-PY-1117-05,LG-PY-1117,SY-833/5,205.39,Private,1,0
PCL-LG-PY-1117-06,LG-PY-1117,SY-768/6,205.39,Private,1,0
PCL-LG-PY-1117-07,LG-PY-1117,SY-246/7,205.39,Private,1,1
PCL-LG-PY-1117-08,LG-PY-1117,SY-631/8,205.39,Private,1,1
PCL-LG-AP-1118-01,LG-AP-1118,SY-360/1,146.4,Community,1,0
PCL-LG-AP-1118-02,LG-AP-1118,SY-468/2,146.4,Community,0,0
PCL-LG-AP-1118-03,LG-AP-1118,SY-397/3,146.4,Government,1,1
PCL-LG-AP-1118-04,LG-AP-1118,SY-284/4,146.4,Government,1,0
PCL-LG-AP-1118-05,LG-AP-1118,SY-230/5,146.4,Private,1,0
PCL-LG-AP-1118-06,LG-AP-1118,SY-499/6,146.4,Forest,1,0
PCL-LG-AP-1118-07,LG-AP-1118,SY-701/7,146.4,Private,1,0
PCL-LG-AR-1119-01,LG-AR-1119,SY-628/1,16.84,Community,1,0
PCL-LG-AR-1119-02,LG-AR-1119,SY-691/2,16.84,Community,1,1
PCL-LG-AR-1119-03,LG-AR-1119,SY-379/3,16.84,Forest,0,0
PCL-LG-AR-1119-04,LG-AR-1119,SY-585/4,16.84,Private,1,0
PCL-LG-AR-1119-05,LG-AR-1119,SY-154/5,16.84,Government,1,0
PCL-LG-AR-1119-06,LG-AR-1119,SY-501/6,16.84,Forest,1,1
PCL-LG-AR-1119-07,LG-AR-1119,SY-654/7,16.84,Private,1,0
PCL-LG-AS-1120-01,LG-AS-1120,SY-932/1,381.75,Private,1,0
PCL-LG-AS-1120-02,LG-AS-1120,SY-637/2,381.75,Government,1,0
PCL-LG-AS-1120-03,LG-AS-1120,SY-250/3,381.75,Community,1,0
PCL-LG-AS-1120-04,LG-AS-1120,SY-837/4,381.75,Forest,0,0
PCL-LG-AS-1120-05,LG-AS-1120,SY-374/5,381.75,Forest,1,0
PCL-LG-AS-1120-06,LG-AS-1120,SY-348/6,381.75,Private,1,1
PCL-LG-BR-1121-01,LG-BR-1121,SY-800/1,69.39,Forest,1,1
PCL-LG-BR-1121-02,LG-BR-1121,SY-143/2,69.39,Government,0,0
PCL-LG-BR-1121-03,LG-BR-1121,SY-699/3,69.39,Government,1,1
PCL-LG-BR-1121-04,LG-BR-1121,SY-628/4,69.39,Private,1,0
PCL-LG-BR-1121-05,LG-BR-1121,SY-241/5,69.39,Private,1,0
PCL-LG-BR-1121-06,LG-BR-1121,SY-449/6,69.39,Private,1,1
PCL-LG-BR-1121-07,LG-BR-1121,SY-801/7,69.39,Forest,1,0
PCL-LG-CG-1122-01,LG-CG-1122,SY-621/1,202.93,Forest,1,0
PCL-LG-CG-1122-02,LG-CG-1122,SY-397/2,202.93,Private,0,1
PCL-LG-CG-1122-03,LG-CG-1122,SY-439/3,202.93,Government,1,0
PCL-LG-CG-1122-04,LG-CG-1122,SY-108/4,202.93,Private,0,0
PCL-LG-CG-1122-05,LG-CG-1122,SY-587/5,202.93,Forest,1,1
PCL-LG-CG-1122-06,LG-CG-1122,SY-155/6,202.93,Private,1,0
PCL-LG-GA-1123-01,LG-GA-1123,SY-842/1,360.18,Community,1,0
PCL-LG-GA-1123-02,LG-GA-1123,SY-347/2,360.18,Forest,0,1
PCL-LG-GA-1123-03,LG-GA-1123,SY-864/3,360.18,Forest,1,0
PCL-LG-GA-1123-04,LG-GA-1123,SY-536/4,360.18,Community,1,1
PCL-LG-GJ-1124-01,LG-GJ-1124,SY-532/1,457.06,Forest,1,0
PCL-LG-GJ-1124-02,LG-GJ-1124,SY-895/2,457.06,Private,1,0
PCL-LG-GJ-1124-03,LG-GJ-1124,SY-323/3,457.06,Government,1,0
PCL-LG-GJ-1124-04,LG-GJ-1124,SY-348/4,457.06,Community,0,0
PCL-LG-GJ-1124-05,LG-GJ-1124,SY-341/5,457.06,Private,1,1
PCL-LG-HR-1125-01,LG-HR-1125,SY-650/1,402.56,Government,1,1
PCL-LG-HR-1125-02,LG-HR-1125,SY-532/2,402.56,Forest,1,1
PCL-LG-HR-1125-03,LG-HR-1125,SY-727/3,402.56,Community,1,0
PCL-LG-HR-1125-04,LG-HR-1125,SY-377/4,402.56,Government,1,0
PCL-LG-HR-1125-05,LG-HR-1125,SY-796/5,402.56,Private,1,0
PCL-LG-HP-1126-01,LG-HP-1126,SY-613/1,80.2,Government,1,1
PCL-LG-HP-1126-02,LG-HP-1126,SY-310/2,80.2,Private,0,1
PCL-LG-HP-1126-03,LG-HP-1126,SY-222/3,80.2,Forest,1,0
PCL-LG-HP-1126-04,LG-HP-1126,SY-894/4,80.2,Forest,0,0
PCL-LG-HP-1126-05,LG-HP-1126,SY-778/5,80.2,Community,0,0
PCL-LG-JH-1127-01,LG-JH-1127,SY-610/1,308.33,Government,1,0
PCL-LG-JH-1127-02,LG-JH-1127,SY-829/2,308.33,Forest,1,1
PCL-LG-JH-1127-03,LG-JH-1127,SY-945/3,308.33,Community,1,1
PCL-LG-JH-1127-04,LG-JH-1127,SY-716/4,308.33,Community,1,0
PCL-LG-JH-1127-05,LG-JH-1127,SY-336/5,308.33,Private,1,1
PCL-LG-JH-1127-06,LG-JH-1127,SY-525/6,308.33,Community,1,0
PCL-LG-KA-1128-01,LG-KA-1128,SY-142/1,81.67,Government,1,0
PCL-LG-KA-1128-02,LG-KA-1128,SY-496/2,81.67,Forest,1,1
PCL-LG-KA-1128-03,LG-KA-1128,SY-842/3,81.67,Community,1,1
PCL-LG-KA-1128-04,LG-KA-1128,SY-386/4,81.67,Community,1,0
PCL-LG-KA-1128-05,LG-KA-1128,SY-625/5,81.67,Government,1,0
PCL-LG-KA-1128-06,LG-KA-1128,SY-919/6,81.67,Private,1,0
PCL-LG-KA-1128-07,LG-KA-1128,SY-668/7,81.67,Forest,0,0
PCL-LG-KA-1128-08,LG-KA-1128,SY-487/8,81.67,Government,1,1
PCL-LG-KL-1129-01,LG-KL-1129,SY-458/1,140.72,Private,1,0
PCL-LG-KL-1129-02,LG-KL-1129,SY-749/2,140.72,Private,1,0
PCL-LG-KL-1129-03,LG-KL-1129,SY-413/3,140.72,Government,1,1
PCL-LG-KL-1129-04,LG-KL-1129,SY-106/4,140.72,Government,1,1
PCL-LG-KL-1129-05,LG-KL-1129,SY-899/5,140.72,Community,1,1
PCL-LG-KL-1129-06,LG-KL-1129,SY-961/6,140.72,Private,0,0
PCL-LG-MP-1130-01,LG-MP-1130,SY-524/1,168.92,Forest,0,0
PCL-LG-MP-1130-02,LG-MP-1130,SY-487/2,168.92,Forest,1,1
PCL-LG-MP-1130-03,LG-MP-1130,SY-851/3,168.92,Private,0,1
PCL-LG-MP-1130-04,LG-MP-1130,SY-745/4,168.92,Forest,1,1
PCL-LG-MP-1130-05,LG-MP-1130,SY-777/5,168.92,Government,1,0
PCL-LG-MP-1130-06,LG-MP-1130,SY-246/6,168.92,Government,1,0
PCL-LG-MH-1131-01,LG-MH-1131,SY-174/1,390.1,Private,1,1
PCL-LG-MH-1131-02,LG-MH-1131,SY-582/2,390.1,Private,1,0
PCL-LG-MH-1131-03,LG-MH-1131,SY-141/3,390.1,Government,1,0
PCL-LG-MH-1131-04,LG-MH-1131,SY-156/4,390.1,Forest,1,0
PCL-LG-MN-1132-01,LG-MN-1132,SY-270/1,78.96,Private,1,1
PCL-LG-MN-1132-02,LG-MN-1132,SY-835/2,78.96,Forest,0,0
PCL-LG-MN-1132-03,LG-MN-1132,SY-641/3,78.96,Private,1,0
PCL-LG-MN-1132-04,LG-MN-1132,SY-492/4,78.96,Private,0,0
PCL-LG-MN-1132-05,LG-MN-1132,SY-955/5,78.96,Private,1,0
PCL-LG-MN-1132-06,LG-MN-1132,SY-581/6,78.96,Government,1,0
PCL-LG-MN-1132-07,LG-MN-1132,SY-944/7,78.96,Forest,1,0
PCL-LG-MN-1132-08,LG-MN-1132,SY-598/8,78.96,Government,1,0
PCL-LG-ML-1133-01,LG-ML-1133,SY-431/1,382.55,Private,0,1
PCL-LG-ML-1133-02,LG-ML-1133,SY-643/2,382.55,Forest,0,1
PCL-LG-ML-1133-03,LG-ML-1133,SY-539/3,382.55,Private,1,0
PCL-LG-ML-1133-04,LG-ML-1133,SY-301/4,382.55,Private,0,0
PCL-LG-ML-1133-05,LG-ML-1133,SY-344/5,382.55,Forest,1,0
PCL-LG-ML-1133-06,LG-ML-1133,SY-805/6,382.55,Forest,1,0
PCL-LG-MZ-1134-01,LG-MZ-1134,SY-942/1,388.48,Government,1,1
PCL-LG-MZ-1134-02,LG-MZ-1134,SY-574/2,388.48,Private,1,0
PCL-LG-MZ-1134-03,LG-MZ-1134,SY-964/3,388.48,Forest,1,1
PCL-LG-MZ-1134-04,LG-MZ-1134,SY-537/4,388.48,Forest,1,0
PCL-LG-MZ-1134-05,LG-MZ-1134,SY-406/5,388.48,Community,0,0
PCL-LG-MZ-1134-06,LG-MZ-1134,SY-578/6,388.48,Community,1,0
PCL-LG-NL-1135-01,LG-NL-1135,SY-977/1,13.36,Private,1,0
PCL-LG-NL-1135-02,LG-NL-1135,SY-831/2,13.36,Forest,1,0
PCL-LG-NL-1135-03,LG-NL-1135,SY-105/3,13.36,Private,1,0
PCL-LG-NL-1135-04,LG-NL-1135,SY-878/4,13.36,Community,1,0
PCL-LG-NL-1135-05,LG-NL-1135,SY-558/5,13.36,Forest,0,1
PCL-LG-NL-1135-06,LG-NL-1135,SY-199/6,13.36,Private,0,0
PCL-LG-NL-1135-07,LG-NL-1135,SY-619/7,13.36,Government,1,0
PCL-LG-OD-1136-01,LG-OD-1136,SY-432/1,307.0,Government,1,0
PCL-LG-OD-1136-02,LG-OD-1136,SY-537/2,307.0,Government,1,0
PCL-LG-OD-1136-03,LG-OD-1136,SY-837/3,307.0,Government,1,0
PCL-LG-OD-1136-04,LG-OD-1136,SY-145/4,307.0,Private,1,0
PCL-LG-PB-1137-01,LG-PB-1137,SY-582/1,497.33,Community,0,0
PCL-LG-PB-1137-02,LG-PB-1137,SY-572/2,497.33,Community,0,0
PCL-LG-PB-1137-03,LG-PB-1137,SY-143/3,497.33,Private,1,0
PCL-LG-RJ-1138-01,LG-RJ-1138,SY-712/1,427.54,Private,1,1
PCL-LG-RJ-1138-02,LG-RJ-1138,SY-490/2,427.54,Government,1,0
PCL-LG-RJ-1138-03,LG-RJ-1138,SY-722/3,427.54,Government,1,1
PCL-LG-RJ-1138-04,LG-RJ-1138,SY-311/4,427.54,Forest,1,0
PCL-LG-RJ-1138-05,LG-RJ-1138,SY-157/5,427.54,Government,0,1
PCL-LG-SK-1139-01,LG-SK-1139,SY-791/1,10.29,Community,1,0
PCL-LG-SK-1139-02,LG-SK-1139,SY-427/2,10.29,Forest,1,1
PCL-LG-SK-1139-03,LG-SK-1139,SY-638/3,10.29,Private,1,1
PCL-LG-SK-1139-04,LG-SK-1139,SY-592/4,10.29,Forest,0,0
PCL-LG-SK-1139-05,LG-SK-1139,SY-571/5,10.29,Forest,1,1
PCL-LG-SK-1139-06,LG-SK-1139,SY-317/6,10.29,Private,1,1
PCL-LG-SK-1139-07,LG-SK-1139,SY-841/7,10.29,Government,1,0
PCL-LG-SK-1139-08,LG-SK-1139,SY-155/8,10.29,Forest,1,0
PCL-LG-TN-1140-01,LG-TN-1140,SY-648/1,177.1,Forest,1,0
PCL-LG-TN-1140-02,LG-TN-1140,SY-783/2,177.1,Government,1,0
PCL-LG-TN-1140-03,LG-TN-1140,SY-618/3,177.1,Forest,1,0
PCL-LG-TN-1140-04,LG-TN-1140,SY-662/4,177.1,Forest,1,1
PCL-LG-TN-1140-05,LG-TN-1140,SY-331/5,177.1,Government,0,1
PCL-LG-TN-1140-06,LG-TN-1140,SY-386/6,177.1,Forest,0,0
PCL-LG-TS-1141-01,LG-TS-1141,SY-581/1,623.9,Community,1,0
PCL-LG-TS-1141-02,LG-TS-1141,SY-961/2,623.9,Community,1,0
PCL-LG-TS-1141-03,LG-TS-1141,SY-148/3,623.9,Community,1,0
PCL-LG-TR-1142-01,LG-TR-1142,SY-145/1,97.15,Forest,1,1
PCL-LG-TR-1142-02,LG-TR-1142,SY-946/2,97.15,Community,1,0
PCL-LG-TR-1142-03,LG-TR-1142,SY-584/3,97.15,Government,1,1
PCL-LG-TR-1142-04,LG-TR-1142,SY-138/4,97.15,Government,0,0
PCL-LG-TR-1142-05,LG-TR-1142,SY-762/5,97.15,Community,0,0
PCL-LG-TR-1142-06,LG-TR-1142,SY-528/6,97.15,Private,0,1
PCL-LG-UP-1143-01,LG-UP-1143,SY-407/1,172.97,Private,0,1
PCL-LG-UP-1143-02,LG-UP-1143,SY-940/2,172.97,Community,1,1
PCL-LG-UP-1143-03,LG-UP-1143,SY-468/3,172.97,Community,0,0
PCL-LG-UK-1144-01,LG-UK-1144,SY-939/1,695.17,Government,1,0
PCL-LG-UK-1144-02,LG-UK-1144,SY-823/2,695.17,Private,0,0
PCL-LG-UK-1144-03,LG-UK-1144,SY-614/3,695.17,Community,1,0
PCL-LG-WB-1145-01,LG-WB-1145,SY-675/1,472.5,Government,1,1
PCL-LG-WB-1145-02,LG-WB-1145,SY-604/2,472.5,Forest,1,0
PCL-LG-WB-1145-03,LG-WB-1145,SY-807/3,472.5,Community,1,0
PCL-LG-WB-1145-04,LG-WB-1145,SY-368/4,472.5,Government,0,1
PCL-LG-WB-1145-05,LG-WB-1145,SY-196/5,472.5,Community,1,1
PCL-LG-AN-1146-01,LG-AN-1146,SY-427/1,49.2,Community,0,0
PCL-LG-AN-1146-02,LG-AN-1146,SY-356/2,49.2,Forest,1,1
PCL-LG-AN-1146-03,LG-AN-1146,SY-491/3,49.2,Forest,1,0
PCL-LG-AN-1146-04,LG-AN-1146,SY-129/4,49.2,Community,1,0
PCL-LG-AN-1146-05,LG-AN-1146,SY-892/5,49.2,Forest,1,0
PCL-LG-AN-1146-06,LG-AN-1146,SY-111/6,49.2,Government,1,1
PCL-LG-CH-1147-01,LG-CH-1147,SY-779/1,227.6,Community,1,0
PCL-LG-CH-1147-02,LG-CH-1147,SY-741/2,227.6,Government,1,1
PCL-LG-CH-1147-03,LG-CH-1147,SY-396/3,227.6,Private,1,1
PCL-LG-DH-1148-01,LG-DH-1148,SY-456/1,88.96,Government,1,1
PCL-LG-DH-1148-02,LG-DH-1148,SY-659/2,88.96,Government,1,1
PCL-LG-DH-1148-03,LG-DH-1148,SY-953/3,88.96,Government,0,1
PCL-LG-DH-1148-04,LG-DH-1148,SY-267/4,88.96,Community,0,1
PCL-LG-DH-1148-05,LG-DH-1148,SY-902/5,88.96,Government,1,0
PCL-LG-DH-1148-06,LG-DH-1148,SY-608/6,88.96,Government,1,1
PCL-LG-DH-1148-07,LG-DH-1148,SY-180/7,88.96,Private,0,1
PCL-LG-DL-1149-01,LG-DL-1149,SY-188/1,188.33,Community,0,1
PCL-LG-DL-1149-02,LG-DL-1149,SY-196/2,188.33,Private,1,0
PCL-LG-DL-1149-03,LG-DL-1149,SY-391/3,188.33,Private,1,0
PCL-LG-DL-1149-04,LG-DL-1149,SY-603/4,188.33,Government,0,0
PCL-LG-DL-1149-05,LG-DL-1149,SY-610/5,188.33,Forest,1,0
PCL-LG-DL-1149-06,LG-DL-1149,SY-875/6,188.33,Forest,1,0
PCL-LG-JK-1150-01,LG-JK-1150,SY-728/1,297.09,Private,1,1
PCL-LG-JK-1150-02,LG-JK-1150,SY-641/2,297.09,Private,1,0
PCL-LG-JK-1150-03,LG-JK-1150,SY-128/3,297.09,Private,1,0
PCL-LG-JK-1150-04,LG-JK-1150,SY-344/4,297.09,Private,1,1
PCL-LG-JK-1150-05,LG-JK-1150,SY-220/5,297.09,Forest,1,0
PCL-LG-JK-1150-06,LG-JK-1150,SY-108/6,297.09,Private,1,1
PCL-LG-JK-1150-07,LG-JK-1150,SY-940/7,297.09,Government,1,0
PCL-LG-JK-1150-08,LG-JK-1150,SY-463/8,297.09,Private,1,0
PCL-LG-LA-1151-01,LG-LA-1151,SY-250/1,43.5,Forest,1,0
PCL-LG-LA-1151-02,LG-LA-1151,SY-760/2,43.5,Community,0,0
PCL-LG-LA-1151-03,LG-LA-1151,SY-430/3,43.5,Community,1,1
PCL-LG-LA-1151-04,LG-LA-1151,SY-848/4,43.5,Forest,0,1
PCL-LG-LA-1151-05,LG-LA-1151,SY-687/5,43.5,Private,1,1
PCL-LG-LA-1151-06,LG-LA-1151,SY-750/6,43.5,Government,1,0
PCL-LG-LD-1152-01,LG-LD-1152,SY-735/1,129.46,Community,1,0
PCL-LG-LD-1152-02,LG-LD-1152,SY-145/2,129.46,Private,1,1
PCL-LG-LD-1152-03,LG-LD-1152,SY-572/3,129.46,Private,1,1
PCL-LG-LD-1152-04,LG-LD-1152,SY-789/4,129.46,Private,1,0
PCL-LG-LD-1152-05,LG-LD-1152,SY-634/5,129.46,Government,0,0
PCL-LG-PY-1153-01,LG-PY-1153,SY-224/1,387.72,Community,0,1
PCL-LG-PY-1153-02,LG-PY-1153,SY-172/2,387.72,Government,0,0
PCL-LG-PY-1153-03,LG-PY-1153,SY-521/3,387.72,Private,0,1
PCL-LG-PY-1153-04,LG-PY-1153,SY-966/4,387.72,Government,0,0
PCL-LG-PY-1153-05,LG-PY-1153,SY-790/5,387.72,Private,0,1
PCL-LG-PY-1153-06,LG-PY-1153,SY-903/6,387.72,Community,1,0
PCL-LG-AP-1154-01,LG-AP-1154,SY-651/1,225.76,Community,1,1
PCL-LG-AP-1154-02,LG-AP-1154,SY-560/2,225.76,Community,1,1
PCL-LG-AP-1154-03,LG-AP-1154,SY-575/3,225.76,Community,0,0
PCL-LG-AP-1154-04,LG-AP-1154,SY-319/4,225.76,Private,1,0
PCL-LG-AP-1154-05,LG-AP-1154,SY-425/5,225.76,Private,0,1
PCL-LG-AR-1155-01,LG-AR-1155,SY-296/1,22.05,Government,0,0
PCL-LG-AR-1155-02,LG-AR-1155,SY-957/2,22.05,Government,1,0
PCL-LG-AR-1155-03,LG-AR-1155,SY-578/3,22.05,Forest,1,1
PCL-LG-AR-1155-04,LG-AR-1155,SY-836/4,22.05,Government,0,0
PCL-LG-AS-1156-01,LG-AS-1156,SY-612/1,224.54,Community,1,0
PCL-LG-AS-1156-02,LG-AS-1156,SY-153/2,224.54,Community,1,1
PCL-LG-AS-1156-03,LG-AS-1156,SY-938/3,224.54,Forest,1,0
PCL-LG-AS-1156-04,LG-AS-1156,SY-103/4,224.54,Forest,1,0
PCL-LG-AS-1156-05,LG-AS-1156,SY-570/5,224.54,Government,1,0
PCL-LG-AS-1156-06,LG-AS-1156,SY-354/6,224.54,Government,1,1
PCL-LG-AS-1156-07,LG-AS-1156,SY-440/7,224.54,Community,1,1
PCL-LG-BR-1157-01,LG-BR-1157,SY-637/1,192.94,Private,1,1
PCL-LG-BR-1157-02,LG-BR-1157,SY-894/2,192.94,Government,1,0
PCL-LG-BR-1157-03,LG-BR-1157,SY-895/3,192.94,Community,0,1
PCL-LG-BR-1157-04,LG-BR-1157,SY-874/4,192.94,Government,1,1
PCL-LG-BR-1157-05,LG-BR-1157,SY-635/5,192.94,Government,0,1
PCL-LG-BR-1157-06,LG-BR-1157,SY-132/6,192.94,Community,1,1
PCL-LG-BR-1157-07,LG-BR-1157,SY-788/7,192.94,Private,0,0
PCL-LG-CG-1158-01,LG-CG-1158,SY-801/1,536.85,Private,1,1
PCL-LG-CG-1158-02,LG-CG-1158,SY-388/2,536.85,Government,1,0
PCL-LG-CG-1158-03,LG-CG-1158,SY-739/3,536.85,Private,0,0
PCL-LG-CG-1158-04,LG-CG-1158,SY-970/4,536.85,Community,1,1
PCL-LG-GA-1159-01,LG-GA-1159,SY-392/1,61.59,Community,0,0
PCL-LG-GA-1159-02,LG-GA-1159,SY-214/2,61.59,Community,1,0
PCL-LG-GA-1159-03,LG-GA-1159,SY-724/3,61.59,Forest,0,0
PCL-LG-GA-1159-04,LG-GA-1159,SY-362/4,61.59,Government,0,0
PCL-LG-GA-1159-05,LG-GA-1159,SY-950/5,61.59,Private,1,0
PCL-LG-GA-1159-06,LG-GA-1159,SY-527/6,61.59,Government,0,0
PCL-LG-GA-1159-07,LG-GA-1159,SY-282/7,61.59,Forest,1,1
PCL-LG-GJ-1160-01,LG-GJ-1160,SY-488/1,349.27,Government,0,0
PCL-LG-GJ-1160-02,LG-GJ-1160,SY-185/2,349.27,Government,1,0
PCL-LG-GJ-1160-03,LG-GJ-1160,SY-481/3,349.27,Community,0,0
PCL-LG-GJ-1160-04,LG-GJ-1160,SY-163/4,349.27,Private,1,1
PCL-LG-GJ-1160-05,LG-GJ-1160,SY-576/5,349.27,Private,0,0
PCL-LG-GJ-1160-06,LG-GJ-1160,SY-107/6,349.27,Forest,1,1
PCL-LG-GJ-1160-07,LG-GJ-1160,SY-724/7,349.27,Government,1,0
PCL-LG-HR-1161-01,LG-HR-1161,SY-628/1,642.83,Private,1,0
PCL-LG-HR-1161-02,LG-HR-1161,SY-180/2,642.83,Government,1,1
PCL-LG-HR-1161-03,LG-HR-1161,SY-696/3,642.83,Community,1,0
PCL-LG-HP-1162-01,LG-HP-1162,SY-295/1,653.67,Forest,0,0
PCL-LG-HP-1162-02,LG-HP-1162,SY-988/2,653.67,Private,0,0
PCL-LG-HP-1162-03,LG-HP-1162,SY-402/3,653.67,Private,0,1
PCL-LG-JH-1163-01,LG-JH-1163,SY-190/1,315.02,Forest,0,0
PCL-LG-JH-1163-02,LG-JH-1163,SY-472/2,315.02,Forest,1,0
PCL-LG-JH-1163-03,LG-JH-1163,SY-925/3,315.02,Government,1,0
PCL-LG-JH-1163-04,LG-JH-1163,SY-448/4,315.02,Forest,1,0
PCL-LG-JH-1163-05,LG-JH-1163,SY-912/5,315.02,Forest,1,0
PCL-LG-KA-1164-01,LG-KA-1164,SY-520/1,301.23,Community,1,0
PCL-LG-KA-1164-02,LG-KA-1164,SY-806/2,301.23,Government,0,0
PCL-LG-KA-1164-03,LG-KA-1164,SY-338/3,301.23,Community,1,1
PCL-LG-KA-1164-04,LG-KA-1164,SY-509/4,301.23,Forest,1,0
PCL-LG-KA-1164-05,LG-KA-1164,SY-557/5,301.23,Forest,1,0
PCL-LG-KA-1164-06,LG-KA-1164,SY-433/6,301.23,Government,1,1
PCL-LG-KA-1164-07,LG-KA-1164,SY-101/7,301.23,Private,1,0
PCL-LG-KA-1164-08,LG-KA-1164,SY-474/8,301.23,Government,0,0
PCL-LG-KL-1165-01,LG-KL-1165,SY-120/1,264.88,Community,0,1
PCL-LG-KL-1165-02,LG-KL-1165,SY-537/2,264.88,Community,0,1
PCL-LG-KL-1165-03,LG-KL-1165,SY-740/3,264.88,Private,1,0
PCL-LG-KL-1165-04,LG-KL-1165,SY-166/4,264.88,Forest,1,0
PCL-LG-KL-1165-05,LG-KL-1165,SY-380/5,264.88,Forest,0,0
PCL-LG-KL-1165-06,LG-KL-1165,SY-889/6,264.88,Private,1,0
PCL-LG-MP-1166-01,LG-MP-1166,SY-125/1,279.7,Private,1,0
PCL-LG-MP-1166-02,LG-MP-1166,SY-459/2,279.7,Private,1,0
PCL-LG-MP-1166-03,LG-MP-1166,SY-487/3,279.7,Government,1,1
PCL-LG-MP-1166-04,LG-MP-1166,SY-828/4,279.7,Forest,0,0
PCL-LG-MP-1166-05,LG-MP-1166,SY-200/5,279.7,Government,1,0
PCL-LG-MH-1167-01,LG-MH-1167,SY-150/1,596.5,Private,1,1
PCL-LG-MH-1167-02,LG-MH-1167,SY-771/2,596.5,Private,1,0
PCL-LG-MH-1167-03,LG-MH-1167,SY-884/3,596.5,Forest,1,1
PCL-LG-MN-1168-01,LG-MN-1168,SY-874/1,291.42,Community,1,1
PCL-LG-MN-1168-02,LG-MN-1168,SY-724/2,291.42,Private,1,1
PCL-LG-MN-1168-03,LG-MN-1168,SY-117/3,291.42,Forest,1,1
PCL-LG-MN-1168-04,LG-MN-1168,SY-197/4,291.42,Community,1,0
PCL-LG-MN-1168-05,LG-MN-1168,SY-680/5,291.42,Government,1,0
PCL-LG-ML-1169-01,LG-ML-1169,SY-425/1,590.0,Government,1,1
PCL-LG-ML-1169-02,LG-ML-1169,SY-538/2,590.0,Forest,0,1
PCL-LG-ML-1169-03,LG-ML-1169,SY-904/3,590.0,Private,1,1
PCL-LG-ML-1169-04,LG-ML-1169,SY-983/4,590.0,Government,1,1
PCL-LG-MZ-1170-01,LG-MZ-1170,SY-210/1,42.7,Government,1,0
PCL-LG-MZ-1170-02,LG-MZ-1170,SY-127/2,42.7,Community,1,0
PCL-LG-MZ-1170-03,LG-MZ-1170,SY-876/3,42.7,Private,1,1
PCL-LG-MZ-1170-04,LG-MZ-1170,SY-737/4,42.7,Government,1,0
PCL-LG-MZ-1170-05,LG-MZ-1170,SY-218/5,42.7,Community,0,1
PCL-LG-MZ-1170-06,LG-MZ-1170,SY-191/6,42.7,Community,0,0
PCL-LG-MZ-1170-07,LG-MZ-1170,SY-225/7,42.7,Community,1,0
PCL-LG-MZ-1170-08,LG-MZ-1170,SY-735/8,42.7,Private,1,0
PCL-LG-NL-1171-01,LG-NL-1171,SY-727/1,156.45,Government,1,0
PCL-LG-NL-1171-02,LG-NL-1171,SY-820/2,156.45,Forest,1,0
PCL-LG-NL-1171-03,LG-NL-1171,SY-849/3,156.45,Government,1,0
PCL-LG-NL-1171-04,LG-NL-1171,SY-184/4,156.45,Forest,1,0
PCL-LG-OD-1172-01,LG-OD-1172,SY-271/1,24.82,Community,1,1
PCL-LG-OD-1172-02,LG-OD-1172,SY-418/2,24.82,Forest,1,0
PCL-LG-OD-1172-03,LG-OD-1172,SY-835/3,24.82,Private,1,0
PCL-LG-OD-1172-04,LG-OD-1172,SY-372/4,24.82,Community,0,0
PCL-LG-OD-1172-05,LG-OD-1172,SY-874/5,24.82,Community,1,1
PCL-LG-OD-1172-06,LG-OD-1172,SY-782/6,24.82,Government,1,1
PCL-LG-PB-1173-01,LG-PB-1173,SY-231/1,192.8,Forest,1,0
PCL-LG-PB-1173-02,LG-PB-1173,SY-660/2,192.8,Government,1,0
PCL-LG-PB-1173-03,LG-PB-1173,SY-299/3,192.8,Community,1,1
PCL-LG-PB-1173-04,LG-PB-1173,SY-599/4,192.8,Private,1,1
PCL-LG-PB-1173-05,LG-PB-1173,SY-541/5,192.8,Forest,0,0
PCL-LG-PB-1173-06,LG-PB-1173,SY-244/6,192.8,Government,1,0
PCL-LG-PB-1173-07,LG-PB-1173,SY-241/7,192.8,Forest,1,0
PCL-LG-PB-1173-08,LG-PB-1173,SY-304/8,192.8,Community,1,0
PCL-LG-RJ-1174-01,LG-RJ-1174,SY-864/1,272.66,Private,1,0
PCL-LG-RJ-1174-02,LG-RJ-1174,SY-357/2,272.66,Private,1,0
PCL-LG-RJ-1174-03,LG-RJ-1174,SY-239/3,272.66,Community,1,0
PCL-LG-RJ-1174-04,LG-RJ-1174,SY-455/4,272.66,Private,1,0
PCL-LG-RJ-1174-05,LG-RJ-1174,SY-576/5,272.66,Forest,1,0
PCL-LG-RJ-1174-06,LG-RJ-1174,SY-534/6,272.66,Forest,1,0
PCL-LG-RJ-1174-07,LG-RJ-1174,SY-375/7,272.66,Private,1,0
PCL-LG-SK-1175-01,LG-SK-1175,SY-700/1,11.5,Forest,1,0
PCL-LG-SK-1175-02,LG-SK-1175,SY-807/2,11.5,Forest,1,0
PCL-LG-SK-1175-03,LG-SK-1175,SY-322/3,11.5,Government,1,1
PCL-LG-SK-1175-04,LG-SK-1175,SY-231/4,11.5,Forest,1,0
PCL-LG-SK-1175-05,LG-SK-1175,SY-778/5,11.5,Government,1,1
PCL-LG-SK-1175-06,LG-SK-1175,SY-483/6,11.5,Private,1,0
PCL-LG-TN-1176-01,LG-TN-1176,SY-871/1,397.67,Community,0,0
PCL-LG-TN-1176-02,LG-TN-1176,SY-928/2,397.67,Forest,0,0
PCL-LG-TN-1176-03,LG-TN-1176,SY-834/3,397.67,Private,1,1
PCL-LG-TS-1177-01,LG-TS-1177,SY-128/1,292.82,Community,0,0
PCL-LG-TS-1177-02,LG-TS-1177,SY-454/2,292.82,Private,1,1
PCL-LG-TS-1177-03,LG-TS-1177,SY-539/3,292.82,Government,1,0
PCL-LG-TS-1177-04,LG-TS-1177,SY-407/4,292.82,Government,0,0
PCL-LG-TS-1177-05,LG-TS-1177,SY-227/5,292.82,Forest,1,1
PCL-LG-TS-1177-06,LG-TS-1177,SY-587/6,292.82,Government,1,1
PCL-LG-TR-1178-01,LG-TR-1178,SY-698/1,149.56,Government,0,0
PCL-LG-TR-1178-02,LG-TR-1178,SY-456/2,149.56,Government,1,0
PCL-LG-TR-1178-03,LG-TR-1178,SY-430/3,149.56,Community,1,1
PCL-LG-TR-1178-04,LG-TR-1178,SY-152/4,149.56,Private,1,0
PCL-LG-TR-1178-05,LG-TR-1178,SY-841/5,149.56,Community,1,1
PCL-LG-UP-1179-01,LG-UP-1179,SY-626/1,152.97,Government,1,0
PCL-LG-UP-1179-02,LG-UP-1179,SY-694/2,152.97,Government,1,0
PCL-LG-UP-1179-03,LG-UP-1179,SY-741/3,152.97,Private,1,1
PCL-LG-UP-1179-04,LG-UP-1179,SY-820/4,152.97,Forest,1,0
PCL-LG-UP-1179-05,LG-UP-1179,SY-750/5,152.97,Forest,1,0
PCL-LG-UP-1179-06,LG-UP-1179,SY-678/6,152.97,Private,1,0
PCL-LG-UP-1179-07,LG-UP-1179,SY-847/7,152.97,Government,0,1
PCL-LG-UK-1180-01,LG-UK-1180,SY-701/1,405.68,Private,1,0
PCL-LG-UK-1180-02,LG-UK-1180,SY-188/2,405.68,Private,1,1
PCL-LG-UK-1180-03,LG-UK-1180,SY-271/3,405.68,Government,0,1
PCL-LG-UK-1180-04,LG-UK-1180,SY-674/4,405.68,Government,1,0
PCL-LG-WB-1181-01,LG-WB-1181,SY-908/1,117.41,Government,1,1
PCL-LG-WB-1181-02,LG-WB-1181,SY-807/2,117.41,Forest,1,0
PCL-LG-WB-1181-03,LG-WB-1181,SY-541/3,117.41,Private,1,0
PCL-LG-WB-1181-04,LG-WB-1181,SY-960/4,117.41,Government,1,0
PCL-LG-WB-1181-05,LG-WB-1181,SY-664/5,117.41,Private,0,0
PCL-LG-WB-1181-06,LG-WB-1181,SY-757/6,117.41,Private,1,0
PCL-LG-WB-1181-07,LG-WB-1181,SY-592/7,117.41,Private,0,0
PCL-LG-AN-1182-01,LG-AN-1182,SY-150/1,190.4,Community,1,0
PCL-LG-AN-1182-02,LG-AN-1182,SY-400/2,190.4,Community,1,1
PCL-LG-AN-1182-03,LG-AN-1182,SY-622/3,190.4,Forest,1,1
PCL-LG-AN-1182-04,LG-AN-1182,SY-151/4,190.4,Forest,1,0
PCL-LG-AN-1182-05,LG-AN-1182,SY-186/5,190.4,Government,1,1
PCL-LG-CH-1183-01,LG-CH-1183,SY-526/1,174.3,Community,1,0
PCL-LG-CH-1183-02,LG-CH-1183,SY-686/2,174.3,Community,1,1
PCL-LG-CH-1183-03,LG-CH-1183,SY-387/3,174.3,Private,1,0
PCL-LG-CH-1183-04,LG-CH-1183,SY-212/4,174.3,Forest,1,0
PCL-LG-CH-1183-05,LG-CH-1183,SY-515/5,174.3,Forest,0,0
PCL-LG-CH-1183-06,LG-CH-1183,SY-582/6,174.3,Government,1,1
PCL-LG-CH-1183-07,LG-CH-1183,SY-789/7,174.3,Private,1,0
PCL-LG-DH-1184-01,LG-DH-1184,SY-716/1,35.02,Community,1,1
PCL-LG-DH-1184-02,LG-DH-1184,SY-806/2,35.02,Government,1,0
PCL-LG-DH-1184-03,LG-DH-1184,SY-815/3,35.02,Government,0,1
PCL-LG-DH-1184-04,LG-DH-1184,SY-776/4,35.02,Community,0,0
PCL-LG-DH-1184-05,LG-DH-1184,SY-443/5,35.02,Forest,1,1
PCL-LG-DL-1185-01,LG-DL-1185,SY-806/1,147.26,Forest,1,0
PCL-LG-DL-1185-02,LG-DL-1185,SY-183/2,147.26,Forest,0,1
PCL-LG-DL-1185-03,LG-DL-1185,SY-990/3,147.26,Community,1,0
PCL-LG-DL-1185-04,LG-DL-1185,SY-578/4,147.26,Private,1,1
PCL-LG-DL-1185-05,LG-DL-1185,SY-759/5,147.26,Private,1,0
PCL-LG-DL-1185-06,LG-DL-1185,SY-293/6,147.26,Government,0,0
PCL-LG-DL-1185-07,LG-DL-1185,SY-457/7,147.26,Government,1,1
PCL-LG-JK-1186-01,LG-JK-1186,SY-283/1,285.27,Government,1,0
PCL-LG-JK-1186-02,LG-JK-1186,SY-446/2,285.27,Private,1,0
PCL-LG-JK-1186-03,LG-JK-1186,SY-645/3,285.27,Community,0,0
PCL-LG-JK-1186-04,LG-JK-1186,SY-937/4,285.27,Private,1,1
PCL-LG-JK-1186-05,LG-JK-1186,SY-326/5,285.27,Community,1,0
PCL-LG-JK-1186-06,LG-JK-1186,SY-212/6,285.27,Private,1,0
PCL-LG-LA-1187-01,LG-LA-1187,SY-978/1,27.75,Private,1,1
PCL-LG-LA-1187-02,LG-LA-1187,SY-634/2,27.75,Forest,1,1
PCL-LG-LA-1187-03,LG-LA-1187,SY-826/3,27.75,Private,1,1
PCL-LG-LA-1187-04,LG-LA-1187,SY-827/4,27.75,Community,1,1
PCL-LG-LD-1188-01,LG-LD-1188,SY-443/1,147.23,Private,0,0
PCL-LG-LD-1188-02,LG-LD-1188,SY-338/2,147.23,Community,0,0
PCL-LG-LD-1188-03,LG-LD-1188,SY-412/3,147.23,Private,1,0
PCL-LG-LD-1188-04,LG-LD-1188,SY-190/4,147.23,Government,0,0
PCL-LG-LD-1188-05,LG-LD-1188,SY-123/5,147.23,Private,1,1
PCL-LG-LD-1188-06,LG-LD-1188,SY-659/6,147.23,Private,1,0
PCL-LG-LD-1188-07,LG-LD-1188,SY-104/7,147.23,Community,1,1
PCL-LG-PY-1189-01,LG-PY-1189,SY-285/1,555.25,Forest,1,0
PCL-LG-PY-1189-02,LG-PY-1189,SY-262/2,555.25,Community,1,0
PCL-LG-PY-1189-03,LG-PY-1189,SY-682/3,555.25,Forest,1,1
PCL-LG-PY-1189-04,LG-PY-1189,SY-626/4,555.25,Private,0,1
PCL-LG-AP-1190-01,LG-AP-1190,SY-779/1,49.83,Forest,1,0
PCL-LG-AP-1190-02,LG-AP-1190,SY-560/2,49.83,Private,1,0
PCL-LG-AP-1190-03,LG-AP-1190,SY-993/3,49.83,Government,0,1
PCL-LG-AP-1190-04,LG-AP-1190,SY-671/4,49.83,Private,1,0
PCL-LG-AP-1190-05,LG-AP-1190,SY-475/5,49.83,Forest,1,0
PCL-LG-AP-1190-06,LG-AP-1190,SY-390/6,49.83,Forest,1,1
PCL-LG-AP-1190-07,LG-AP-1190,SY-147/7,49.83,Private,1,0
PCL-LG-AP-1190-08,LG-AP-1190,SY-526/8,49.83,Forest,0,1
PCL-LG-AR-1191-01,LG-AR-1191,SY-195/1,124.29,Government,1,0
PCL-LG-AR-1191-02,LG-AR-1191,SY-187/2,124.29,Community,0,1
PCL-LG-AR-1191-03,LG-AR-1191,SY-876/3,124.29,Government,0,0
PCL-LG-AR-1191-04,LG-AR-1191,SY-394/4,124.29,Private,1,1
PCL-LG-AR-1191-05,LG-AR-1191,SY-149/5,124.29,Community,1,0
PCL-LG-AR-1191-06,LG-AR-1191,SY-444/6,124.29,Private,0,0
PCL-LG-AR-1191-07,LG-AR-1191,SY-121/7,124.29,Private,1,0
PCL-LG-AS-1192-01,LG-AS-1192,SY-212/1,105.6,Private,1,0
PCL-LG-AS-1192-02,LG-AS-1192,SY-738/2,105.6,Community,1,0
PCL-LG-AS-1192-03,LG-AS-1192,SY-118/3,105.6,Forest,1,0
PCL-LG-AS-1192-04,LG-AS-1192,SY-653/4,105.6,Community,1,0
PCL-LG-AS-1192-05,LG-AS-1192,SY-841/5,105.6,Community,1,1
PCL-LG-AS-1192-06,LG-AS-1192,SY-378/6,105.6,Forest,1,1
PCL-LG-BR-1193-01,LG-BR-1193,SY-300/1,66.83,Government,1,1
PCL-LG-BR-1193-02,LG-BR-1193,SY-473/2,66.83,Community,0,1
PCL-LG-BR-1193-03,LG-BR-1193,SY-834/3,66.83,Forest,1,1
PCL-LG-BR-1193-04,LG-BR-1193,SY-351/4,66.83,Forest,0,1
PCL-LG-BR-1193-05,LG-BR-1193,SY-208/5,66.83,Government,0,1
PCL-LG-BR-1193-06,LG-BR-1193,SY-661/6,66.83,Private,1,0
PCL-LG-BR-1193-07,LG-BR-1193,SY-742/7,66.83,Community,1,0
PCL-LG-CG-1194-01,LG-CG-1194,SY-182/1,568.97,Community,1,1
PCL-LG-CG-1194-02,LG-CG-1194,SY-935/2,568.97,Government,1,0
PCL-LG-CG-1194-03,LG-CG-1194,SY-742/3,568.97,Private,0,1
PCL-LG-GA-1195-01,LG-GA-1195,SY-231/1,273.1,Government,1,0
PCL-LG-GA-1195-02,LG-GA-1195,SY-443/2,273.1,Private,1,1
PCL-LG-GA-1195-03,LG-GA-1195,SY-858/3,273.1,Private,1,1
PCL-LG-GA-1195-04,LG-GA-1195,SY-550/4,273.1,Community,0,0
PCL-LG-GA-1195-05,LG-GA-1195,SY-471/5,273.1,Private,1,0
PCL-LG-GA-1195-06,LG-GA-1195,SY-614/6,273.1,Forest,1,0
PCL-LG-GJ-1196-01,LG-GJ-1196,SY-498/1,152.94,Community,0,1
PCL-LG-GJ-1196-02,LG-GJ-1196,SY-915/2,152.94,Private,1,0
PCL-LG-GJ-1196-03,LG-GJ-1196,SY-990/3,152.94,Government,1,1
PCL-LG-GJ-1196-04,LG-GJ-1196,SY-554/4,152.94,Community,1,0
PCL-LG-GJ-1196-05,LG-GJ-1196,SY-194/5,152.94,Government,1,0
PCL-LG-HR-1197-01,LG-HR-1197,SY-995/1,178.32,Forest,1,0
PCL-LG-HR-1197-02,LG-HR-1197,SY-681/2,178.32,Forest,1,1
PCL-LG-HR-1197-03,LG-HR-1197,SY-500/3,178.32,Private,1,1
PCL-LG-HR-1197-04,LG-HR-1197,SY-974/4,178.32,Private,1,1
PCL-LG-HR-1197-05,LG-HR-1197,SY-820/5,178.32,Forest,1,1
PCL-LG-HP-1198-01,LG-HP-1198,SY-121/1,122.89,Forest,1,1
PCL-LG-HP-1198-02,LG-HP-1198,SY-407/2,122.89,Forest,0,0
PCL-LG-HP-1198-03,LG-HP-1198,SY-764/3,122.89,Forest,1,0
PCL-LG-HP-1198-04,LG-HP-1198,SY-531/4,122.89,Forest,1,1
PCL-LG-HP-1198-05,LG-HP-1198,SY-944/5,122.89,Community,1,1
PCL-LG-HP-1198-06,LG-HP-1198,SY-912/6,122.89,Private,0,0
PCL-LG-HP-1198-07,LG-HP-1198,SY-499/7,122.89,Community,0,0
PCL-LG-JH-1199-01,LG-JH-1199,SY-255/1,256.91,Forest,1,0
PCL-LG-JH-1199-02,LG-JH-1199,SY-114/2,256.91,Government,1,0
PCL-LG-JH-1199-03,LG-JH-1199,SY-592/3,256.91,Community,1,0
PCL-LG-JH-1199-04,LG-JH-1199,SY-455/4,256.91,Private,1,0
PCL-LG-JH-1199-05,LG-JH-1199,SY-384/5,256.91,Forest,1,0
PCL-LG-JH-1199-06,LG-JH-1199,SY-548/6,256.91,Government,0,0
PCL-LG-JH-1199-07,LG-JH-1199,SY-435/7,256.91,Private,0,1
PCL-LG-JH-1199-08,LG-JH-1199,SY-623/8,256.91,Private,1,1
PCL-LG-KA-1200-01,LG-KA-1200,SY-249/1,217.65,Community,1,0
PCL-LG-KA-1200-02,LG-KA-1200,SY-525/2,217.65,Government,1,1
PCL-LG-KA-1200-03,LG-KA-1200,SY-761/3,217.65,Government,1,0
PCL-LG-KA-1200-04,LG-KA-1200,SY-529/4,217.65,Private,1,0
PCL-LG-KL-1201-01,LG-KL-1201,SY-558/1,153.8,Government,0,0
PCL-LG-KL-1201-02,LG-KL-1201,SY-443/2,153.8,Private,1,0
PCL-LG-KL-1201-03,LG-KL-1201,SY-911/3,153.8,Community,1,0
PCL-LG-KL-1201-04,LG-KL-1201,SY-443/4,153.8,Forest,1,0
PCL-LG-KL-1201-05,LG-KL-1201,SY-965/5,153.8,Private,1,1
PCL-LG-KL-1201-06,LG-KL-1201,SY-961/6,153.8,Government,1,0
PCL-LG-KL-1201-07,LG-KL-1201,SY-761/7,153.8,Government,1,0
PCL-LG-KL-1201-08,LG-KL-1201,SY-270/8,153.8,Forest,1,0
PCL-LG-MP-1202-01,LG-MP-1202,SY-949/1,470.94,Community,0,1
PCL-LG-MP-1202-02,LG-MP-1202,SY-416/2,470.94,Private,0,0
PCL-LG-MP-1202-03,LG-MP-1202,SY-657/3,470.94,Forest,1,0
PCL-LG-MP-1202-04,LG-MP-1202,SY-215/4,470.94,Private,1,0
PCL-LG-MP-1202-05,LG-MP-1202,SY-402/5,470.94,Government,1,0
PCL-LG-MH-1203-01,LG-MH-1203,SY-960/1,166.35,Community,1,0
PCL-LG-MH-1203-02,LG-MH-1203,SY-802/2,166.35,Private,1,1
PCL-LG-MH-1203-03,LG-MH-1203,SY-968/3,166.35,Government,1,0
PCL-LG-MH-1203-04,LG-MH-1203,SY-394/4,166.35,Government,1,0
PCL-LG-MN-1204-01,LG-MN-1204,SY-940/1,604.23,Community,1,0
PCL-LG-MN-1204-02,LG-MN-1204,SY-633/2,604.23,Community,1,0
PCL-LG-MN-1204-03,LG-MN-1204,SY-493/3,604.23,Government,1,1
PCL-LG-MN-1204-04,LG-MN-1204,SY-148/4,604.23,Government,1,0
PCL-LG-ML-1205-01,LG-ML-1205,SY-544/1,535.87,Private,0,0
PCL-LG-ML-1205-02,LG-ML-1205,SY-197/2,535.87,Government,1,1
PCL-LG-ML-1205-03,LG-ML-1205,SY-943/3,535.87,Forest,1,0
PCL-LG-MZ-1206-01,LG-MZ-1206,SY-931/1,315.06,Private,1,0
PCL-LG-MZ-1206-02,LG-MZ-1206,SY-202/2,315.06,Government,1,1
PCL-LG-MZ-1206-03,LG-MZ-1206,SY-659/3,315.06,Government,1,0
PCL-LG-MZ-1206-04,LG-MZ-1206,SY-115/4,315.06,Private,0,1
PCL-LG-MZ-1206-05,LG-MZ-1206,SY-830/5,315.06,Private,1,0
PCL-LG-NL-1207-01,LG-NL-1207,SY-826/1,186.74,Forest,1,0
PCL-LG-NL-1207-02,LG-NL-1207,SY-547/2,186.74,Community,0,0
PCL-LG-NL-1207-03,LG-NL-1207,SY-452/3,186.74,Government,0,0
PCL-LG-NL-1207-04,LG-NL-1207,SY-953/4,186.74,Private,1,0
PCL-LG-NL-1207-05,LG-NL-1207,SY-225/5,186.74,Government,1,0
PCL-LG-NL-1207-06,LG-NL-1207,SY-412/6,186.74,Forest,0,1
PCL-LG-NL-1207-07,LG-NL-1207,SY-374/7,186.74,Private,0,0
PCL-LG-NL-1207-08,LG-NL-1207,SY-489/8,186.74,Forest,1,0
PCL-LG-OD-1208-01,LG-OD-1208,SY-148/1,186.53,Government,1,0
PCL-LG-OD-1208-02,LG-OD-1208,SY-282/2,186.53,Government,1,0
PCL-LG-OD-1208-03,LG-OD-1208,SY-193/3,186.53,Community,0,0
PCL-LG-PB-1209-01,LG-PB-1209,SY-322/1,356.12,Government,1,0
PCL-LG-PB-1209-02,LG-PB-1209,SY-930/2,356.12,Community,1,0
PCL-LG-PB-1209-03,LG-PB-1209,SY-167/3,356.12,Private,1,0
PCL-LG-PB-1209-04,LG-PB-1209,SY-728/4,356.12,Government,0,0
PCL-LG-RJ-1210-01,LG-RJ-1210,SY-797/1,232.66,Government,1,0
PCL-LG-RJ-1210-02,LG-RJ-1210,SY-931/2,232.66,Community,0,1
PCL-LG-RJ-1210-03,LG-RJ-1210,SY-362/3,232.66,Government,1,1
PCL-LG-RJ-1210-04,LG-RJ-1210,SY-831/4,232.66,Private,1,0
PCL-LG-RJ-1210-05,LG-RJ-1210,SY-877/5,232.66,Government,1,0
PCL-LG-RJ-1210-06,LG-RJ-1210,SY-179/6,232.66,Private,1,0
PCL-LG-RJ-1210-07,LG-RJ-1210,SY-797/7,232.66,Forest,0,0
PCL-LG-SK-1211-01,LG-SK-1211,SY-940/1,296.1,Forest,1,1
PCL-LG-SK-1211-02,LG-SK-1211,SY-147/2,296.1,Forest,1,0
PCL-LG-SK-1211-03,LG-SK-1211,SY-527/3,296.1,Community,1,0
PCL-LG-TN-1212-01,LG-TN-1212,SY-305/1,513.8,Forest,1,0
PCL-LG-TN-1212-02,LG-TN-1212,SY-802/2,513.8,Government,1,0
PCL-LG-TN-1212-03,LG-TN-1212,SY-891/3,513.8,Government,1,1
PCL-LG-TS-1213-01,LG-TS-1213,SY-108/1,211.09,Government,1,0
PCL-LG-TS-1213-02,LG-TS-1213,SY-285/2,211.09,Forest,1,1
PCL-LG-TS-1213-03,LG-TS-1213,SY-656/3,211.09,Private,0,0
PCL-LG-TS-1213-04,LG-TS-1213,SY-712/4,211.09,Community,1,0
PCL-LG-TS-1213-05,LG-TS-1213,SY-584/5,211.09,Community,1,0
PCL-LG-TS-1213-06,LG-TS-1213,SY-318/6,211.09,Forest,1,1
PCL-LG-TS-1213-07,LG-TS-1213,SY-680/7,211.09,Private,1,0
PCL-LG-TR-1214-01,LG-TR-1214,SY-880/1,345.88,Private,1,1
PCL-LG-TR-1214-02,LG-TR-1214,SY-889/2,345.88,Forest,1,1
PCL-LG-TR-1214-03,LG-TR-1214,SY-342/3,345.88,Forest,0,0
PCL-LG-TR-1214-04,LG-TR-1214,SY-695/4,345.88,Private,1,0
PCL-LG-UP-1215-01,LG-UP-1215,SY-844/1,772.9,Forest,0,1
PCL-LG-UP-1215-02,LG-UP-1215,SY-797/2,772.9,Private,1,0
PCL-LG-UP-1215-03,LG-UP-1215,SY-267/3,772.9,Government,1,1
PCL-LG-UK-1216-01,LG-UK-1216,SY-749/1,438.92,Forest,1,0
PCL-LG-UK-1216-02,LG-UK-1216,SY-907/2,438.92,Forest,1,1
PCL-LG-UK-1216-03,LG-UK-1216,SY-463/3,438.92,Community,1,0
PCL-LG-UK-1216-04,LG-UK-1216,SY-436/4,438.92,Private,1,0
PCL-LG-UK-1216-05,LG-UK-1216,SY-220/5,438.92,Forest,0,0
PCL-LG-WB-1217-01,LG-WB-1217,SY-860/1,59.27,Private,1,0
PCL-LG-WB-1217-02,LG-WB-1217,SY-488/2,59.27,Private,0,0
PCL-LG-WB-1217-03,LG-WB-1217,SY-324/3,59.27,Government,1,0
PCL-LG-WB-1217-04,LG-WB-1217,SY-339/4,59.27,Government,0,0
PCL-LG-WB-1217-05,LG-WB-1217,SY-904/5,59.27,Forest,0,0
PCL-LG-WB-1217-06,LG-WB-1217,SY-884/6,59.27,Government,1,1
PCL-LG-WB-1217-07,LG-WB-1217,SY-715/7,59.27,Forest,1,0
PCL-LG-AN-1218-01,LG-AN-1218,SY-857/1,14.7,Government,1,1
PCL-LG-AN-1218-02,LG-AN-1218,SY-684/2,14.7,Private,1,0
PCL-LG-AN-1218-03,LG-AN-1218,SY-276/3,14.7,Private,0,0
PCL-LG-AN-1218-04,LG-AN-1218,SY-551/4,14.7,Government,1,1
PCL-LG-AN-1218-05,LG-AN-1218,SY-792/5,14.7,Community,1,0
PCL-LG-CH-1219-01,LG-CH-1219,SY-726/1,219.87,Government,1,0
PCL-LG-CH-1219-02,LG-CH-1219,SY-672/2,219.87,Community,1,0
PCL-LG-CH-1219-03,LG-CH-1219,SY-831/3,219.87,Community,1,0
PCL-LG-CH-1219-04,LG-CH-1219,SY-676/4,219.87,Private,1,1
PCL-LG-CH-1219-05,LG-CH-1219,SY-901/5,219.87,Government,1,1
PCL-LG-CH-1219-06,LG-CH-1219,SY-800/6,219.87,Private,1,1
PCL-LG-CH-1219-07,LG-CH-1219,SY-428/7,219.87,Private,0,0
PCL-LG-DH-1220-01,LG-DH-1220,SY-612/1,156.77,Forest,1,0
PCL-LG-DH-1220-02,LG-DH-1220,SY-111/2,156.77,Forest,1,0
PCL-LG-DH-1220-03,LG-DH-1220,SY-621/3,156.77,Private,1,0
PCL-LG-DH-1220-04,LG-DH-1220,SY-801/4,156.77,Private,1,0
PCL-LG-DH-1220-05,LG-DH-1220,SY-236/5,156.77,Community,1,0
PCL-LG-DH-1220-06,LG-DH-1220,SY-888/6,156.77,Community,1,0
PCL-LG-DH-1220-07,LG-DH-1220,SY-580/7,156.77,Community,1,1
PCL-LG-DL-1221-01,LG-DL-1221,SY-996/1,244.52,Government,1,0
PCL-LG-DL-1221-02,LG-DL-1221,SY-937/2,244.52,Private,1,0
PCL-LG-DL-1221-03,LG-DL-1221,SY-992/3,244.52,Forest,0,0
PCL-LG-DL-1221-04,LG-DL-1221,SY-185/4,244.52,Forest,0,0
PCL-LG-DL-1221-05,LG-DL-1221,SY-308/5,244.52,Private,1,0
PCL-LG-DL-1221-06,LG-DL-1221,SY-365/6,244.52,Community,1,0
PCL-LG-JK-1222-01,LG-JK-1222,SY-367/1,25.99,Forest,1,0
PCL-LG-JK-1222-02,LG-JK-1222,SY-441/2,25.99,Private,1,0
PCL-LG-JK-1222-03,LG-JK-1222,SY-771/3,25.99,Government,1,0
PCL-LG-JK-1222-04,LG-JK-1222,SY-731/4,25.99,Forest,1,0
PCL-LG-JK-1222-05,LG-JK-1222,SY-180/5,25.99,Government,1,0
PCL-LG-JK-1222-06,LG-JK-1222,SY-997/6,25.99,Government,1,1
PCL-LG-JK-1222-07,LG-JK-1222,SY-687/7,25.99,Government,1,1
PCL-LG-LA-1223-01,LG-LA-1223,SY-255/1,298.01,Government,1,1
PCL-LG-LA-1223-02,LG-LA-1223,SY-140/2,298.01,Government,1,0
PCL-LG-LA-1223-03,LG-LA-1223,SY-928/3,298.01,Community,0,0
PCL-LG-LA-1223-04,LG-LA-1223,SY-901/4,298.01,Community,1,1
PCL-LG-LA-1223-05,LG-LA-1223,SY-513/5,298.01,Government,1,1
PCL-LG-LA-1223-06,LG-LA-1223,SY-268/6,298.01,Community,0,0
PCL-LG-LA-1223-07,LG-LA-1223,SY-396/7,298.01,Private,1,1
PCL-LG-LA-1223-08,LG-LA-1223,SY-107/8,298.01,Community,0,0
PCL-LG-LD-1224-01,LG-LD-1224,SY-807/1,419.28,Forest,0,0
PCL-LG-LD-1224-02,LG-LD-1224,SY-474/2,419.28,Forest,1,1
PCL-LG-LD-1224-03,LG-LD-1224,SY-218/3,419.28,Government,1,0
PCL-LG-LD-1224-04,LG-LD-1224,SY-472/4,419.28,Forest,1,0
PCL-LG-LD-1224-05,LG-LD-1224,SY-221/5,419.28,Government,1,0
PCL-LG-PY-1225-01,LG-PY-1225,SY-801/1,179.24,Government,0,1
PCL-LG-PY-1225-02,LG-PY-1225,SY-364/2,179.24,Community,0,1
PCL-LG-PY-1225-03,LG-PY-1225,SY-327/3,179.24,Community,1,0
PCL-LG-PY-1225-04,LG-PY-1225,SY-586/4,179.24,Forest,0,0
PCL-LG-PY-1225-05,LG-PY-1225,SY-397/5,179.24,Private,1,1
PCL-LG-AP-1226-01,LG-AP-1226,SY-374/1,260.23,Government,1,0
PCL-LG-AP-1226-02,LG-AP-1226,SY-175/2,260.23,Forest,1,1
PCL-LG-AP-1226-03,LG-AP-1226,SY-605/3,260.23,Government,1,0
PCL-LG-AR-1227-01,LG-AR-1227,SY-427/1,346.08,Government,1,0
PCL-LG-AR-1227-02,LG-AR-1227,SY-506/2,346.08,Forest,1,0
PCL-LG-AR-1227-03,LG-AR-1227,SY-100/3,346.08,Government,0,1
PCL-LG-AR-1227-04,LG-AR-1227,SY-391/4,346.08,Forest,1,0
PCL-LG-AR-1227-05,LG-AR-1227,SY-635/5,346.08,Government,0,0
PCL-LG-AS-1228-01,LG-AS-1228,SY-262/1,366.87,Government,1,1
PCL-LG-AS-1228-02,LG-AS-1228,SY-690/2,366.87,Government,1,1
PCL-LG-AS-1228-03,LG-AS-1228,SY-946/3,366.87,Community,0,1
PCL-LG-AS-1228-04,LG-AS-1228,SY-692/4,366.87,Private,1,0
PCL-LG-AS-1228-05,LG-AS-1228,SY-509/5,366.87,Forest,1,1
PCL-LG-AS-1228-06,LG-AS-1228,SY-452/6,366.87,Forest,1,1
PCL-LG-BR-1229-01,LG-BR-1229,SY-132/1,77.2,Forest,1,1
PCL-LG-BR-1229-02,LG-BR-1229,SY-316/2,77.2,Community,1,0
PCL-LG-BR-1229-03,LG-BR-1229,SY-988/3,77.2,Private,0,0
PCL-LG-BR-1229-04,LG-BR-1229,SY-768/4,77.2,Community,1,0
PCL-LG-CG-1230-01,LG-CG-1230,SY-265/1,28.51,Community,1,1
PCL-LG-CG-1230-02,LG-CG-1230,SY-242/2,28.51,Private,1,1
PCL-LG-CG-1230-03,LG-CG-1230,SY-938/3,28.51,Forest,1,0
PCL-LG-CG-1230-04,LG-CG-1230,SY-765/4,28.51,Forest,1,0
PCL-LG-CG-1230-05,LG-CG-1230,SY-683/5,28.51,Government,0,0
PCL-LG-CG-1230-06,LG-CG-1230,SY-851/6,28.51,Private,1,0
PCL-LG-CG-1230-07,LG-CG-1230,SY-620/7,28.51,Forest,1,0
PCL-LG-CG-1230-08,LG-CG-1230,SY-890/8,28.51,Private,1,0
PCL-LG-GA-1231-01,LG-GA-1231,SY-944/1,318.65,Forest,0,1
PCL-LG-GA-1231-02,LG-GA-1231,SY-389/2,318.65,Private,1,0
PCL-LG-GA-1231-03,LG-GA-1231,SY-886/3,318.65,Forest,0,0
PCL-LG-GA-1231-04,LG-GA-1231,SY-366/4,318.65,Private,0,0
PCL-LG-GJ-1232-01,LG-GJ-1232,SY-877/1,278.54,Forest,1,0
PCL-LG-GJ-1232-02,LG-GJ-1232,SY-814/2,278.54,Community,1,0
PCL-LG-GJ-1232-03,LG-GJ-1232,SY-705/3,278.54,Private,1,0
PCL-LG-GJ-1232-04,LG-GJ-1232,SY-747/4,278.54,Private,1,0
PCL-LG-GJ-1232-05,LG-GJ-1232,SY-667/5,278.54,Forest,1,0
PCL-LG-GJ-1232-06,LG-GJ-1232,SY-815/6,278.54,Community,0,1
PCL-LG-GJ-1232-07,LG-GJ-1232,SY-341/7,278.54,Government,1,1
PCL-LG-HR-1233-01,LG-HR-1233,SY-695/1,306.32,Forest,0,1
PCL-LG-HR-1233-02,LG-HR-1233,SY-710/2,306.32,Private,1,0
PCL-LG-HR-1233-03,LG-HR-1233,SY-421/3,306.32,Government,1,0
PCL-LG-HR-1233-04,LG-HR-1233,SY-578/4,306.32,Community,0,0
PCL-LG-HR-1233-05,LG-HR-1233,SY-384/5,306.32,Private,0,0
PCL-LG-HR-1233-06,LG-HR-1233,SY-347/6,306.32,Community,1,0
PCL-LG-HR-1233-07,LG-HR-1233,SY-852/7,306.32,Community,0,1
PCL-LG-HR-1233-08,LG-HR-1233,SY-451/8,306.32,Community,1,1
PCL-LG-HP-1234-01,LG-HP-1234,SY-203/1,340.28,Community,1,0
PCL-LG-HP-1234-02,LG-HP-1234,SY-506/2,340.28,Private,1,0
PCL-LG-HP-1234-03,LG-HP-1234,SY-514/3,340.28,Forest,1,0
PCL-LG-HP-1234-04,LG-HP-1234,SY-418/4,340.28,Private,0,0
PCL-LG-HP-1234-05,LG-HP-1234,SY-540/5,340.28,Community,1,0
PCL-LG-HP-1234-06,LG-HP-1234,SY-660/6,340.28,Government,1,0
PCL-LG-JH-1235-01,LG-JH-1235,SY-353/1,264.95,Forest,1,0
PCL-LG-JH-1235-02,LG-JH-1235,SY-432/2,264.95,Private,1,0
PCL-LG-JH-1235-03,LG-JH-1235,SY-972/3,264.95,Private,1,0
PCL-LG-JH-1235-04,LG-JH-1235,SY-773/4,264.95,Government,1,0
PCL-LG-JH-1235-05,LG-JH-1235,SY-685/5,264.95,Private,1,0
PCL-LG-JH-1235-06,LG-JH-1235,SY-154/6,264.95,Private,1,1
PCL-LG-JH-1235-07,LG-JH-1235,SY-232/7,264.95,Private,1,1
PCL-LG-JH-1235-08,LG-JH-1235,SY-564/8,264.95,Forest,0,0
PCL-LG-KA-1236-01,LG-KA-1236,SY-673/1,135.66,Private,1,1
PCL-LG-KA-1236-02,LG-KA-1236,SY-586/2,135.66,Community,1,1
PCL-LG-KA-1236-03,LG-KA-1236,SY-990/3,135.66,Forest,1,0
PCL-LG-KA-1236-04,LG-KA-1236,SY-897/4,135.66,Private,1,1
PCL-LG-KA-1236-05,LG-KA-1236,SY-169/5,135.66,Government,1,0
PCL-LG-KA-1236-06,LG-KA-1236,SY-922/6,135.66,Government,1,0
PCL-LG-KA-1236-07,LG-KA-1236,SY-867/7,135.66,Private,1,1
PCL-LG-KA-1236-08,LG-KA-1236,SY-610/8,135.66,Private,1,0
PCL-LG-KL-1237-01,LG-KL-1237,SY-759/1,38.6,Forest,0,0
PCL-LG-KL-1237-02,LG-KL-1237,SY-849/2,38.6,Government,0,1
PCL-LG-KL-1237-03,LG-KL-1237,SY-395/3,38.6,Government,1,0
PCL-LG-KL-1237-04,LG-KL-1237,SY-282/4,38.6,Forest,0,0
PCL-LG-KL-1237-05,LG-KL-1237,SY-276/5,38.6,Community,1,1
PCL-LG-KL-1237-06,LG-KL-1237,SY-426/6,38.6,Forest,0,0
PCL-LG-KL-1237-07,LG-KL-1237,SY-546/7,38.6,Government,1,0
PCL-LG-MP-1238-01,LG-MP-1238,SY-278/1,201.4,Community,1,0
PCL-LG-MP-1238-02,LG-MP-1238,SY-902/2,201.4,Government,1,1
PCL-LG-MP-1238-03,LG-MP-1238,SY-635/3,201.4,Community,1,1
PCL-LG-MP-1238-04,LG-MP-1238,SY-520/4,201.4,Government,1,0
PCL-LG-MP-1238-05,LG-MP-1238,SY-873/5,201.4,Forest,1,0
PCL-LG-MP-1238-06,LG-MP-1238,SY-696/6,201.4,Community,1,0
PCL-LG-MP-1238-07,LG-MP-1238,SY-662/7,201.4,Government,1,1
PCL-LG-MP-1238-08,LG-MP-1238,SY-305/8,201.4,Forest,0,1
PCL-LG-MH-1239-01,LG-MH-1239,SY-613/1,256.54,Private,1,1
PCL-LG-MH-1239-02,LG-MH-1239,SY-410/2,256.54,Forest,1,0
PCL-LG-MH-1239-03,LG-MH-1239,SY-561/3,256.54,Government,0,1
PCL-LG-MH-1239-04,LG-MH-1239,SY-235/4,256.54,Community,1,1
PCL-LG-MH-1239-05,LG-MH-1239,SY-403/5,256.54,Private,1,0
PCL-LG-MH-1239-06,LG-MH-1239,SY-713/6,256.54,Private,1,0
PCL-LG-MH-1239-07,LG-MH-1239,SY-566/7,256.54,Forest,1,0
PCL-LG-MN-1240-01,LG-MN-1240,SY-602/1,293.32,Government,0,1
PCL-LG-MN-1240-02,LG-MN-1240,SY-118/2,293.32,Community,1,1
PCL-LG-MN-1240-03,LG-MN-1240,SY-888/3,293.32,Government,1,1
PCL-LG-MN-1240-04,LG-MN-1240,SY-629/4,293.32,Government,1,1
PCL-LG-ML-1241-01,LG-ML-1241,SY-114/1,760.3,Government,0,1
PCL-LG-ML-1241-02,LG-ML-1241,SY-108/2,760.3,Community,0,1
PCL-LG-ML-1241-03,LG-ML-1241,SY-911/3,760.3,Government,1,0
PCL-LG-MZ-1242-01,LG-MZ-1242,SY-746/1,248.84,Forest,1,0
PCL-LG-MZ-1242-02,LG-MZ-1242,SY-724/2,248.84,Government,1,0
PCL-LG-MZ-1242-03,LG-MZ-1242,SY-274/3,248.84,Private,1,1
PCL-LG-MZ-1242-04,LG-MZ-1242,SY-660/4,248.84,Private,0,1
PCL-LG-MZ-1242-05,LG-MZ-1242,SY-121/5,248.84,Government,1,1
PCL-LG-NL-1243-01,LG-NL-1243,SY-892/1,542.45,Government,1,0
PCL-LG-NL-1243-02,LG-NL-1243,SY-270/2,542.45,Community,1,0
PCL-LG-NL-1243-03,LG-NL-1243,SY-412/3,542.45,Forest,1,0
PCL-LG-NL-1243-04,LG-NL-1243,SY-173/4,542.45,Community,1,1
PCL-LG-OD-1244-01,LG-OD-1244,SY-669/1,538.7,Private,1,1
PCL-LG-OD-1244-02,LG-OD-1244,SY-698/2,538.7,Forest,1,1
PCL-LG-OD-1244-03,LG-OD-1244,SY-268/3,538.7,Government,1,0
PCL-LG-OD-1244-04,LG-OD-1244,SY-280/4,538.7,Forest,0,0
PCL-LG-PB-1245-01,LG-PB-1245,SY-716/1,632.0,Community,1,0
PCL-LG-PB-1245-02,LG-PB-1245,SY-620/2,632.0,Private,0,0
PCL-LG-PB-1245-03,LG-PB-1245,SY-250/3,632.0,Private,1,1
PCL-LG-RJ-1246-01,LG-RJ-1246,SY-556/1,455.55,Forest,1,0
PCL-LG-RJ-1246-02,LG-RJ-1246,SY-897/2,455.55,Forest,1,1
PCL-LG-RJ-1246-03,LG-RJ-1246,SY-465/3,455.55,Forest,1,0
PCL-LG-RJ-1246-04,LG-RJ-1246,SY-234/4,455.55,Government,0,0
PCL-LG-SK-1247-01,LG-SK-1247,SY-152/1,225.97,Forest,0,0
PCL-LG-SK-1247-02,LG-SK-1247,SY-890/2,225.97,Forest,1,0
PCL-LG-SK-1247-03,LG-SK-1247,SY-773/3,225.97,Forest,0,0
PCL-LG-SK-1247-04,LG-SK-1247,SY-132/4,225.97,Government,0,0
PCL-LG-SK-1247-05,LG-SK-1247,SY-627/5,225.97,Forest,1,1
PCL-LG-SK-1247-06,LG-SK-1247,SY-317/6,225.97,Community,1,0
PCL-LG-SK-1247-07,LG-SK-1247,SY-248/7,225.97,Private,1,0
PCL-LG-SK-1247-08,LG-SK-1247,SY-774/8,225.97,Private,1,0
PCL-LG-TN-1248-01,LG-TN-1248,SY-565/1,116.51,Community,1,0
PCL-LG-TN-1248-02,LG-TN-1248,SY-864/2,116.51,Community,0,0
PCL-LG-TN-1248-03,LG-TN-1248,SY-619/3,116.51,Forest,0,0
PCL-LG-TN-1248-04,LG-TN-1248,SY-195/4,116.51,Forest,0,0
PCL-LG-TN-1248-05,LG-TN-1248,SY-331/5,116.51,Government,1,0
PCL-LG-TN-1248-06,LG-TN-1248,SY-613/6,116.51,Government,0,1
PCL-LG-TN-1248-07,LG-TN-1248,SY-138/7,116.51,Government,1,1
PCL-LG-TN-1248-08,LG-TN-1248,SY-840/8,116.51,Forest,1,0
PCL-LG-TS-1249-01,LG-TS-1249,SY-708/1,131.83,Forest,0,0
PCL-LG-TS-1249-02,LG-TS-1249,SY-880/2,131.83,Private,1,0
PCL-LG-TS-1249-03,LG-TS-1249,SY-856/3,131.83,Private,1,1
PCL-LG-TS-1249-04,LG-TS-1249,SY-792/4,131.83,Private,0,1
PCL-LG-TS-1249-05,LG-TS-1249,SY-747/5,131.83,Community,1,0
PCL-LG-TS-1249-06,LG-TS-1249,SY-653/6,131.83,Private,1,0
PCL-LG-TR-1250-01,LG-TR-1250,SY-368/1,401.85,Government,0,0
PCL-LG-TR-1250-02,LG-TR-1250,SY-536/2,401.85,Private,0,1
PCL-LG-TR-1250-03,LG-TR-1250,SY-351/3,401.85,Community,1,0
PCL-LG-TR-1250-04,LG-TR-1250,SY-180/4,401.85,Community,1,0
