geo_id,project_id,latitude,longitude,boundary_geojson
GEO-TN-0042,LG-TN-0042,11.0368,76.9858,"{""type"":""Point"",""coordinates"":[76.9858,11.0368]}"
GEO-AP-0002,LG-AP-0002,16.629442,80.772075,"{""type"":""Point"",""coordinates"":[80.772075,16.629442]}"
GEO-AR-0003,LG-AR-0003,26.973938,93.539837,"{""type"":""Point"",""coordinates"":[93.539837,26.973938]}"
GEO-AS-0004,LG-AS-0004,26.011281,91.832741,"{""type"":""Point"",""coordinates"":[91.832741,26.011281]}"
GEO-BR-0005,LG-BR-0005,25.998173,85.228835,"{""type"":""Point"",""coordinates"":[85.228835,25.998173]}"
GEO-CG-0006,LG-CG-0006,21.318028,81.695504,"{""type"":""Point"",""coordinates"":[81.695504,21.318028]}"
GEO-GA-0007,LG-GA-0007,15.420164,73.946381,"{""type"":""Point"",""coordinates"":[73.946381,15.420164]}"
GEO-GJ-0008,LG-GJ-0008,21.02651,72.847276,"{""type"":""Point"",""coordinates"":[72.847276,21.02651]}"
GEO-HR-0009,LG-HR-0009,28.399007,77.386523,"{""type"":""Point"",""coordinates"":[77.386523,28.399007]}"
GEO-HP-0010,LG-HP-0010,31.703108,77.041395,"{""type"":""Point"",""coordinates"":[77.041395,31.703108]}"
GEO-JH-0011,LG-JH-0011,23.249847,85.338111,"{""type"":""Point"",""coordinates"":[85.338111,23.249847]}"
GEO-KA-0012,LG-KA-0012,12.444629,76.511378,"{""type"":""Point"",""coordinates"":[76.511378,12.444629]}"
GEO-KL-0013,LG-KL-0013,10.046884,76.210979,"{""type"":""Point"",""coordinates"":[76.210979,10.046884]}"
GEO-MP-0014,LG-MP-0014,23.160436,79.848949,"{""type"":""Point"",""coordinates"":[79.848949,23.160436]}"
GEO-MH-0015,LG-MH-0015,21.206183,79.052963,"{""type"":""Point"",""coordinates"":[79.052963,21.206183]}"
GEO-MN-0016,LG-MN-0016,24.745365,93.974177,"{""type"":""Point"",""coordinates"":[93.974177,24.745365]}"
GEO-ML-0017,LG-ML-0017,25.580626,90.143297,"{""type"":""Point"",""coordinates"":[90.143297,25.580626]}"
GEO-MZ-0018,LG-MZ-0018,22.972107,92.634207,"{""type"":""Point"",""coordinates"":[92.634207,22.972107]}"
GEO-NL-0019,LG-NL-0019,25.731387,94.226398,"{""type"":""Point"",""coordinates"":[94.226398,25.731387]}"
GEO-OD-0020,LG-OD-0020,20.404548,85.809521,"{""type"":""Point"",""coordinates"":[85.809521,20.404548]}"
GEO-PB-0021,LG-PB-0021,31.733867,74.839143,"{""type"":""Point"",""coordinates"":[74.839143,31.733867]}"
GEO-RJ-0022,LG-RJ-0022,26.9613,75.662484,"{""type"":""Point"",""coordinates"":[75.662484,26.9613]}"
GEO-SK-0023,LG-SK-0023,27.203101,88.271563,"{""type"":""Point"",""coordinates"":[88.271563,27.203101]}"
GEO-TN-0024,LG-TN-0024,12.789188,80.013723,"{""type"":""Point"",""coordinates"":[80.013723,12.789188]}"
GEO-TS-0025,LG-TS-0025,17.412742,78.433391,"{""type"":""Point"",""coordinates"":[78.433391,17.412742]}"
GEO-TR-0026,LG-TR-0026,23.908949,91.343983,"{""type"":""Point"",""coordinates"":[91.343983,23.908949]}"
GEO-UP-0027,LG-UP-0027,25.25055,83.000776,"{""type"":""Point"",""coordinates"":[83.000776,25.25055]}"
GEO-UK-0028,LG-UK-0028,29.285609,79.329013,"{""type"":""Point"",""coordinates"":[79.329013,29.285609]}"
GEO-WB-0029,LG-WB-0029,22.571409,87.261414,"{""type"":""Point"",""coordinates"":[87.261414,22.571409]}"
GEO-AN-0030,LG-AN-0030,11.660917,92.774855,"{""type"":""Point"",""coordinates"":[92.774855,11.660917]}"
GEO-CH-0031,LG-CH-0031,30.850127,76.84976,"{""type"":""Point"",""coordinates"":[76.84976,30.850127]}"
GEO-DH-0032,LG-DH-0032,20.15768,72.906547,"{""type"":""Point"",""coordinates"":[72.906547,20.15768]}"
GEO-DL-0033,LG-DL-0033,28.756302,77.276435,"{""type"":""Point"",""coordinates"":[77.276435,28.756302]}"
GEO-JK-0034,LG-JK-0034,32.718266,74.844036,"{""type"":""Point"",""coordinates"":[74.844036,32.718266]}"
GEO-LA-0035,LG-LA-0035,34.115763,77.706956,"{""type"":""Point"",""coordinates"":[77.706956,34.115763]}"
GEO-LD-0036,LG-LD-0036,10.539694,72.688134,"{""type"":""Point"",""coordinates"":[72.688134,10.539694]}"
GEO-PY-0037,LG-PY-0037,11.821133,79.848424,"{""type"":""Point"",""coordinates"":[79.848424,11.821133]}"
GEO-AP-0038,LG-AP-0038,17.806473,83.208076,"{""type"":""Point"",""coordinates"":[83.208076,17.806473]}"
GEO-AR-0039,LG-AR-0039,27.69562,91.942893,"{""type"":""Point"",""coordinates"":[91.942893,27.69562]}"
GEO-AS-0040,LG-AS-0040,26.119151,91.646438,"{""type"":""Point"",""coordinates"":[91.646438,26.119151]}"
GEO-BR-0041,LG-BR-0041,26.195603,85.293348,"{""type"":""Point"",""coordinates"":[85.293348,26.195603]}"
GEO-CG-0042,LG-CG-0042,22.326094,82.711403,"{""type"":""Point"",""coordinates"":[82.711403,22.326094]}"
GEO-GA-0043,LG-GA-0043,15.316111,73.987244,"{""type"":""Point"",""coordinates"":[73.987244,15.316111]}"
GEO-GJ-0044,LG-GJ-0044,23.070817,72.429134,"{""type"":""Point"",""coordinates"":[72.429134,23.070817]}"
GEO-HR-0045,LG-HR-0045,28.327748,77.020295,"{""type"":""Point"",""coordinates"":[77.020295,28.327748]}"
GEO-HP-0046,LG-HP-0046,32.076544,76.367326,"{""type"":""Point"",""coordinates"":[76.367326,32.076544]}"
GEO-JH-0047,LG-JH-0047,23.781382,86.283439,"{""type"":""Point"",""coordinates"":[86.283439,23.781382]}"
GEO-KA-0048,LG-KA-0048,15.792395,74.449647,"{""type"":""Point"",""coordinates"":[74.449647,15.792395]}"
GEO-KL-0049,LG-KL-0049,8.507034,76.913804,"{""type"":""Point"",""coordinates"":[76.913804,8.507034]}"
GEO-MP-0050,LG-MP-0050,26.292404,78.085508,"{""type"":""Point"",""coordinates"":[78.085508,26.292404]}"
GEO-MH-0051,LG-MH-0051,19.206329,73.034983,"{""type"":""Point"",""coordinates"":[73.034983,19.206329]}"
GEO-MN-0052,LG-MN-0052,24.23535,93.579161,"{""type"":""Point"",""coordinates"":[93.579161,24.23535]}"
GEO-ML-0053,LG-ML-0053,25.451057,91.881823,"{""type"":""Point"",""coordinates"":[91.881823,25.451057]}"
GEO-MZ-0054,LG-MZ-0054,23.680131,92.781895,"{""type"":""Point"",""coordinates"":[92.781895,23.680131]}"
GEO-NL-0055,LG-NL-0055,25.567529,94.063546,"{""type"":""Point"",""coordinates"":[94.063546,25.567529]}"
GEO-OD-0056,LG-OD-0056,19.27127,84.92315,"{""type"":""Point"",""coordinates"":[84.92315,19.27127]}"
GEO-PB-0057,LG-PB-0057,30.84384,75.949887,"{""type"":""Point"",""coordinates"":[75.949887,30.84384]}"
GEO-RJ-0058,LG-RJ-0058,25.335392,75.759005,"{""type"":""Point"",""coordinates"":[75.759005,25.335392]}"
GEO-SK-0059,LG-SK-0059,27.266033,88.427652,"{""type"":""Point"",""coordinates"":[88.427652,27.266033]}"
GEO-TN-0060,LG-TN-0060,12.662872,80.018043,"{""type"":""Point"",""coordinates"":[80.018043,12.662872]}"
GEO-TS-0061,LG-TS-0061,17.313804,78.494053,"{""type"":""Point"",""coordinates"":[78.494053,17.313804]}"
GEO-TR-0062,LG-TR-0062,23.941239,91.236377,"{""type"":""Point"",""coordinates"":[91.236377,23.941239]}"
GEO-UP-0063,LG-UP-0063,26.824535,81.003129,"{""type"":""Point"",""coordinates"":[81.003129,26.824535]}"
GEO-UK-0064,LG-UK-0064,29.989249,78.122845,"{""type"":""Point"",""coordinates"":[78.122845,29.989249]}"
GEO-WB-0065,LG-WB-0065,22.56996,88.250691,"{""type"":""Point"",""coordinates"":[88.250691,22.56996]}"
GEO-AN-0066,LG-AN-0066,11.639606,92.687173,"{""type"":""Point"",""coordinates"":[92.687173,11.639606]}"
GEO-CH-0067,LG-CH-0067,30.63189,76.909821,"{""type"":""Point"",""coordinates"":[76.909821,30.63189]}"
GEO-DH-0068,LG-DH-0068,20.537434,72.714067,"{""type"":""Point"",""coordinates"":[72.714067,20.537434]}"
GEO-DL-0069,LG-DL-0069,28.55196,77.295533,"{""type"":""Point"",""coordinates"":[77.295533,28.55196]}"
GEO-JK-0070,LG-JK-0070,32.583553,74.99057,"{""type"":""Point"",""coordinates"":[74.99057,32.583553]}"
GEO-LA-0071,LG-LA-0071,34.519805,76.120006,"{""type"":""Point"",""coordinates"":[76.120006,34.519805]}"
GEO-LD-0072,LG-LD-0072,10.534586,72.67665,"{""type"":""Point"",""coordinates"":[72.67665,10.534586]}"
GEO-PY-0073,LG-PY-0073,10.93267,79.904355,"{""type"":""Point"",""coordinates"":[79.904355,10.93267]}"
GEO-AP-0074,LG-AP-0074,15.815999,78.047238,"{""type"":""Point"",""coordinates"":[78.047238,15.815999]}"
GEO-AR-0075,LG-AR-0075,27.142957,95.848728,"{""type"":""Point"",""coordinates"":[95.848728,27.142957]}"
GEO-AS-0076,LG-AS-0076,26.760212,94.245083,"{""type"":""Point"",""coordinates"":[94.245083,26.760212]}"
GEO-BR-0077,LG-BR-0077,25.695381,85.267777,"{""type"":""Point"",""coordinates"":[85.267777,25.695381]}"
GEO-CG-0078,LG-CG-0078,21.200605,81.698936,"{""type"":""Point"",""coordinates"":[81.698936,21.200605]}"
GEO-GA-0079,LG-GA-0079,15.203698,73.906988,"{""type"":""Point"",""coordinates"":[73.906988,15.203698]}"
GEO-GJ-0080,LG-GJ-0080,22.984587,72.631982,"{""type"":""Point"",""coordinates"":[72.631982,22.984587]}"
GEO-HR-0081,LG-HR-0081,29.562982,76.993613,"{""type"":""Point"",""coordinates"":[76.993613,29.562982]}"
GEO-HP-0082,LG-HP-0082,30.995429,77.215858,"{""type"":""Point"",""coordinates"":[77.215858,30.995429]}"
GEO-JH-0083,LG-JH-0083,23.67888,86.248108,"{""type"":""Point"",""coordinates"":[86.248108,23.67888]}"
GEO-KA-0084,LG-KA-0084,12.404919,76.506333,"{""type"":""Point"",""coordinates"":[76.506333,12.404919]}"
GEO-KL-0085,LG-KL-0085,11.310203,75.866141,"{""type"":""Point"",""coordinates"":[75.866141,11.310203]}"
GEO-MP-0086,LG-MP-0086,23.280322,79.851861,"{""type"":""Point"",""coordinates"":[79.851861,23.280322]}"
GEO-MH-0087,LG-MH-0087,19.182499,72.988195,"{""type"":""Point"",""coordinates"":[72.988195,19.182499]}"
GEO-MN-0088,LG-MN-0088,24.33309,93.729682,"{""type"":""Point"",""coordinates"":[93.729682,24.33309]}"
GEO-ML-0089,LG-ML-0089,25.617463,90.12263,"{""type"":""Point"",""coordinates"":[90.12263,25.617463]}"
GEO-MZ-0090,LG-MZ-0090,23.649391,92.753534,"{""type"":""Point"",""coordinates"":[92.753534,23.649391]}"
GEO-NL-0091,LG-NL-0091,25.905958,93.707373,"{""type"":""Point"",""coordinates"":[93.707373,25.905958]}"
GEO-OD-0092,LG-OD-0092,22.279587,84.873609,"{""type"":""Point"",""coordinates"":[84.873609,22.279587]}"
GEO-PB-0093,LG-PB-0093,30.812243,76.701654,"{""type"":""Point"",""coordinates"":[76.701654,30.812243]}"
GEO-RJ-0094,LG-RJ-0094,25.230222,75.837213,"{""type"":""Point"",""coordinates"":[75.837213,25.230222]}"
GEO-SK-0095,LG-SK-0095,27.23268,88.506662,"{""type"":""Point"",""coordinates"":[88.506662,27.23268]}"
GEO-TN-0096,LG-TN-0096,9.983788,78.113503,"{""type"":""Point"",""coordinates"":[78.113503,9.983788]}"
GEO-TS-0097,LG-TS-0097,17.39569,78.488697,"{""type"":""Point"",""coordinates"":[78.488697,17.39569]}"
GEO-TR-0098,LG-TR-0098,23.582708,91.383202,"{""type"":""Point"",""coordinates"":[91.383202,23.582708]}"
GEO-UP-0099,LG-UP-0099,27.11533,78.134264,"{""type"":""Point"",""coordinates"":[78.134264,27.11533]}"
GEO-UK-0100,LG-UK-0100,30.334455,78.169739,"{""type"":""Point"",""coordinates"":[78.169739,30.334455]}"
GEO-WB-0101,LG-WB-0101,22.728315,88.521733,"{""type"":""Point"",""coordinates"":[88.521733,22.728315]}"
GEO-AN-0102,LG-AN-0102,11.619401,92.737714,"{""type"":""Point"",""coordinates"":[92.737714,11.619401]}"
GEO-CH-0103,LG-CH-0103,30.650753,76.716001,"{""type"":""Point"",""coordinates"":[76.716001,30.650753]}"
GEO-DH-0104,LG-DH-0104,20.152395,73.117887,"{""type"":""Point"",""coordinates"":[73.117887,20.152395]}"
GEO-DL-0105,LG-DL-0105,28.699607,77.334631,"{""type"":""Point"",""coordinates"":[77.334631,28.699607]}"
GEO-JK-0106,LG-JK-0106,32.837272,74.96115,"{""type"":""Point"",""coordinates"":[74.96115,32.837272]}"
GEO-LA-0107,LG-LA-0107,34.140475,77.464371,"{""type"":""Point"",""coordinates"":[77.464371,34.140475]}"
GEO-LD-0108,LG-LD-0108,10.480726,72.515082,"{""type"":""Point"",""coordinates"":[72.515082,10.480726]}"
GEO-PY-0109,LG-PY-0109,11.974696,79.707535,"{""type"":""Point"",""coordinates"":[79.707535,11.974696]}"
GEO-AP-0110,LG-AP-0110,16.419448,80.348134,"{""type"":""Point"",""coordinates"":[80.348134,16.419448]}"
GEO-AR-0111,LG-AR-0111,27.058656,95.591948,"{""type"":""Point"",""coordinates"":[95.591948,27.058656]}"
GEO-AS-0112,LG-AS-0112,26.066091,91.659544,"{""type"":""Point"",""coordinates"":[91.659544,26.066091]}"
GEO-BR-0113,LG-BR-0113,25.193003,86.962997,"{""type"":""Point"",""coordinates"":[86.962997,25.193003]}"
GEO-CG-0114,LG-CG-0114,21.389503,81.490209,"{""type"":""Point"",""coordinates"":[81.490209,21.389503]}"
GEO-GA-0115,LG-GA-0115,15.234276,73.895579,"{""type"":""Point"",""coordinates"":[73.895579,15.234276]}"
GEO-GJ-0116,LG-GJ-0116,22.22865,73.178809,"{""type"":""Point"",""coordinates"":[73.178809,22.22865]}"
GEO-HR-0117,LG-HR-0117,28.587313,76.994486,"{""type"":""Point"",""coordinates"":[76.994486,28.587313]}"
GEO-HP-0118,LG-HP-0118,31.649964,76.993411,"{""type"":""Point"",""coordinates"":[76.993411,31.649964]}"
GEO-JH-0119,LG-JH-0119,23.48887,85.198815,"{""type"":""Point"",""coordinates"":[85.198815,23.48887]}"
GEO-KA-0120,LG-KA-0120,15.708545,74.552664,"{""type"":""Point"",""coordinates"":[74.552664,15.708545]}"
GEO-KL-0121,LG-KL-0121,9.975505,76.384331,"{""type"":""Point"",""coordinates"":[76.384331,9.975505]}"
GEO-MP-0122,LG-MP-0122,23.328963,79.888514,"{""type"":""Point"",""coordinates"":[79.888514,23.328963]}"
GEO-MH-0123,LG-MH-0123,18.646034,73.959985,"{""type"":""Point"",""coordinates"":[73.959985,18.646034]}"
GEO-MN-0124,LG-MN-0124,24.391368,93.811954,"{""type"":""Point"",""coordinates"":[93.811954,24.391368]}"
GEO-ML-0125,LG-ML-0125,25.588303,90.124599,"{""type"":""Point"",""coordinates"":[90.124599,25.588303]}"
GEO-MZ-0126,LG-MZ-0126,22.838669,92.695904,"{""type"":""Point"",""coordinates"":[92.695904,22.838669]}"
GEO-NL-0127,LG-NL-0127,25.952091,93.759395,"{""type"":""Point"",""coordinates"":[93.759395,25.952091]}"
GEO-OD-0128,LG-OD-0128,19.410065,84.959902,"{""type"":""Point"",""coordinates"":[84.959902,19.410065]}"
GEO-PB-0129,LG-PB-0129,30.796339,75.916241,"{""type"":""Point"",""coordinates"":[75.916241,30.796339]}"
GEO-RJ-0130,LG-RJ-0130,26.917445,75.808746,"{""type"":""Point"",""coordinates"":[75.808746,26.917445]}"
GEO-SK-0131,LG-SK-0131,27.286738,88.53936,"{""type"":""Point"",""coordinates"":[88.53936,27.286738]}"
GEO-TN-0132,LG-TN-0132,12.705707,79.975514,"{""type"":""Point"",""coordinates"":[79.975514,12.705707]}"
GEO-TS-0133,LG-TS-0133,17.282933,78.497747,"{""type"":""Point"",""coordinates"":[78.497747,17.282933]}"
GEO-TR-0134,LG-TR-0134,23.658709,91.54469,"{""type"":""Point"",""coordinates"":[91.54469,23.658709]}"
GEO-UP-0135,LG-UP-0135,26.361919,80.377376,"{""type"":""Point"",""coordinates"":[80.377376,26.361919]}"
GEO-UK-0136,LG-UK-0136,29.320944,79.469791,"{""type"":""Point"",""coordinates"":[79.469791,29.320944]}"
GEO-WB-0137,LG-WB-0137,22.544306,87.411429,"{""type"":""Point"",""coordinates"":[87.411429,22.544306]}"
GEO-AN-0138,LG-AN-0138,11.695676,92.794056,"{""type"":""Point"",""coordinates"":[92.794056,11.695676]}"
GEO-CH-0139,LG-CH-0139,30.628534,76.927104,"{""type"":""Point"",""coordinates"":[76.927104,30.628534]}"
GEO-DH-0140,LG-DH-0140,20.255008,73.00152,"{""type"":""Point"",""coordinates"":[73.00152,20.255008]}"
GEO-DL-0141,LG-DL-0141,28.748439,77.195778,"{""type"":""Point"",""coordinates"":[77.195778,28.748439]}"
GEO-JK-0142,LG-JK-0142,32.587809,74.969963,"{""type"":""Point"",""coordinates"":[74.969963,32.587809]}"
GEO-LA-0143,LG-LA-0143,34.435374,76.20053,"{""type"":""Point"",""coordinates"":[76.20053,34.435374]}"
GEO-LD-0144,LG-LD-0144,10.564931,72.776534,"{""type"":""Point"",""coordinates"":[72.776534,10.564931]}"
GEO-PY-0145,LG-PY-0145,11.890198,79.926658,"{""type"":""Point"",""coordinates"":[79.926658,11.890198]}"
GEO-AP-0146,LG-AP-0146,13.237883,79.081749,"{""type"":""Point"",""coordinates"":[79.081749,13.237883]}"
GEO-AR-0147,LG-AR-0147,27.124579,95.779113,"{""type"":""Point"",""coordinates"":[95.779113,27.124579]}"
GEO-AS-0148,LG-AS-0148,26.734157,94.22561,"{""type"":""Point"",""coordinates"":[94.22561,26.734157]}"
GEO-BR-0149,LG-BR-0149,25.624085,85.202597,"{""type"":""Point"",""coordinates"":[85.202597,25.624085]}"
GEO-CG-0150,LG-CG-0150,21.097574,81.23628,"{""type"":""Point"",""coordinates"":[81.23628,21.097574]}"
GEO-GA-0151,LG-GA-0151,15.303764,74.072909,"{""type"":""Point"",""coordinates"":[74.072909,15.303764]}"
GEO-GJ-0152,LG-GJ-0152,22.441398,70.803368,"{""type"":""Point"",""coordinates"":[70.803368,22.441398]}"
GEO-HR-0153,LG-HR-0153,30.56281,76.945907,"{""type"":""Point"",""coordinates"":[76.945907,30.56281]}"
GEO-HP-0154,LG-HP-0154,31.144937,77.236264,"{""type"":""Point"",""coordinates"":[77.236264,31.144937]}"
GEO-JH-0155,LG-JH-0155,23.692142,86.326511,"{""type"":""Point"",""coordinates"":[86.326511,23.692142]}"
GEO-KA-0156,LG-KA-0156,13.049192,74.891484,"{""type"":""Point"",""coordinates"":[74.891484,13.049192]}"
GEO-KL-0157,LG-KL-0157,10.435354,76.218568,"{""type"":""Point"",""coordinates"":[76.218568,10.435354]}"
GEO-MP-0158,LG-MP-0158,23.348164,77.430025,"{""type"":""Point"",""coordinates"":[77.430025,23.348164]}"
GEO-MH-0159,LG-MH-0159,19.961924,73.886437,"{""type"":""Point"",""coordinates"":[73.886437,19.961924]}"
GEO-MN-0160,LG-MN-0160,24.758407,94.024489,"{""type"":""Point"",""coordinates"":[94.024489,24.758407]}"
GEO-ML-0161,LG-ML-0161,25.510857,90.152455,"{""type"":""Point"",""coordinates"":[90.152455,25.510857]}"
GEO-MZ-0162,LG-MZ-0162,23.796992,92.830966,"{""type"":""Point"",""coordinates"":[92.830966,23.796992]}"
GEO-NL-0163,LG-NL-0163,25.766997,93.655385,"{""type"":""Point"",""coordinates"":[93.655385,25.766997]}"
GEO-OD-0164,LG-OD-0164,19.458442,84.969525,"{""type"":""Point"",""coordinates"":[84.969525,19.458442]}"
GEO-PB-0165,LG-PB-0165,31.352304,75.695668,"{""type"":""Point"",""coordinates"":[75.695668,31.352304]}"
GEO-RJ-0166,LG-RJ-0166,26.861467,75.671302,"{""type"":""Point"",""coordinates"":[75.671302,26.861467]}"
GEO-SK-0167,LG-SK-0167,27.06787,88.449109,"{""type"":""Point"",""coordinates"":[88.449109,27.06787]}"
GEO-TN-0168,LG-TN-0168,10.693727,78.825182,"{""type"":""Point"",""coordinates"":[78.825182,10.693727]}"
GEO-TS-0169,LG-TS-0169,17.464758,78.609726,"{""type"":""Point"",""coordinates"":[78.609726,17.464758]}"
GEO-TR-0170,LG-TR-0170,23.800736,91.197908,"{""type"":""Point"",""coordinates"":[91.197908,23.800736]}"
GEO-UP-0171,LG-UP-0171,27.028287,77.885427,"{""type"":""Point"",""coordinates"":[77.885427,27.028287]}"
GEO-UK-0172,LG-UK-0172,30.363565,78.123373,"{""type"":""Point"",""coordinates"":[78.123373,30.363565]}"
GEO-WB-0173,LG-WB-0173,22.663642,88.281334,"{""type"":""Point"",""coordinates"":[88.281334,22.663642]}"
GEO-AN-0174,LG-AN-0174,11.70439,92.803742,"{""type"":""Point"",""coordinates"":[92.803742,11.70439]}"
GEO-CH-0175,LG-CH-0175,30.726267,76.735461,"{""type"":""Point"",""coordinates"":[76.735461,30.726267]}"
GEO-DH-0176,LG-DH-0176,20.138979,73.002988,"{""type"":""Point"",""coordinates"":[73.002988,20.138979]}"
GEO-DL-0177,LG-DL-0177,28.541173,77.175321,"{""type"":""Point"",""coordinates"":[77.175321,28.541173]}"
GEO-JK-0178,LG-JK-0178,34.139504,74.891557,"{""type"":""Point"",""coordinates"":[74.891557,34.139504]}"
GEO-LA-0179,LG-LA-0179,34.655592,76.013791,"{""type"":""Point"",""coordinates"":[76.013791,34.655592]}"
GEO-LD-0180,LG-LD-0180,10.600799,72.630826,"{""type"":""Point"",""coordinates"":[72.630826,10.600799]}"
GEO-PY-0181,LG-PY-0181,11.79853,79.876632,"{""type"":""Point"",""coordinates"":[79.876632,11.79853]}"
GEO-AP-0182,LG-AP-0182,16.641278,80.802948,"{""type"":""Point"",""coordinates"":[80.802948,16.641278]}"
GEO-AR-0183,LG-AR-0183,27.018139,93.496866,"{""type"":""Point"",""coordinates"":[93.496866,27.018139]}"
GEO-AS-0184,LG-AS-0184,24.806821,92.797066,"{""type"":""Point"",""coordinates"":[92.797066,24.806821]}"
GEO-BR-0185,LG-BR-0185,25.17414,87.021026,"{""type"":""Point"",""coordinates"":[87.021026,25.17414]}"
GEO-CG-0186,LG-CG-0186,22.028775,82.242164,"{""type"":""Point"",""coordinates"":[82.242164,22.028775]}"
GEO-GA-0187,LG-GA-0187,15.493033,73.815119,"{""type"":""Point"",""coordinates"":[73.815119,15.493033]}"
GEO-GJ-0188,LG-GJ-0188,23.103739,72.496017,"{""type"":""Point"",""coordinates"":[72.496017,23.103739]}"
GEO-HR-0189,LG-HR-0189,29.547547,77.052488,"{""type"":""Point"",""coordinates"":[77.052488,29.547547]}"
GEO-HP-0190,LG-HP-0190,31.564316,77.039049,"{""type"":""Point"",""coordinates"":[77.039049,31.564316]}"
GEO-JH-0191,LG-JH-0191,22.664145,86.245426,"{""type"":""Point"",""coordinates"":[86.245426,22.664145]}"
GEO-KA-0192,LG-KA-0192,15.790871,74.631081,"{""type"":""Point"",""coordinates"":[74.631081,15.790871]}"
GEO-KL-0193,LG-KL-0193,8.53427,76.966575,"{""type"":""Point"",""coordinates"":[76.966575,8.53427]}"
GEO-MP-0194,LG-MP-0194,23.186783,80.134424,"{""type"":""Point"",""coordinates"":[80.134424,23.186783]}"
GEO-MH-0195,LG-MH-0195,21.093208,79.08296,"{""type"":""Point"",""coordinates"":[79.08296,21.093208]}"
GEO-MN-0196,LG-MN-0196,24.345279,93.578174,"{""type"":""Point"",""coordinates"":[93.578174,24.345279]}"
GEO-ML-0197,LG-ML-0197,25.596589,91.889658,"{""type"":""Point"",""coordinates"":[91.889658,25.596589]}"
GEO-MZ-0198,LG-MZ-0198,23.822552,92.627506,"{""type"":""Point"",""coordinates"":[92.627506,23.822552]}"
GEO-NL-0199,LG-NL-0199,25.964521,93.777678,"{""type"":""Point"",""coordinates"":[93.777678,25.964521]}"
GEO-OD-0200,LG-OD-0200,19.259881,84.994637,"{""type"":""Point"",""coordinates"":[84.994637,19.259881]}"
GEO-PB-0201,LG-PB-0201,30.867151,76.007286,"{""type"":""Point"",""coordinates"":[76.007286,30.867151]}"
GEO-RJ-0202,LG-RJ-0202,26.96896,75.906893,"{""type"":""Point"",""coordinates"":[75.906893,26.96896]}"
GEO-SK-0203,LG-SK-0203,27.43541,88.647554,"{""type"":""Point"",""coordinates"":[88.647554,27.43541]}"
GEO-TN-0204,LG-TN-0204,9.922634,78.011054,"{""type"":""Point"",""coordinates"":[78.011054,9.922634]}"
GEO-TS-0205,LG-TS-0205,17.3706,78.364112,"{""type"":""Point"",""coordinates"":[78.364112,17.3706]}"
GEO-TR-0206,LG-TR-0206,23.474666,91.581586,"{""type"":""Point"",""coordinates"":[91.581586,23.474666]}"
GEO-UP-0207,LG-UP-0207,25.38139,82.88448,"{""type"":""Point"",""coordinates"":[82.88448,25.38139]}"
GEO-UK-0208,LG-UK-0208,29.993559,78.059227,"{""type"":""Point"",""coordinates"":[78.059227,29.993559]}"
GEO-WB-0209,LG-WB-0209,22.693045,88.353821,"{""type"":""Point"",""coordinates"":[88.353821,22.693045]}"
GEO-AN-0210,LG-AN-0210,11.521801,92.661814,"{""type"":""Point"",""coordinates"":[92.661814,11.521801]}"
GEO-CH-0211,LG-CH-0211,30.75471,76.923205,"{""type"":""Point"",""coordinates"":[76.923205,30.75471]}"
GEO-DH-0212,LG-DH-0212,20.285496,72.877338,"{""type"":""Point"",""coordinates"":[72.877338,20.285496]}"
GEO-DL-0213,LG-DL-0213,28.648698,77.067735,"{""type"":""Point"",""coordinates"":[77.067735,28.648698]}"
GEO-JK-0214,LG-JK-0214,34.033216,74.922156,"{""type"":""Point"",""coordinates"":[74.922156,34.033216]}"
GEO-LA-0215,LG-LA-0215,34.689118,76.049742,"{""type"":""Point"",""coordinates"":[76.049742,34.689118]}"
GEO-LD-0216,LG-LD-0216,10.554511,72.705803,"{""type"":""Point"",""coordinates"":[72.705803,10.554511]}"
GEO-PY-0217,LG-PY-0217,11.836396,79.740391,"{""type"":""Point"",""coordinates"":[79.740391,11.836396]}"
GEO-AP-0218,LG-AP-0218,17.715636,83.246327,"{""type"":""Point"",""coordinates"":[83.246327,17.715636]}"
GEO-AR-0219,LG-AR-0219,27.023117,95.84871,"{""type"":""Point"",""coordinates"":[95.84871,27.023117]}"
GEO-AS-0220,LG-AS-0220,24.821592,92.806061,"{""type"":""Point"",""coordinates"":[92.806061,24.821592]}"
GEO-BR-0221,LG-BR-0221,24.733811,84.971938,"{""type"":""Point"",""coordinates"":[84.971938,24.733811]}"
GEO-CG-0222,LG-CG-0222,21.375935,81.776687,"{""type"":""Point"",""coordinates"":[81.776687,21.375935]}"
GEO-GA-0223,LG-GA-0223,15.566026,73.971198,"{""type"":""Point"",""coordinates"":[73.971198,15.566026]}"
GEO-GJ-0224,LG-GJ-0224,22.322815,73.166214,"{""type"":""Point"",""coordinates"":[73.166214,22.322815]}"
GEO-HR-0225,LG-HR-0225,30.811175,76.737134,"{""type"":""Point"",""coordinates"":[76.737134,30.811175]}"
GEO-HP-0226,LG-HP-0226,32.125842,76.290958,"{""type"":""Point"",""coordinates"":[76.290958,32.125842]}"
GEO-JH-0227,LG-JH-0227,23.791176,86.520212,"{""type"":""Point"",""coordinates"":[86.520212,23.791176]}"
GEO-KA-0228,LG-KA-0228,13.106076,77.721338,"{""type"":""Point"",""coordinates"":[77.721338,13.106076]}"
GEO-KL-0229,LG-KL-0229,9.861083,76.346203,"{""type"":""Point"",""coordinates"":[76.346203,9.861083]}"
GEO-MP-0230,LG-MP-0230,26.095882,78.314352,"{""type"":""Point"",""coordinates"":[78.314352,26.095882]}"
GEO-MH-0231,LG-MH-0231,18.603532,73.82154,"{""type"":""Point"",""coordinates"":[73.82154,18.603532]}"
GEO-MN-0232,LG-MN-0232,24.33261,93.72916,"{""type"":""Point"",""coordinates"":[93.72916,24.33261]}"
GEO-ML-0233,LG-ML-0233,25.548984,91.932982,"{""type"":""Point"",""coordinates"":[91.932982,25.548984]}"
GEO-MZ-0234,LG-MZ-0234,23.793022,92.745484,"{""type"":""Point"",""coordinates"":[92.745484,23.793022]}"
GEO-NL-0235,LG-NL-0235,25.798477,93.773349,"{""type"":""Point"",""coordinates"":[93.773349,25.798477]}"
GEO-OD-0236,LG-OD-0236,19.271199,85.150928,"{""type"":""Point"",""coordinates"":[85.150928,19.271199]}"
GEO-PB-0237,LG-PB-0237,31.510742,74.917827,"{""type"":""Point"",""coordinates"":[74.917827,31.510742]}"
GEO-RJ-0238,LG-RJ-0238,24.506092,73.597752,"{""type"":""Point"",""coordinates"":[73.597752,24.506092]}"
GEO-SK-0239,LG-SK-0239,27.264315,88.641546,"{""type"":""Point"",""coordinates"":[88.641546,27.264315]}"
GEO-TN-0240,LG-TN-0240,12.556159,80.009128,"{""type"":""Point"",""coordinates"":[80.009128,12.556159]}"
GEO-TS-0241,LG-TS-0241,17.500923,78.517791,"{""type"":""Point"",""coordinates"":[78.517791,17.500923]}"
GEO-TR-0242,LG-TR-0242,23.691586,91.296137,"{""type"":""Point"",""coordinates"":[91.296137,23.691586]}"
GEO-UP-0243,LG-UP-0243,25.42986,82.945508,"{""type"":""Point"",""coordinates"":[82.945508,25.42986]}"
GEO-UK-0244,LG-UK-0244,29.910586,78.153806,"{""type"":""Point"",""coordinates"":[78.153806,29.910586]}"
GEO-WB-0245,LG-WB-0245,22.526168,88.359768,"{""type"":""Point"",""coordinates"":[88.359768,22.526168]}"
GEO-AN-0246,LG-AN-0246,11.517786,92.621649,"{""type"":""Point"",""coordinates"":[92.621649,11.517786]}"
GEO-CH-0247,LG-CH-0247,30.835872,76.762977,"{""type"":""Point"",""coordinates"":[76.762977,30.835872]}"
GEO-DH-0248,LG-DH-0248,20.221288,72.896242,"{""type"":""Point"",""coordinates"":[72.896242,20.221288]}"
GEO-DL-0249,LG-DL-0249,28.768882,77.371248,"{""type"":""Point"",""coordinates"":[77.371248,28.768882]}"
GEO-JK-0250,LG-JK-0250,34.188535,74.850419,"{""type"":""Point"",""coordinates"":[74.850419,34.188535]}"
GEO-LA-0251,LG-LA-0251,34.244302,77.718208,"{""type"":""Point"",""coordinates"":[77.718208,34.244302]}"
GEO-LD-0252,LG-LD-0252,10.503539,72.638876,"{""type"":""Point"",""coordinates"":[72.638876,10.503539]}"
GEO-PY-0253,LG-PY-0253,10.906221,79.765373,"{""type"":""Point"",""coordinates"":[79.765373,10.906221]}"
GEO-AP-0254,LG-AP-0254,16.700895,80.82416,"{""type"":""Point"",""coordinates"":[80.82416,16.700895]}"
GEO-AR-0255,LG-AR-0255,27.026366,95.646334,"{""type"":""Point"",""coordinates"":[95.646334,27.026366]}"
GEO-AS-0256,LG-AS-0256,27.617133,94.889442,"{""type"":""Point"",""coordinates"":[94.889442,27.617133]}"
GEO-BR-0257,LG-BR-0257,25.667959,85.070813,"{""type"":""Point"",""coordinates"":[85.070813,25.667959]}"
GEO-CG-0258,LG-CG-0258,21.095938,81.336958,"{""type"":""Point"",""coordinates"":[81.336958,21.095938]}"
GEO-GA-0259,LG-GA-0259,15.493002,74.011054,"{""type"":""Point"",""coordinates"":[74.011054,15.493002]}"
GEO-GJ-0260,LG-GJ-0260,22.173313,70.944762,"{""type"":""Point"",""coordinates"":[70.944762,22.173313]}"
GEO-HR-0261,LG-HR-0261,30.613447,76.993321,"{""type"":""Point"",""coordinates"":[76.993321,30.613447]}"
GEO-HP-0262,LG-HP-0262,31.197644,77.185559,"{""type"":""Point"",""coordinates"":[77.185559,31.197644]}"
GEO-JH-0263,LG-JH-0263,23.346106,85.277015,"{""type"":""Point"",""coordinates"":[85.277015,23.346106]}"
GEO-KA-0264,LG-KA-0264,15.772969,74.418087,"{""type"":""Point"",""coordinates"":[74.418087,15.772969]}"
GEO-KL-0265,LG-KL-0265,11.311333,75.73119,"{""type"":""Point"",""coordinates"":[75.73119,11.311333]}"
GEO-MP-0266,LG-MP-0266,23.271856,79.978981,"{""type"":""Point"",""coordinates"":[79.978981,23.271856]}"
GEO-MH-0267,LG-MH-0267,18.388364,73.766894,"{""type"":""Point"",""coordinates"":[73.766894,18.388364]}"
GEO-MN-0268,LG-MN-0268,24.276462,93.678915,"{""type"":""Point"",""coordinates"":[93.678915,24.276462]}"
GEO-ML-0269,LG-ML-0269,25.58197,90.095368,"{""type"":""Point"",""coordinates"":[90.095368,25.58197]}"
GEO-MZ-0270,LG-MZ-0270,23.653392,92.744444,"{""type"":""Point"",""coordinates"":[92.744444,23.653392]}"
GEO-NL-0271,LG-NL-0271,25.999675,93.613816,"{""type"":""Point"",""coordinates"":[93.613816,25.999675]}"
GEO-OD-0272,LG-OD-0272,20.546337,85.880308,"{""type"":""Point"",""coordinates"":[85.880308,20.546337]}"
GEO-PB-0273,LG-PB-0273,30.718389,76.666217,"{""type"":""Point"",""coordinates"":[76.666217,30.718389]}"
GEO-RJ-0274,LG-RJ-0274,27.045827,75.902602,"{""type"":""Point"",""coordinates"":[75.902602,27.045827]}"
GEO-SK-0275,LG-SK-0275,27.420908,88.734985,"{""type"":""Point"",""coordinates"":[88.734985,27.420908]}"
GEO-TN-0276,LG-TN-0276,12.669393,79.908095,"{""type"":""Point"",""coordinates"":[79.908095,12.669393]}"
GEO-TS-0277,LG-TS-0277,17.211581,80.294657,"{""type"":""Point"",""coordinates"":[80.294657,17.211581]}"
GEO-TR-0278,LG-TR-0278,23.646381,91.517179,"{""type"":""Point"",""coordinates"":[91.517179,23.646381]}"
GEO-UP-0279,LG-UP-0279,26.596546,80.350156,"{""type"":""Point"",""coordinates"":[80.350156,26.596546]}"
GEO-UK-0280,LG-UK-0280,29.945133,78.042492,"{""type"":""Point"",""coordinates"":[78.042492,29.945133]}"
GEO-WB-0281,LG-WB-0281,22.717864,88.35271,"{""type"":""Point"",""coordinates"":[88.35271,22.717864]}"
GEO-AN-0282,LG-AN-0282,11.51964,92.666064,"{""type"":""Point"",""coordinates"":[92.666064,11.51964]}"
GEO-CH-0283,LG-CH-0283,30.875282,76.832332,"{""type"":""Point"",""coordinates"":[76.832332,30.875282]}"
GEO-DH-0284,LG-DH-0284,20.448843,72.765714,"{""type"":""Point"",""coordinates"":[72.765714,20.448843]}"
GEO-DL-0285,LG-DL-0285,28.659216,77.406485,"{""type"":""Point"",""coordinates"":[77.406485,28.659216]}"
GEO-JK-0286,LG-JK-0286,34.17849,74.85611,"{""type"":""Point"",""coordinates"":[74.85611,34.17849]}"
GEO-LA-0287,LG-LA-0287,34.091049,77.675935,"{""type"":""Point"",""coordinates"":[77.675935,34.091049]}"
GEO-LD-0288,LG-LD-0288,10.435753,72.759563,"{""type"":""Point"",""coordinates"":[72.759563,10.435753]}"
GEO-PY-0289,LG-PY-0289,11.063341,79.937924,"{""type"":""Point"",""coordinates"":[79.937924,11.063341]}"
GEO-AP-0290,LG-AP-0290,16.527113,80.717582,"{""type"":""Point"",""coordinates"":[80.717582,16.527113]}"
GEO-AR-0291,LG-AR-0291,27.132192,95.630114,"{""type"":""Point"",""coordinates"":[95.630114,27.132192]}"
GEO-AS-0292,LG-AS-0292,26.074305,91.80076,"{""type"":""Point"",""coordinates"":[91.80076,26.074305]}"
GEO-BR-0293,LG-BR-0293,25.387083,86.883497,"{""type"":""Point"",""coordinates"":[86.883497,25.387083]}"
GEO-CG-0294,LG-CG-0294,21.294564,81.745874,"{""type"":""Point"",""coordinates"":[81.745874,21.294564]}"
GEO-GA-0295,LG-GA-0295,15.130627,74.075196,"{""type"":""Point"",""coordinates"":[74.075196,15.130627]}"
GEO-GJ-0296,LG-GJ-0296,22.392637,73.245656,"{""type"":""Point"",""coordinates"":[73.245656,22.392637]}"
GEO-HR-0297,LG-HR-0297,28.408548,77.294827,"{""type"":""Point"",""coordinates"":[77.294827,28.408548]}"
GEO-HP-0298,LG-HP-0298,31.964485,76.165091,"{""type"":""Point"",""coordinates"":[76.165091,31.964485]}"
GEO-JH-0299,LG-JH-0299,23.880105,86.422968,"{""type"":""Point"",""coordinates"":[86.422968,23.880105]}"
GEO-KA-0300,LG-KA-0300,12.338974,76.514946,"{""type"":""Point"",""coordinates"":[76.514946,12.338974]}"
GEO-KL-0301,LG-KL-0301,8.381317,76.944971,"{""type"":""Point"",""coordinates"":[76.944971,8.381317]}"
GEO-MP-0302,LG-MP-0302,26.180954,78.281122,"{""type"":""Point"",""coordinates"":[78.281122,26.180954]}"
GEO-MH-0303,LG-MH-0303,19.161564,72.819084,"{""type"":""Point"",""coordinates"":[72.819084,19.161564]}"
GEO-MN-0304,LG-MN-0304,24.435146,93.647346,"{""type"":""Point"",""coordinates"":[93.647346,24.435146]}"
GEO-ML-0305,LG-ML-0305,25.467189,90.19114,"{""type"":""Point"",""coordinates"":[90.19114,25.467189]}"
GEO-MZ-0306,LG-MZ-0306,22.913693,92.699325,"{""type"":""Point"",""coordinates"":[92.699325,22.913693]}"
GEO-NL-0307,LG-NL-0307,25.716631,93.991884,"{""type"":""Point"",""coordinates"":[93.991884,25.716631]}"
GEO-OD-0308,LG-OD-0308,22.30269,84.986522,"{""type"":""Point"",""coordinates"":[84.986522,22.30269]}"
GEO-PB-0309,LG-PB-0309,30.773332,75.782295,"{""type"":""Point"",""coordinates"":[75.782295,30.773332]}"
GEO-RJ-0310,LG-RJ-0310,26.126348,73.166658,"{""type"":""Point"",""coordinates"":[73.166658,26.126348]}"
GEO-SK-0311,LG-SK-0311,27.317332,88.642563,"{""type"":""Point"",""coordinates"":[88.642563,27.317332]}"
GEO-TN-0312,LG-TN-0312,12.945921,80.159004,"{""type"":""Point"",""coordinates"":[80.159004,12.945921]}"
GEO-TS-0313,LG-TS-0313,17.240018,80.208952,"{""type"":""Point"",""coordinates"":[80.208952,17.240018]}"
GEO-TR-0314,LG-TR-0314,23.627696,91.575481,"{""type"":""Point"",""coordinates"":[91.575481,23.627696]}"
GEO-UP-0315,LG-UP-0315,25.420464,83.097095,"{""type"":""Point"",""coordinates"":[83.097095,25.420464]}"
GEO-UK-0316,LG-UK-0316,30.278777,78.062065,"{""type"":""Point"",""coordinates"":[78.062065,30.278777]}"
GEO-WB-0317,LG-WB-0317,22.834727,88.555341,"{""type"":""Point"",""coordinates"":[88.555341,22.834727]}"
GEO-AN-0318,LG-AN-0318,11.513699,92.601708,"{""type"":""Point"",""coordinates"":[92.601708,11.513699]}"
GEO-CH-0319,LG-CH-0319,30.604705,76.640884,"{""type"":""Point"",""coordinates"":[76.640884,30.604705]}"
GEO-DH-0320,LG-DH-0320,20.474893,72.831301,"{""type"":""Point"",""coordinates"":[72.831301,20.474893]}"
GEO-DL-0321,LG-DL-0321,28.370204,77.320306,"{""type"":""Point"",""coordinates"":[77.320306,28.370204]}"
GEO-JK-0322,LG-JK-0322,34.076133,74.745952,"{""type"":""Point"",""coordinates"":[74.745952,34.076133]}"
GEO-LA-0323,LG-LA-0323,34.527158,76.032011,"{""type"":""Point"",""coordinates"":[76.032011,34.527158]}"
GEO-LD-0324,LG-LD-0324,10.65897,72.649457,"{""type"":""Point"",""coordinates"":[72.649457,10.65897]}"
GEO-PY-0325,LG-PY-0325,10.847309,79.949162,"{""type"":""Point"",""coordinates"":[79.949162,10.847309]}"
GEO-AP-0326,LG-AP-0326,16.365046,80.511421,"{""type"":""Point"",""coordinates"":[80.511421,16.365046]}"
GEO-AR-0327,LG-AR-0327,27.466255,91.797643,"{""type"":""Point"",""coordinates"":[91.797643,27.466255]}"
GEO-AS-0328,LG-AS-0328,26.832623,94.283834,"{""type"":""Point"",""coordinates"":[94.283834,26.832623]}"
GEO-BR-0329,LG-BR-0329,24.769764,84.919922,"{""type"":""Point"",""coordinates"":[84.919922,24.769764]}"
GEO-CG-0330,LG-CG-0330,21.28136,81.774025,"{""type"":""Point"",""coordinates"":[81.774025,21.28136]}"
GEO-GA-0331,LG-GA-0331,15.350774,73.99403,"{""type"":""Point"",""coordinates"":[73.99403,15.350774]}"
GEO-GJ-0332,LG-GJ-0332,23.092362,72.524219,"{""type"":""Point"",""coordinates"":[72.524219,23.092362]}"
GEO-HR-0333,LG-HR-0333,28.476397,77.261239,"{""type"":""Point"",""coordinates"":[77.261239,28.476397]}"
GEO-HP-0334,LG-HP-0334,31.786357,77.05846,"{""type"":""Point"",""coordinates"":[77.05846,31.786357]}"
GEO-JH-0335,LG-JH-0335,22.846915,86.229393,"{""type"":""Point"",""coordinates"":[86.229393,22.846915]}"
GEO-KA-0336,LG-KA-0336,15.744065,74.529331,"{""type"":""Point"",""coordinates"":[74.529331,15.744065]}"
GEO-KL-0337,LG-KL-0337,10.057339,76.427196,"{""type"":""Point"",""coordinates"":[76.427196,10.057339]}"
GEO-MP-0338,LG-MP-0338,23.169306,77.317195,"{""type"":""Point"",""coordinates"":[77.317195,23.169306]}"
GEO-MH-0339,LG-MH-0339,19.15416,72.730552,"{""type"":""Point"",""coordinates"":[72.730552,19.15416]}"
GEO-MN-0340,LG-MN-0340,24.290109,93.632377,"{""type"":""Point"",""coordinates"":[93.632377,24.290109]}"
GEO-ML-0341,LG-ML-0341,25.719679,91.964044,"{""type"":""Point"",""coordinates"":[91.964044,25.719679]}"
GEO-MZ-0342,LG-MZ-0342,23.029466,92.723341,"{""type"":""Point"",""coordinates"":[92.723341,23.029466]}"
GEO-NL-0343,LG-NL-0343,25.916363,93.794824,"{""type"":""Point"",""coordinates"":[93.794824,25.916363]}"
GEO-OD-0344,LG-OD-0344,20.402099,85.960721,"{""type"":""Point"",""coordinates"":[85.960721,20.402099]}"
GEO-PB-0345,LG-PB-0345,30.93144,75.751061,"{""type"":""Point"",""coordinates"":[75.751061,30.93144]}"
GEO-RJ-0346,LG-RJ-0346,26.960175,75.891855,"{""type"":""Point"",""coordinates"":[75.891855,26.960175]}"
GEO-SK-0347,LG-SK-0347,27.458065,88.51943,"{""type"":""Point"",""coordinates"":[88.51943,27.458065]}"
GEO-TN-0348,LG-TN-0348,10.9403,76.841441,"{""type"":""Point"",""coordinates"":[76.841441,10.9403]}"
GEO-TS-0349,LG-TS-0349,17.393505,80.14525,"{""type"":""Point"",""coordinates"":[80.14525,17.393505]}"
GEO-TR-0350,LG-TR-0350,23.879075,91.171998,"{""type"":""Point"",""coordinates"":[91.171998,23.879075]}"
GEO-UP-0351,LG-UP-0351,27.182533,78.092941,"{""type"":""Point"",""coordinates"":[78.092941,27.182533]}"
GEO-UK-0352,LG-UK-0352,29.356905,79.478555,"{""type"":""Point"",""coordinates"":[79.478555,29.356905]}"
GEO-WB-0353,LG-WB-0353,22.743535,88.243688,"{""type"":""Point"",""coordinates"":[88.243688,22.743535]}"
GEO-AN-0354,LG-AN-0354,11.650048,92.818539,"{""type"":""Point"",""coordinates"":[92.818539,11.650048]}"
GEO-CH-0355,LG-CH-0355,30.786765,76.754873,"{""type"":""Point"",""coordinates"":[76.754873,30.786765]}"
GEO-DH-0356,LG-DH-0356,20.151676,72.944055,"{""type"":""Point"",""coordinates"":[72.944055,20.151676]}"
GEO-DL-0357,LG-DL-0357,28.52856,77.424056,"{""type"":""Point"",""coordinates"":[77.424056,28.52856]}"
GEO-JK-0358,LG-JK-0358,33.998939,74.738746,"{""type"":""Point"",""coordinates"":[74.738746,33.998939]}"
GEO-LA-0359,LG-LA-0359,34.004673,77.657934,"{""type"":""Point"",""coordinates"":[77.657934,34.004673]}"
GEO-LD-0360,LG-LD-0360,10.516064,72.501182,"{""type"":""Point"",""coordinates"":[72.501182,10.516064]}"
GEO-PY-0361,LG-PY-0361,12.021815,79.729251,"{""type"":""Point"",""coordinates"":[79.729251,12.021815]}"
GEO-AP-0362,LG-AP-0362,16.662986,80.880343,"{""type"":""Point"",""coordinates"":[80.880343,16.662986]}"
GEO-AR-0363,LG-AR-0363,27.132959,95.773162,"{""type"":""Point"",""coordinates"":[95.773162,27.132959]}"
GEO-AS-0364,LG-AS-0364,24.712366,92.632998,"{""type"":""Point"",""coordinates"":[92.632998,24.712366]}"
GEO-BR-0365,LG-BR-0365,24.805374,84.953069,"{""type"":""Point"",""coordinates"":[84.953069,24.805374]}"
GEO-CG-0366,LG-CG-0366,22.501242,82.657157,"{""type"":""Point"",""coordinates"":[82.657157,22.501242]}"
GEO-GA-0367,LG-GA-0367,15.336076,73.973745,"{""type"":""Point"",""coordinates"":[73.973745,15.336076]}"
GEO-GJ-0368,LG-GJ-0368,21.099411,72.721183,"{""type"":""Point"",""coordinates"":[72.721183,21.099411]}"
GEO-HR-0369,LG-HR-0369,30.605376,76.89954,"{""type"":""Point"",""coordinates"":[76.89954,30.605376]}"
GEO-HP-0370,LG-HP-0370,31.995457,76.247019,"{""type"":""Point"",""coordinates"":[76.247019,31.995457]}"
GEO-JH-0371,LG-JH-0371,23.688155,86.134398,"{""type"":""Point"",""coordinates"":[86.134398,23.688155]}"
GEO-KA-0372,LG-KA-0372,12.342409,76.557165,"{""type"":""Point"",""coordinates"":[76.557165,12.342409]}"
GEO-KL-0373,LG-KL-0373,10.482116,76.095577,"{""type"":""Point"",""coordinates"":[76.095577,10.482116]}"
GEO-MP-0374,LG-MP-0374,26.122862,78.148305,"{""type"":""Point"",""coordinates"":[78.148305,26.122862]}"
GEO-MH-0375,LG-MH-0375,20.99666,79.236372,"{""type"":""Point"",""coordinates"":[79.236372,20.99666]}"
GEO-MN-0376,LG-MN-0376,24.878189,93.913238,"{""type"":""Point"",""coordinates"":[93.913238,24.878189]}"
GEO-ML-0377,LG-ML-0377,25.561992,91.936754,"{""type"":""Point"",""coordinates"":[91.936754,25.561992]}"
GEO-MZ-0378,LG-MZ-0378,23.870478,92.60514,"{""type"":""Point"",""coordinates"":[92.60514,23.870478]}"
GEO-NL-0379,LG-NL-0379,25.779083,93.967015,"{""type"":""Point"",""coordinates"":[93.967015,25.779083]}"
GEO-OD-0380,LG-OD-0380,22.229841,84.762065,"{""type"":""Point"",""coordinates"":[84.762065,22.229841]}"
GEO-PB-0381,LG-PB-0381,30.572159,76.787666,"{""type"":""Point"",""coordinates"":[76.787666,30.572159]}"
GEO-RJ-0382,LG-RJ-0382,24.529516,73.842717,"{""type"":""Point"",""coordinates"":[73.842717,24.529516]}"
GEO-SK-0383,LG-SK-0383,27.393075,88.588748,"{""type"":""Point"",""coordinates"":[88.588748,27.393075]}"
GEO-TN-0384,LG-TN-0384,10.801035,78.800187,"{""type"":""Point"",""coordinates"":[78.800187,10.801035]}"
GEO-TS-0385,LG-TS-0385,17.244397,78.517023,"{""type"":""Point"",""coordinates"":[78.517023,17.244397]}"
GEO-TR-0386,LG-TR-0386,23.438523,91.349423,"{""type"":""Point"",""coordinates"":[91.349423,23.438523]}"
GEO-UP-0387,LG-UP-0387,25.447746,82.973734,"{""type"":""Point"",""coordinates"":[82.973734,25.447746]}"
GEO-UK-0388,LG-UK-0388,29.886283,78.10629,"{""type"":""Point"",""coordinates"":[78.10629,29.886283]}"
GEO-WB-0389,LG-WB-0389,22.694365,88.243668,"{""type"":""Point"",""coordinates"":[88.243668,22.694365]}"
GEO-AN-0390,LG-AN-0390,11.711525,92.715684,"{""type"":""Point"",""coordinates"":[92.715684,11.711525]}"
GEO-CH-0391,LG-CH-0391,30.881149,76.701949,"{""type"":""Point"",""coordinates"":[76.701949,30.881149]}"
GEO-DH-0392,LG-DH-0392,20.204369,73.024172,"{""type"":""Point"",""coordinates"":[73.024172,20.204369]}"
GEO-DL-0393,LG-DL-0393,28.695894,77.387129,"{""type"":""Point"",""coordinates"":[77.387129,28.695894]}"
GEO-JK-0394,LG-JK-0394,32.700724,74.852955,"{""type"":""Point"",""coordinates"":[74.852955,32.700724]}"
GEO-LA-0395,LG-LA-0395,34.280575,77.484954,"{""type"":""Point"",""coordinates"":[77.484954,34.280575]}"
GEO-LD-0396,LG-LD-0396,10.476063,72.745511,"{""type"":""Point"",""coordinates"":[72.745511,10.476063]}"
GEO-PY-0397,LG-PY-0397,10.851319,79.810942,"{""type"":""Point"",""coordinates"":[79.810942,10.851319]}"
GEO-AP-0398,LG-AP-0398,13.087071,79.035384,"{""type"":""Point"",""coordinates"":[79.035384,13.087071]}"
GEO-AR-0399,LG-AR-0399,27.048062,93.584857,"{""type"":""Point"",""coordinates"":[93.584857,27.048062]}"
GEO-AS-0400,LG-AS-0400,26.114603,91.753135,"{""type"":""Point"",""coordinates"":[91.753135,26.114603]}"
GEO-BR-0401,LG-BR-0401,26.048806,85.450183,"{""type"":""Point"",""coordinates"":[85.450183,26.048806]}"
GEO-CG-0402,LG-CG-0402,21.185562,81.711393,"{""type"":""Point"",""coordinates"":[81.711393,21.185562]}"
GEO-GA-0403,LG-GA-0403,15.320187,74.062442,"{""type"":""Point"",""coordinates"":[74.062442,15.320187]}"
GEO-GJ-0404,LG-GJ-0404,22.952527,72.564272,"{""type"":""Point"",""coordinates"":[72.564272,22.952527]}"
GEO-HR-0405,LG-HR-0405,29.66577,77.044848,"{""type"":""Point"",""coordinates"":[77.044848,29.66577]}"
GEO-HP-0406,LG-HP-0406,31.66299,76.868398,"{""type"":""Point"",""coordinates"":[76.868398,31.66299]}"
GEO-JH-0407,LG-JH-0407,23.849461,86.536327,"{""type"":""Point"",""coordinates"":[86.536327,23.849461]}"
GEO-KA-0408,LG-KA-0408,12.768168,74.811788,"{""type"":""Point"",""coordinates"":[74.811788,12.768168]}"
GEO-KL-0409,LG-KL-0409,11.272275,75.904117,"{""type"":""Point"",""coordinates"":[75.904117,11.272275]}"
GEO-MP-0410,LG-MP-0410,22.726556,75.794635,"{""type"":""Point"",""coordinates"":[75.794635,22.726556]}"
GEO-MH-0411,LG-MH-0411,19.890293,73.859716,"{""type"":""Point"",""coordinates"":[73.859716,19.890293]}"
GEO-MN-0412,LG-MN-0412,24.3533,93.721796,"{""type"":""Point"",""coordinates"":[93.721796,24.3533]}"
GEO-ML-0413,LG-ML-0413,25.540733,91.929567,"{""type"":""Point"",""coordinates"":[91.929567,25.540733]}"
GEO-MZ-0414,LG-MZ-0414,22.955427,92.731891,"{""type"":""Point"",""coordinates"":[92.731891,22.955427]}"
GEO-NL-0415,LG-NL-0415,25.580313,94.029078,"{""type"":""Point"",""coordinates"":[94.029078,25.580313]}"
GEO-OD-0416,LG-OD-0416,22.23785,84.711991,"{""type"":""Point"",""coordinates"":[84.711991,22.23785]}"
GEO-PB-0417,LG-PB-0417,30.647087,76.59093,"{""type"":""Point"",""coordinates"":[76.59093,30.647087]}"
GEO-RJ-0418,LG-RJ-0418,26.375458,72.978729,"{""type"":""Point"",""coordinates"":[72.978729,26.375458]}"
GEO-SK-0419,LG-SK-0419,27.038565,88.429006,"{""type"":""Point"",""coordinates"":[88.429006,27.038565]}"
GEO-TN-0420,LG-TN-0420,10.642071,78.787016,"{""type"":""Point"",""coordinates"":[78.787016,10.642071]}"
GEO-TS-0421,LG-TS-0421,17.390174,78.366974,"{""type"":""Point"",""coordinates"":[78.366974,17.390174]}"
GEO-TR-0422,LG-TR-0422,23.392982,91.459722,"{""type"":""Point"",""coordinates"":[91.459722,23.392982]}"
GEO-UP-0423,LG-UP-0423,28.424339,77.457999,"{""type"":""Point"",""coordinates"":[77.457999,28.424339]}"
GEO-UK-0424,LG-UK-0424,30.29455,77.923531,"{""type"":""Point"",""coordinates"":[77.923531,30.29455]}"
GEO-WB-0425,LG-WB-0425,22.405967,87.254579,"{""type"":""Point"",""coordinates"":[87.254579,22.405967]}"
GEO-AN-0426,LG-AN-0426,11.741294,92.672158,"{""type"":""Point"",""coordinates"":[92.672158,11.741294]}"
GEO-CH-0427,LG-CH-0427,30.593427,76.71279,"{""type"":""Point"",""coordinates"":[76.71279,30.593427]}"
GEO-DH-0428,LG-DH-0428,20.369373,73.035588,"{""type"":""Point"",""coordinates"":[73.035588,20.369373]}"
GEO-DL-0429,LG-DL-0429,28.66868,77.141318,"{""type"":""Point"",""coordinates"":[77.141318,28.66868]}"
GEO-JK-0430,LG-JK-0430,34.077762,74.900598,"{""type"":""Point"",""coordinates"":[74.900598,34.077762]}"
GEO-LA-0431,LG-LA-0431,34.070986,77.712611,"{""type"":""Point"",""coordinates"":[77.712611,34.070986]}"
GEO-LD-0432,LG-LD-0432,10.424108,72.67379,"{""type"":""Point"",""coordinates"":[72.67379,10.424108]}"
GEO-PY-0433,LG-PY-0433,10.78518,79.905878,"{""type"":""Point"",""coordinates"":[79.905878,10.78518]}"
GEO-AP-0434,LG-AP-0434,15.971342,77.956567,"{""type"":""Point"",""coordinates"":[77.956567,15.971342]}"
GEO-AR-0435,LG-AR-0435,27.460552,91.835707,"{""type"":""Point"",""coordinates"":[91.835707,27.460552]}"
GEO-AS-0436,LG-AS-0436,27.598387,95.033278,"{""type"":""Point"",""coordinates"":[95.033278,27.598387]}"
GEO-BR-0437,LG-BR-0437,26.216932,85.367512,"{""type"":""Point"",""coordinates"":[85.367512,26.216932]}"
GEO-CG-0438,LG-CG-0438,22.194415,82.208395,"{""type"":""Point"",""coordinates"":[82.208395,22.194415]}"
GEO-GA-0439,LG-GA-0439,15.276209,73.858756,"{""type"":""Point"",""coordinates"":[73.858756,15.276209]}"
GEO-GJ-0440,LG-GJ-0440,23.095783,72.488133,"{""type"":""Point"",""coordinates"":[72.488133,23.095783]}"
GEO-HR-0441,LG-HR-0441,28.389086,76.92203,"{""type"":""Point"",""coordinates"":[76.92203,28.389086]}"
GEO-HP-0442,LG-HP-0442,31.100318,77.262424,"{""type"":""Point"",""coordinates"":[77.262424,31.100318]}"
GEO-JH-0443,LG-JH-0443,23.606579,86.153346,"{""type"":""Point"",""coordinates"":[86.153346,23.606579]}"
GEO-KA-0444,LG-KA-0444,15.990177,74.530925,"{""type"":""Point"",""coordinates"":[74.530925,15.990177]}"
GEO-KL-0445,LG-KL-0445,10.0516,76.431904,"{""type"":""Point"",""coordinates"":[76.431904,10.0516]}"
GEO-MP-0446,LG-MP-0446,23.326534,77.491316,"{""type"":""Point"",""coordinates"":[77.491316,23.326534]}"
GEO-MH-0447,LG-MH-0447,19.134976,72.949999,"{""type"":""Point"",""coordinates"":[72.949999,19.134976]}"
GEO-MN-0448,LG-MN-0448,24.476045,93.561917,"{""type"":""Point"",""coordinates"":[93.561917,24.476045]}"
GEO-ML-0449,LG-ML-0449,25.655311,91.981709,"{""type"":""Point"",""coordinates"":[91.981709,25.655311]}"
GEO-MZ-0450,LG-MZ-0450,22.921149,92.740677,"{""type"":""Point"",""coordinates"":[92.740677,22.921149]}"
GEO-NL-0451,LG-NL-0451,25.667261,94.053906,"{""type"":""Point"",""coordinates"":[94.053906,25.667261]}"
GEO-OD-0452,LG-OD-0452,20.572928,85.908141,"{""type"":""Point"",""coordinates"":[85.908141,20.572928]}"
GEO-PB-0453,LG-PB-0453,31.411009,75.722926,"{""type"":""Point"",""coordinates"":[75.722926,31.411009]}"
GEO-RJ-0454,LG-RJ-0454,27.015057,75.923908,"{""type"":""Point"",""coordinates"":[75.923908,27.015057]}"
GEO-SK-0455,LG-SK-0455,27.315332,88.258751,"{""type"":""Point"",""coordinates"":[88.258751,27.315332]}"
GEO-TN-0456,LG-TN-0456,9.92229,78.111835,"{""type"":""Point"",""coordinates"":[78.111835,9.92229]}"
GEO-TS-0457,LG-TS-0457,17.5049,78.606021,"{""type"":""Point"",""coordinates"":[78.606021,17.5049]}"
GEO-TR-0458,LG-TR-0458,23.786705,91.239236,"{""type"":""Point"",""coordinates"":[91.239236,23.786705]}"
GEO-UP-0459,LG-UP-0459,27.112823,77.941789,"{""type"":""Point"",""coordinates"":[77.941789,27.112823]}"
GEO-UK-0460,LG-UK-0460,29.528427,79.443756,"{""type"":""Point"",""coordinates"":[79.443756,29.528427]}"
GEO-WB-0461,LG-WB-0461,22.542512,88.144984,"{""type"":""Point"",""coordinates"":[88.144984,22.542512]}"
GEO-AN-0462,LG-AN-0462,11.593746,92.588539,"{""type"":""Point"",""coordinates"":[92.588539,11.593746]}"
GEO-CH-0463,LG-CH-0463,30.583553,76.673647,"{""type"":""Point"",""coordinates"":[76.673647,30.583553]}"
GEO-DH-0464,LG-DH-0464,20.373807,72.970279,"{""type"":""Point"",""coordinates"":[72.970279,20.373807]}"
GEO-DL-0465,LG-DL-0465,28.519424,77.201391,"{""type"":""Point"",""coordinates"":[77.201391,28.519424]}"
GEO-JK-0466,LG-JK-0466,34.029408,74.819705,"{""type"":""Point"",""coordinates"":[74.819705,34.029408]}"
GEO-LA-0467,LG-LA-0467,34.405987,76.26936,"{""type"":""Point"",""coordinates"":[76.26936,34.405987]}"
GEO-LD-0468,LG-LD-0468,10.421956,72.58909,"{""type"":""Point"",""coordinates"":[72.58909,10.421956]}"
GEO-PY-0469,LG-PY-0469,11.803086,79.841106,"{""type"":""Point"",""coordinates"":[79.841106,11.803086]}"
GEO-AP-0470,LG-AP-0470,16.484563,80.950643,"{""type"":""Point"",""coordinates"":[80.950643,16.484563]}"
GEO-AR-0471,LG-AR-0471,27.522449,91.92301,"{""type"":""Point"",""coordinates"":[91.92301,27.522449]}"
GEO-AS-0472,LG-AS-0472,26.70449,94.115965,"{""type"":""Point"",""coordinates"":[94.115965,26.70449]}"
GEO-BR-0473,LG-BR-0473,26.007948,85.333425,"{""type"":""Point"",""coordinates"":[85.333425,26.007948]}"
GEO-CG-0474,LG-CG-0474,21.97679,82.251103,"{""type"":""Point"",""coordinates"":[82.251103,21.97679]}"
GEO-GA-0475,LG-GA-0475,15.234689,74.03099,"{""type"":""Point"",""coordinates"":[74.03099,15.234689]}"
GEO-GJ-0476,LG-GJ-0476,22.395006,70.903563,"{""type"":""Point"",""coordinates"":[70.903563,22.395006]}"
GEO-HR-0477,LG-HR-0477,28.476445,77.179772,"{""type"":""Point"",""coordinates"":[77.179772,28.476445]}"
GEO-HP-0478,LG-HP-0478,32.159158,76.218298,"{""type"":""Point"",""coordinates"":[76.218298,32.159158]}"
GEO-JH-0479,LG-JH-0479,23.557866,86.183335,"{""type"":""Point"",""coordinates"":[86.183335,23.557866]}"
GEO-KA-0480,LG-KA-0480,15.845274,74.398436,"{""type"":""Point"",""coordinates"":[74.398436,15.845274]}"
GEO-KL-0481,LG-KL-0481,10.497147,76.094052,"{""type"":""Point"",""coordinates"":[76.094052,10.497147]}"
GEO-MP-0482,LG-MP-0482,23.280708,79.855501,"{""type"":""Point"",""coordinates"":[79.855501,23.280708]}"
GEO-MH-0483,LG-MH-0483,18.499327,73.978197,"{""type"":""Point"",""coordinates"":[73.978197,18.499327]}"
GEO-MN-0484,LG-MN-0484,24.467009,93.679574,"{""type"":""Point"",""coordinates"":[93.679574,24.467009]}"
GEO-ML-0485,LG-ML-0485,25.411616,90.283119,"{""type"":""Point"",""coordinates"":[90.283119,25.411616]}"
GEO-MZ-0486,LG-MZ-0486,23.805909,92.569302,"{""type"":""Point"",""coordinates"":[92.569302,23.805909]}"
GEO-NL-0487,LG-NL-0487,25.778328,93.625325,"{""type"":""Point"",""coordinates"":[93.625325,25.778328]}"
GEO-OD-0488,LG-OD-0488,19.327364,85.132573,"{""type"":""Point"",""coordinates"":[85.132573,19.327364]}"
GEO-PB-0489,LG-PB-0489,30.638561,76.631796,"{""type"":""Point"",""coordinates"":[76.631796,30.638561]}"
GEO-RJ-0490,LG-RJ-0490,24.463043,73.729987,"{""type"":""Point"",""coordinates"":[73.729987,24.463043]}"
GEO-SK-0491,LG-SK-0491,27.410738,88.741051,"{""type"":""Point"",""coordinates"":[88.741051,27.410738]}"
GEO-TN-0492,LG-TN-0492,13.113276,80.374109,"{""type"":""Point"",""coordinates"":[80.374109,13.113276]}"
GEO-TS-0493,LG-TS-0493,17.209591,78.481295,"{""type"":""Point"",""coordinates"":[78.481295,17.209591]}"
GEO-TR-0494,LG-TR-0494,23.818586,91.138977,"{""type"":""Point"",""coordinates"":[91.138977,23.818586]}"
GEO-UP-0495,LG-UP-0495,25.336974,82.862284,"{""type"":""Point"",""coordinates"":[82.862284,25.336974]}"
GEO-UK-0496,LG-UK-0496,30.278455,78.134627,"{""type"":""Point"",""coordinates"":[78.134627,30.278455]}"
GEO-WB-0497,LG-WB-0497,22.702642,88.274618,"{""type"":""Point"",""coordinates"":[88.274618,22.702642]}"
GEO-AN-0498,LG-AN-0498,11.504968,92.644367,"{""type"":""Point"",""coordinates"":[92.644367,11.504968]}"
GEO-CH-0499,LG-CH-0499,30.821732,76.677966,"{""type"":""Point"",""coordinates"":[76.677966,30.821732]}"
GEO-DH-0500,LG-DH-0500,20.229013,73.014022,"{""type"":""Point"",""coordinates"":[73.014022,20.229013]}"
GEO-DL-0501,LG-DL-0501,28.763463,77.117463,"{""type"":""Point"",""coordinates"":[77.117463,28.763463]}"
GEO-JK-0502,LG-JK-0502,34.224444,74.767562,"{""type"":""Point"",""coordinates"":[74.767562,34.224444]}"
GEO-LA-0503,LG-LA-0503,34.597725,76.1022,"{""type"":""Point"",""coordinates"":[76.1022,34.597725]}"
GEO-LD-0504,LG-LD-0504,10.663372,72.654078,"{""type"":""Point"",""coordinates"":[72.654078,10.663372]}"
GEO-PY-0505,LG-PY-0505,10.92376,79.89848,"{""type"":""Point"",""coordinates"":[79.89848,10.92376]}"
GEO-AP-0506,LG-AP-0506,15.847786,78.069288,"{""type"":""Point"",""coordinates"":[78.069288,15.847786]}"
GEO-AR-0507,LG-AR-0507,27.239023,95.591183,"{""type"":""Point"",""coordinates"":[95.591183,27.239023]}"
GEO-AS-0508,LG-AS-0508,26.738361,94.350993,"{""type"":""Point"",""coordinates"":[94.350993,26.738361]}"
GEO-BR-0509,LG-BR-0509,26.120058,85.270558,"{""type"":""Point"",""coordinates"":[85.270558,26.120058]}"
GEO-CG-0510,LG-CG-0510,22.483909,82.799057,"{""type"":""Point"",""coordinates"":[82.799057,22.483909]}"
GEO-GA-0511,LG-GA-0511,15.367058,73.851713,"{""type"":""Point"",""coordinates"":[73.851713,15.367058]}"
GEO-GJ-0512,LG-GJ-0512,22.434852,73.101612,"{""type"":""Point"",""coordinates"":[73.101612,22.434852]}"
GEO-HR-0513,LG-HR-0513,30.56016,76.896242,"{""type"":""Point"",""coordinates"":[76.896242,30.56016]}"
GEO-HP-0514,LG-HP-0514,32.088034,76.280619,"{""type"":""Point"",""coordinates"":[76.280619,32.088034]}"
GEO-JH-0515,LG-JH-0515,23.840522,86.428893,"{""type"":""Point"",""coordinates"":[86.428893,23.840522]}"
GEO-KA-0516,LG-KA-0516,13.011502,77.546516,"{""type"":""Point"",""coordinates"":[77.546516,13.011502]}"
GEO-KL-0517,LG-KL-0517,8.666832,76.81569,"{""type"":""Point"",""coordinates"":[76.81569,8.666832]}"
GEO-MP-0518,LG-MP-0518,22.746632,75.757916,"{""type"":""Point"",""coordinates"":[75.757916,22.746632]}"
GEO-MH-0519,LG-MH-0519,19.138291,72.979419,"{""type"":""Point"",""coordinates"":[72.979419,19.138291]}"
GEO-MN-0520,LG-MN-0520,24.812231,93.916643,"{""type"":""Point"",""coordinates"":[93.916643,24.812231]}"
GEO-ML-0521,LG-ML-0521,25.619466,90.205824,"{""type"":""Point"",""coordinates"":[90.205824,25.619466]}"
GEO-MZ-0522,LG-MZ-0522,23.623879,92.747225,"{""type"":""Point"",""coordinates"":[92.747225,23.623879]}"
GEO-NL-0523,LG-NL-0523,25.777157,93.611514,"{""type"":""Point"",""coordinates"":[93.611514,25.777157]}"
GEO-OD-0524,LG-OD-0524,20.345922,85.744209,"{""type"":""Point"",""coordinates"":[85.744209,20.345922]}"
GEO-PB-0525,LG-PB-0525,30.723141,76.689494,"{""type"":""Point"",""coordinates"":[76.689494,30.723141]}"
GEO-RJ-0526,LG-RJ-0526,26.36874,72.985412,"{""type"":""Point"",""coordinates"":[72.985412,26.36874]}"
GEO-SK-0527,LG-SK-0527,27.260201,88.603669,"{""type"":""Point"",""coordinates"":[88.603669,27.260201]}"
GEO-TN-0528,LG-TN-0528,9.93765,78.037896,"{""type"":""Point"",""coordinates"":[78.037896,9.93765]}"
GEO-TS-0529,LG-TS-0529,17.282963,80.271506,"{""type"":""Point"",""coordinates"":[80.271506,17.282963]}"
GEO-TR-0530,LG-TR-0530,23.435002,91.62839,"{""type"":""Point"",""coordinates"":[91.62839,23.435002]}"
GEO-UP-0531,LG-UP-0531,27.287539,77.957553,"{""type"":""Point"",""coordinates"":[77.957553,27.287539]}"
GEO-UK-0532,LG-UK-0532,30.30737,78.177191,"{""type"":""Point"",""coordinates"":[78.177191,30.30737]}"
GEO-WB-0533,LG-WB-0533,22.757209,88.533212,"{""type"":""Point"",""coordinates"":[88.533212,22.757209]}"
GEO-AN-0534,LG-AN-0534,11.620283,92.848245,"{""type"":""Point"",""coordinates"":[92.848245,11.620283]}"
GEO-CH-0535,LG-CH-0535,30.839388,76.864636,"{""type"":""Point"",""coordinates"":[76.864636,30.839388]}"
GEO-DH-0536,LG-DH-0536,20.172502,73.098737,"{""type"":""Point"",""coordinates"":[73.098737,20.172502]}"
GEO-DL-0537,LG-DL-0537,28.749318,77.060152,"{""type"":""Point"",""coordinates"":[77.060152,28.749318]}"
GEO-JK-0538,LG-JK-0538,34.0963,74.939117,"{""type"":""Point"",""coordinates"":[74.939117,34.0963]}"
GEO-LA-0539,LG-LA-0539,34.273408,77.445221,"{""type"":""Point"",""coordinates"":[77.445221,34.273408]}"
GEO-LD-0540,LG-LD-0540,10.592869,72.50451,"{""type"":""Point"",""coordinates"":[72.50451,10.592869]}"
GEO-PY-0541,LG-PY-0541,10.830573,79.716454,"{""type"":""Point"",""coordinates"":[79.716454,10.830573]}"
GEO-AP-0542,LG-AP-0542,15.764897,77.957846,"{""type"":""Point"",""coordinates"":[77.957846,15.764897]}"
GEO-AR-0543,LG-AR-0543,27.509933,91.992773,"{""type"":""Point"",""coordinates"":[91.992773,27.509933]}"
GEO-AS-0544,LG-AS-0544,27.438043,94.806507,"{""type"":""Point"",""coordinates"":[94.806507,27.438043]}"
GEO-BR-0545,LG-BR-0545,26.066911,85.510285,"{""type"":""Point"",""coordinates"":[85.510285,26.066911]}"
GEO-CG-0546,LG-CG-0546,22.227594,82.123106,"{""type"":""Point"",""coordinates"":[82.123106,22.227594]}"
GEO-GA-0547,LG-GA-0547,15.177,73.992025,"{""type"":""Point"",""coordinates"":[73.992025,15.177]}"
GEO-GJ-0548,LG-GJ-0548,23.020237,72.584933,"{""type"":""Point"",""coordinates"":[72.584933,23.020237]}"
GEO-HR-0549,LG-HR-0549,29.631538,76.956758,"{""type"":""Point"",""coordinates"":[76.956758,29.631538]}"
GEO-HP-0550,LG-HP-0550,31.83326,77.005276,"{""type"":""Point"",""coordinates"":[77.005276,31.83326]}"
GEO-JH-0551,LG-JH-0551,23.873628,86.501111,"{""type"":""Point"",""coordinates"":[86.501111,23.873628]}"
GEO-KA-0552,LG-KA-0552,12.813677,74.853505,"{""type"":""Point"",""coordinates"":[74.853505,12.813677]}"
GEO-KL-0553,LG-KL-0553,11.115518,75.861533,"{""type"":""Point"",""coordinates"":[75.861533,11.115518]}"
GEO-MP-0554,LG-MP-0554,23.128885,77.47014,"{""type"":""Point"",""coordinates"":[77.47014,23.128885]}"
GEO-MH-0555,LG-MH-0555,18.631997,73.777146,"{""type"":""Point"",""coordinates"":[73.777146,18.631997]}"
GEO-MN-0556,LG-MN-0556,24.3054,93.707364,"{""type"":""Point"",""coordinates"":[93.707364,24.3054]}"
GEO-ML-0557,LG-ML-0557,25.659514,90.096715,"{""type"":""Point"",""coordinates"":[90.096715,25.659514]}"
GEO-MZ-0558,LG-MZ-0558,22.972374,92.747835,"{""type"":""Point"",""coordinates"":[92.747835,22.972374]}"
GEO-NL-0559,LG-NL-0559,25.818773,93.768675,"{""type"":""Point"",""coordinates"":[93.768675,25.818773]}"
GEO-OD-0560,LG-OD-0560,20.456032,85.917241,"{""type"":""Point"",""coordinates"":[85.917241,20.456032]}"
GEO-PB-0561,LG-PB-0561,30.775889,75.924584,"{""type"":""Point"",""coordinates"":[75.924584,30.775889]}"
GEO-RJ-0562,LG-RJ-0562,26.958511,75.651914,"{""type"":""Point"",""coordinates"":[75.651914,26.958511]}"
GEO-SK-0563,LG-SK-0563,27.431426,88.740912,"{""type"":""Point"",""coordinates"":[88.740912,27.431426]}"
GEO-TN-0564,LG-TN-0564,13.132111,80.263088,"{""type"":""Point"",""coordinates"":[80.263088,13.132111]}"
GEO-TS-0565,LG-TS-0565,17.261558,78.403059,"{""type"":""Point"",""coordinates"":[78.403059,17.261558]}"
GEO-TR-0566,LG-TR-0566,23.83446,91.395156,"{""type"":""Point"",""coordinates"":[91.395156,23.83446]}"
GEO-UP-0567,LG-UP-0567,26.849564,80.91816,"{""type"":""Point"",""coordinates"":[80.91816,26.849564]}"
GEO-UK-0568,LG-UK-0568,29.346128,79.574948,"{""type"":""Point"",""coordinates"":[79.574948,29.346128]}"
GEO-WB-0569,LG-WB-0569,22.6705,88.53283,"{""type"":""Point"",""coordinates"":[88.53283,22.6705]}"
GEO-AN-0570,LG-AN-0570,11.722517,92.631423,"{""type"":""Point"",""coordinates"":[92.631423,11.722517]}"
GEO-CH-0571,LG-CH-0571,30.666427,76.799636,"{""type"":""Point"",""coordinates"":[76.799636,30.666427]}"
GEO-DH-0572,LG-DH-0572,20.296264,72.72313,"{""type"":""Point"",""coordinates"":[72.72313,20.296264]}"
GEO-DL-0573,LG-DL-0573,28.623926,77.280165,"{""type"":""Point"",""coordinates"":[77.280165,28.623926]}"
GEO-JK-0574,LG-JK-0574,34.200136,74.902476,"{""type"":""Point"",""coordinates"":[74.902476,34.200136]}"
GEO-LA-0575,LG-LA-0575,34.491104,76.054169,"{""type"":""Point"",""coordinates"":[76.054169,34.491104]}"
GEO-LD-0576,LG-LD-0576,10.592348,72.646851,"{""type"":""Point"",""coordinates"":[72.646851,10.592348]}"
GEO-PY-0577,LG-PY-0577,11.807244,79.854687,"{""type"":""Point"",""coordinates"":[79.854687,11.807244]}"
GEO-AP-0578,LG-AP-0578,16.471538,80.751701,"{""type"":""Point"",""coordinates"":[80.751701,16.471538]}"
GEO-AR-0579,LG-AR-0579,27.096987,93.696278,"{""type"":""Point"",""coordinates"":[93.696278,27.096987]}"
GEO-AS-0580,LG-AS-0580,26.695264,94.113311,"{""type"":""Point"",""coordinates"":[94.113311,26.695264]}"
GEO-BR-0581,LG-BR-0581,25.720924,85.076225,"{""type"":""Point"",""coordinates"":[85.076225,25.720924]}"
GEO-CG-0582,LG-CG-0582,21.290602,81.59098,"{""type"":""Point"",""coordinates"":[81.59098,21.290602]}"
GEO-GA-0583,LG-GA-0583,15.340363,73.888232,"{""type"":""Point"",""coordinates"":[73.888232,15.340363]}"
GEO-GJ-0584,LG-GJ-0584,21.256304,72.746828,"{""type"":""Point"",""coordinates"":[72.746828,21.256304]}"
GEO-HR-0585,LG-HR-0585,28.357346,77.320451,"{""type"":""Point"",""coordinates"":[77.320451,28.357346]}"
GEO-HP-0586,LG-HP-0586,32.001134,76.263452,"{""type"":""Point"",""coordinates"":[76.263452,32.001134]}"
GEO-JH-0587,LG-JH-0587,23.243568,85.207358,"{""type"":""Point"",""coordinates"":[85.207358,23.243568]}"
GEO-KA-0588,LG-KA-0588,12.863143,74.717683,"{""type"":""Point"",""coordinates"":[74.717683,12.863143]}"
GEO-KL-0589,LG-KL-0589,8.58081,76.79621,"{""type"":""Point"",""coordinates"":[76.79621,8.58081]}"
GEO-MP-0590,LG-MP-0590,23.069333,80.053231,"{""type"":""Point"",""coordinates"":[80.053231,23.069333]}"
GEO-MH-0591,LG-MH-0591,21.071455,78.994169,"{""type"":""Point"",""coordinates"":[78.994169,21.071455]}"
GEO-MN-0592,LG-MN-0592,24.337135,93.681907,"{""type"":""Point"",""coordinates"":[93.681907,24.337135]}"
GEO-ML-0593,LG-ML-0593,25.604784,90.189686,"{""type"":""Point"",""coordinates"":[90.189686,25.604784]}"
GEO-MZ-0594,LG-MZ-0594,22.892523,92.595463,"{""type"":""Point"",""coordinates"":[92.595463,22.892523]}"
GEO-NL-0595,LG-NL-0595,26.033689,93.693908,"{""type"":""Point"",""coordinates"":[93.693908,26.033689]}"
GEO-OD-0596,LG-OD-0596,22.197034,85.002966,"{""type"":""Point"",""coordinates"":[85.002966,22.197034]}"
GEO-PB-0597,LG-PB-0597,30.856972,75.823664,"{""type"":""Point"",""coordinates"":[75.823664,30.856972]}"
GEO-RJ-0598,LG-RJ-0598,26.332443,72.938008,"{""type"":""Point"",""coordinates"":[72.938008,26.332443]}"
GEO-SK-0599,LG-SK-0599,27.383515,88.58116,"{""type"":""Point"",""coordinates"":[88.58116,27.383515]}"
GEO-TN-0600,LG-TN-0600,13.214415,80.320147,"{""type"":""Point"",""coordinates"":[80.320147,13.214415]}"
GEO-TS-0601,LG-TS-0601,17.3804,78.345494,"{""type"":""Point"",""coordinates"":[78.345494,17.3804]}"
GEO-TR-0602,LG-TR-0602,23.762214,91.152416,"{""type"":""Point"",""coordinates"":[91.152416,23.762214]}"
GEO-UP-0603,LG-UP-0603,26.853593,80.878194,"{""type"":""Point"",""coordinates"":[80.878194,26.853593]}"
GEO-UK-0604,LG-UK-0604,29.287649,79.389481,"{""type"":""Point"",""coordinates"":[79.389481,29.287649]}"
GEO-WB-0605,LG-WB-0605,22.704122,88.374096,"{""type"":""Point"",""coordinates"":[88.374096,22.704122]}"
GEO-AN-0606,LG-AN-0606,11.612475,92.594921,"{""type"":""Point"",""coordinates"":[92.594921,11.612475]}"
GEO-CH-0607,LG-CH-0607,30.64947,76.900842,"{""type"":""Point"",""coordinates"":[76.900842,30.64947]}"
GEO-DH-0608,LG-DH-0608,20.35393,72.762988,"{""type"":""Point"",""coordinates"":[72.762988,20.35393]}"
GEO-DL-0609,LG-DL-0609,28.512172,77.206507,"{""type"":""Point"",""coordinates"":[77.206507,28.512172]}"
GEO-JK-0610,LG-JK-0610,33.955481,74.851588,"{""type"":""Point"",""coordinates"":[74.851588,33.955481]}"
GEO-LA-0611,LG-LA-0611,34.454011,76.212098,"{""type"":""Point"",""coordinates"":[76.212098,34.454011]}"
GEO-LD-0612,LG-LD-0612,10.463786,72.712943,"{""type"":""Point"",""coordinates"":[72.712943,10.463786]}"
GEO-PY-0613,LG-PY-0613,11.802139,79.710829,"{""type"":""Point"",""coordinates"":[79.710829,11.802139]}"
GEO-AP-0614,LG-AP-0614,15.929107,78.020823,"{""type"":""Point"",""coordinates"":[78.020823,15.929107]}"
GEO-AR-0615,LG-AR-0615,27.610299,91.930684,"{""type"":""Point"",""coordinates"":[91.930684,27.610299]}"
GEO-AS-0616,LG-AS-0616,27.38439,95.002861,"{""type"":""Point"",""coordinates"":[95.002861,27.38439]}"
GEO-BR-0617,LG-BR-0617,24.927327,84.879678,"{""type"":""Point"",""coordinates"":[84.879678,24.927327]}"
GEO-CG-0618,LG-CG-0618,21.190825,81.371393,"{""type"":""Point"",""coordinates"":[81.371393,21.190825]}"
GEO-GA-0619,LG-GA-0619,15.191953,73.904592,"{""type"":""Point"",""coordinates"":[73.904592,15.191953]}"
GEO-GJ-0620,LG-GJ-0620,22.909779,72.588138,"{""type"":""Point"",""coordinates"":[72.588138,22.909779]}"
GEO-HR-0621,LG-HR-0621,28.503056,77.076694,"{""type"":""Point"",""coordinates"":[77.076694,28.503056]}"
GEO-HP-0622,LG-HP-0622,32.039584,76.38114,"{""type"":""Point"",""coordinates"":[76.38114,32.039584]}"
GEO-JH-0623,LG-JH-0623,22.727033,86.262122,"{""type"":""Point"",""coordinates"":[86.262122,22.727033]}"
GEO-KA-0624,LG-KA-0624,12.387811,76.731184,"{""type"":""Point"",""coordinates"":[76.731184,12.387811]}"
GEO-KL-0625,LG-KL-0625,8.397152,76.81176,"{""type"":""Point"",""coordinates"":[76.81176,8.397152]}"
GEO-MP-0626,LG-MP-0626,26.217505,78.251578,"{""type"":""Point"",""coordinates"":[78.251578,26.217505]}"
GEO-MH-0627,LG-MH-0627,19.855413,73.681588,"{""type"":""Point"",""coordinates"":[73.681588,19.855413]}"
GEO-MN-0628,LG-MN-0628,24.189676,93.77091,"{""type"":""Point"",""coordinates"":[93.77091,24.189676]}"
GEO-ML-0629,LG-ML-0629,25.455314,92.004671,"{""type"":""Point"",""coordinates"":[92.004671,25.455314]}"
GEO-MZ-0630,LG-MZ-0630,23.66422,92.856539,"{""type"":""Point"",""coordinates"":[92.856539,23.66422]}"
GEO-NL-0631,LG-NL-0631,25.66056,94.16679,"{""type"":""Point"",""coordinates"":[94.16679,25.66056]}"
GEO-OD-0632,LG-OD-0632,20.234764,85.835079,"{""type"":""Point"",""coordinates"":[85.835079,20.234764]}"
GEO-PB-0633,LG-PB-0633,31.192432,75.612865,"{""type"":""Point"",""coordinates"":[75.612865,31.192432]}"
GEO-RJ-0634,LG-RJ-0634,27.010804,75.906475,"{""type"":""Point"",""coordinates"":[75.906475,27.010804]}"
GEO-SK-0635,LG-SK-0635,27.144486,88.401603,"{""type"":""Point"",""coordinates"":[88.401603,27.144486]}"
GEO-TN-0636,LG-TN-0636,11.122462,76.936074,"{""type"":""Point"",""coordinates"":[76.936074,11.122462]}"
GEO-TS-0637,LG-TS-0637,17.119249,80.222719,"{""type"":""Point"",""coordinates"":[80.222719,17.119249]}"
GEO-TR-0638,LG-TR-0638,23.899306,91.36569,"{""type"":""Point"",""coordinates"":[91.36569,23.899306]}"
GEO-UP-0639,LG-UP-0639,25.30376,82.850656,"{""type"":""Point"",""coordinates"":[82.850656,25.30376]}"
GEO-UK-0640,LG-UK-0640,30.338531,77.98569,"{""type"":""Point"",""coordinates"":[77.98569,30.338531]}"
GEO-WB-0641,LG-WB-0641,22.493552,88.275367,"{""type"":""Point"",""coordinates"":[88.275367,22.493552]}"
GEO-AN-0642,LG-AN-0642,11.693764,92.723892,"{""type"":""Point"",""coordinates"":[92.723892,11.693764]}"
GEO-CH-0643,LG-CH-0643,30.618998,76.772896,"{""type"":""Point"",""coordinates"":[76.772896,30.618998]}"
GEO-DH-0644,LG-DH-0644,20.559418,72.895724,"{""type"":""Point"",""coordinates"":[72.895724,20.559418]}"
GEO-DL-0645,LG-DL-0645,28.489336,77.244264,"{""type"":""Point"",""coordinates"":[77.244264,28.489336]}"
GEO-JK-0646,LG-JK-0646,34.222429,74.872652,"{""type"":""Point"",""coordinates"":[74.872652,34.222429]}"
GEO-LA-0647,LG-LA-0647,34.259707,77.599478,"{""type"":""Point"",""coordinates"":[77.599478,34.259707]}"
GEO-LD-0648,LG-LD-0648,10.516263,72.628691,"{""type"":""Point"",""coordinates"":[72.628691,10.516263]}"
GEO-PY-0649,LG-PY-0649,12.051512,79.918188,"{""type"":""Point"",""coordinates"":[79.918188,12.051512]}"
GEO-AP-0650,LG-AP-0650,18.254029,83.396944,"{""type"":""Point"",""coordinates"":[83.396944,18.254029]}"
GEO-AR-0651,LG-AR-0651,27.229907,95.680085,"{""type"":""Point"",""coordinates"":[95.680085,27.229907]}"
GEO-AS-0652,LG-AS-0652,27.578268,94.775738,"{""type"":""Point"",""coordinates"":[94.775738,27.578268]}"
GEO-BR-0653,LG-BR-0653,26.138241,85.444796,"{""type"":""Point"",""coordinates"":[85.444796,26.138241]}"
GEO-CG-0654,LG-CG-0654,22.310686,82.822341,"{""type"":""Point"",""coordinates"":[82.822341,22.310686]}"
GEO-GA-0655,LG-GA-0655,15.235351,73.876972,"{""type"":""Point"",""coordinates"":[73.876972,15.235351]}"
GEO-GJ-0656,LG-GJ-0656,21.235221,72.724322,"{""type"":""Point"",""coordinates"":[72.724322,21.235221]}"
GEO-HR-0657,LG-HR-0657,28.503807,77.388914,"{""type"":""Point"",""coordinates"":[77.388914,28.503807]}"
GEO-HP-0658,LG-HP-0658,31.091608,77.259477,"{""type"":""Point"",""coordinates"":[77.259477,31.091608]}"
GEO-JH-0659,LG-JH-0659,23.906409,86.495887,"{""type"":""Point"",""coordinates"":[86.495887,23.906409]}"
GEO-KA-0660,LG-KA-0660,12.997153,77.636707,"{""type"":""Point"",""coordinates"":[77.636707,12.997153]}"
GEO-KL-0661,LG-KL-0661,9.909911,76.226069,"{""type"":""Point"",""coordinates"":[76.226069,9.909911]}"
GEO-MP-0662,LG-MP-0662,26.235794,78.307294,"{""type"":""Point"",""coordinates"":[78.307294,26.235794]}"
GEO-MH-0663,LG-MH-0663,18.592394,73.918186,"{""type"":""Point"",""coordinates"":[73.918186,18.592394]}"
GEO-MN-0664,LG-MN-0664,24.354455,93.811861,"{""type"":""Point"",""coordinates"":[93.811861,24.354455]}"
GEO-ML-0665,LG-ML-0665,25.456679,92.033524,"{""type"":""Point"",""coordinates"":[92.033524,25.456679]}"
GEO-MZ-0666,LG-MZ-0666,23.762352,92.577175,"{""type"":""Point"",""coordinates"":[92.577175,23.762352]}"
GEO-NL-0667,LG-NL-0667,25.577941,93.98563,"{""type"":""Point"",""coordinates"":[93.98563,25.577941]}"
GEO-OD-0668,LG-OD-0668,20.324961,85.712961,"{""type"":""Point"",""coordinates"":[85.712961,20.324961]}"
GEO-PB-0669,LG-PB-0669,30.656638,76.680647,"{""type"":""Point"",""coordinates"":[76.680647,30.656638]}"
GEO-RJ-0670,LG-RJ-0670,26.174537,72.949209,"{""type"":""Point"",""coordinates"":[72.949209,26.174537]}"
GEO-SK-0671,LG-SK-0671,27.439931,88.53183,"{""type"":""Point"",""coordinates"":[88.53183,27.439931]}"
GEO-TN-0672,LG-TN-0672,12.752129,79.943473,"{""type"":""Point"",""coordinates"":[79.943473,12.752129]}"
GEO-TS-0673,LG-TS-0673,17.475308,78.389194,"{""type"":""Point"",""coordinates"":[78.389194,17.475308]}"
GEO-TR-0674,LG-TR-0674,23.928458,91.16048,"{""type"":""Point"",""coordinates"":[91.16048,23.928458]}"
GEO-UP-0675,LG-UP-0675,27.251407,77.936908,"{""type"":""Point"",""coordinates"":[77.936908,27.251407]}"
GEO-UK-0676,LG-UK-0676,30.463409,78.073864,"{""type"":""Point"",""coordinates"":[78.073864,30.463409]}"
GEO-WB-0677,LG-WB-0677,22.629265,88.368516,"{""type"":""Point"",""coordinates"":[88.368516,22.629265]}"
GEO-AN-0678,LG-AN-0678,11.662647,92.774632,"{""type"":""Point"",""coordinates"":[92.774632,11.662647]}"
GEO-CH-0679,LG-CH-0679,30.827896,76.88482,"{""type"":""Point"",""coordinates"":[76.88482,30.827896]}"
GEO-DH-0680,LG-DH-0680,20.379078,73.110936,"{""type"":""Point"",""coordinates"":[73.110936,20.379078]}"
GEO-DL-0681,LG-DL-0681,28.546801,77.180374,"{""type"":""Point"",""coordinates"":[77.180374,28.546801]}"
GEO-JK-0682,LG-JK-0682,34.116647,74.762419,"{""type"":""Point"",""coordinates"":[74.762419,34.116647]}"
GEO-LA-0683,LG-LA-0683,34.162411,77.577643,"{""type"":""Point"",""coordinates"":[77.577643,34.162411]}"
GEO-LD-0684,LG-LD-0684,10.486495,72.634233,"{""type"":""Point"",""coordinates"":[72.634233,10.486495]}"
GEO-PY-0685,LG-PY-0685,10.78487,79.745975,"{""type"":""Point"",""coordinates"":[79.745975,10.78487]}"
GEO-AP-0686,LG-AP-0686,16.237961,80.441591,"{""type"":""Point"",""coordinates"":[80.441591,16.237961]}"
GEO-AR-0687,LG-AR-0687,27.044067,93.667972,"{""type"":""Point"",""coordinates"":[93.667972,27.044067]}"
GEO-AS-0688,LG-AS-0688,26.117737,91.799007,"{""type"":""Point"",""coordinates"":[91.799007,26.117737]}"
GEO-BR-0689,LG-BR-0689,24.877055,85.072368,"{""type"":""Point"",""coordinates"":[85.072368,24.877055]}"
GEO-CG-0690,LG-CG-0690,22.444169,82.677527,"{""type"":""Point"",""coordinates"":[82.677527,22.444169]}"
GEO-GA-0691,LG-GA-0691,15.412584,74.047558,"{""type"":""Point"",""coordinates"":[74.047558,15.412584]}"
GEO-GJ-0692,LG-GJ-0692,22.448494,70.79656,"{""type"":""Point"",""coordinates"":[70.79656,22.448494]}"
GEO-HR-0693,LG-HR-0693,29.551741,76.999129,"{""type"":""Point"",""coordinates"":[76.999129,29.551741]}"
GEO-HP-0694,LG-HP-0694,31.248784,77.103906,"{""type"":""Point"",""coordinates"":[77.103906,31.248784]}"
GEO-JH-0695,LG-JH-0695,23.386555,85.382278,"{""type"":""Point"",""coordinates"":[85.382278,23.386555]}"
GEO-KA-0696,LG-KA-0696,15.993358,74.4452,"{""type"":""Point"",""coordinates"":[74.4452,15.993358]}"
GEO-KL-0697,LG-KL-0697,10.106637,76.436553,"{""type"":""Point"",""coordinates"":[76.436553,10.106637]}"
GEO-MP-0698,LG-MP-0698,23.182202,80.034721,"{""type"":""Point"",""coordinates"":[80.034721,23.182202]}"
GEO-MH-0699,LG-MH-0699,19.874363,73.85847,"{""type"":""Point"",""coordinates"":[73.85847,19.874363]}"
GEO-MN-0700,LG-MN-0700,24.460546,93.746807,"{""type"":""Point"",""coordinates"":[93.746807,24.460546]}"
GEO-ML-0701,LG-ML-0701,25.540601,91.982358,"{""type"":""Point"",""coordinates"":[91.982358,25.540601]}"
GEO-MZ-0702,LG-MZ-0702,22.953301,92.881676,"{""type"":""Point"",""coordinates"":[92.881676,22.953301]}"
GEO-NL-0703,LG-NL-0703,25.783089,93.829417,"{""type"":""Point"",""coordinates"":[93.829417,25.783089]}"
GEO-OD-0704,LG-OD-0704,20.547973,85.891186,"{""type"":""Point"",""coordinates"":[85.891186,20.547973]}"
GEO-PB-0705,LG-PB-0705,30.7591,76.679652,"{""type"":""Point"",""coordinates"":[76.679652,30.7591]}"
GEO-RJ-0706,LG-RJ-0706,26.144363,72.896688,"{""type"":""Point"",""coordinates"":[72.896688,26.144363]}"
GEO-SK-0707,LG-SK-0707,27.292883,88.544595,"{""type"":""Point"",""coordinates"":[88.544595,27.292883]}"
GEO-TN-0708,LG-TN-0708,12.617634,80.092955,"{""type"":""Point"",""coordinates"":[80.092955,12.617634]}"
GEO-TS-0709,LG-TS-0709,17.388452,78.361942,"{""type"":""Point"",""coordinates"":[78.361942,17.388452]}"
GEO-TR-0710,LG-TR-0710,23.667401,91.591958,"{""type"":""Point"",""coordinates"":[91.591958,23.667401]}"
GEO-UP-0711,LG-UP-0711,25.231602,83.081139,"{""type"":""Point"",""coordinates"":[83.081139,25.231602]}"
GEO-UK-0712,LG-UK-0712,29.978932,78.080734,"{""type"":""Point"",""coordinates"":[78.080734,29.978932]}"
GEO-WB-0713,LG-WB-0713,22.628127,88.494386,"{""type"":""Point"",""coordinates"":[88.494386,22.628127]}"
GEO-AN-0714,LG-AN-0714,11.574069,92.600518,"{""type"":""Point"",""coordinates"":[92.600518,11.574069]}"
GEO-CH-0715,LG-CH-0715,30.69967,76.809708,"{""type"":""Point"",""coordinates"":[76.809708,30.69967]}"
GEO-DH-0716,LG-DH-0716,20.372424,72.927866,"{""type"":""Point"",""coordinates"":[72.927866,20.372424]}"
GEO-DL-0717,LG-DL-0717,28.582126,77.067268,"{""type"":""Point"",""coordinates"":[77.067268,28.582126]}"
GEO-JK-0718,LG-JK-0718,32.857906,74.970486,"{""type"":""Point"",""coordinates"":[74.970486,32.857906]}"
GEO-LA-0719,LG-LA-0719,34.425099,76.002697,"{""type"":""Point"",""coordinates"":[76.002697,34.425099]}"
GEO-LD-0720,LG-LD-0720,10.508727,72.701367,"{""type"":""Point"",""coordinates"":[72.701367,10.508727]}"
GEO-PY-0721,LG-PY-0721,10.831431,79.972107,"{""type"":""Point"",""coordinates"":[79.972107,10.831431]}"
GEO-AP-0722,LG-AP-0722,16.658373,80.85488,"{""type"":""Point"",""coordinates"":[80.85488,16.658373]}"
GEO-AR-0723,LG-AR-0723,27.003754,93.472541,"{""type"":""Point"",""coordinates"":[93.472541,27.003754]}"
GEO-AS-0724,LG-AS-0724,27.520876,94.782258,"{""type"":""Point"",""coordinates"":[94.782258,27.520876]}"
GEO-BR-0725,LG-BR-0725,25.459203,85.285325,"{""type"":""Point"",""coordinates"":[85.285325,25.459203]}"
GEO-CG-0726,LG-CG-0726,21.089154,81.151092,"{""type"":""Point"",""coordinates"":[81.151092,21.089154]}"
GEO-GA-0727,LG-GA-0727,15.587591,73.722114,"{""type"":""Point"",""coordinates"":[73.722114,15.587591]}"
GEO-GJ-0728,LG-GJ-0728,22.991262,72.422266,"{""type"":""Point"",""coordinates"":[72.422266,22.991262]}"
GEO-HR-0729,LG-HR-0729,28.321763,77.160067,"{""type"":""Point"",""coordinates"":[77.160067,28.321763]}"
GEO-HP-0730,LG-HP-0730,31.669272,77.034372,"{""type"":""Point"",""coordinates"":[77.034372,31.669272]}"
GEO-JH-0731,LG-JH-0731,23.724757,86.182498,"{""type"":""Point"",""coordinates"":[86.182498,23.724757]}"
GEO-KA-0732,LG-KA-0732,12.241968,76.691452,"{""type"":""Point"",""coordinates"":[76.691452,12.241968]}"
GEO-KL-0733,LG-KL-0733,8.663808,77.083397,"{""type"":""Point"",""coordinates"":[77.083397,8.663808]}"
GEO-MP-0734,LG-MP-0734,26.343141,78.201915,"{""type"":""Point"",""coordinates"":[78.201915,26.343141]}"
GEO-MH-0735,LG-MH-0735,21.081465,78.944838,"{""type"":""Point"",""coordinates"":[78.944838,21.081465]}"
GEO-MN-0736,LG-MN-0736,24.708013,93.910383,"{""type"":""Point"",""coordinates"":[93.910383,24.708013]}"
GEO-ML-0737,LG-ML-0737,25.566169,91.774575,"{""type"":""Point"",""coordinates"":[91.774575,25.566169]}"
GEO-MZ-0738,LG-MZ-0738,23.728746,92.705796,"{""type"":""Point"",""coordinates"":[92.705796,23.728746]}"
GEO-NL-0739,LG-NL-0739,25.896409,93.610643,"{""type"":""Point"",""coordinates"":[93.610643,25.896409]}"
GEO-OD-0740,LG-OD-0740,20.285034,85.928505,"{""type"":""Point"",""coordinates"":[85.928505,20.285034]}"
GEO-PB-0741,LG-PB-0741,31.755945,74.730337,"{""type"":""Point"",""coordinates"":[74.730337,31.755945]}"
GEO-RJ-0742,LG-RJ-0742,26.296257,73.122792,"{""type"":""Point"",""coordinates"":[73.122792,26.296257]}"
GEO-SK-0743,LG-SK-0743,27.218833,88.649942,"{""type"":""Point"",""coordinates"":[88.649942,27.218833]}"
GEO-TN-0744,LG-TN-0744,10.935241,78.59719,"{""type"":""Point"",""coordinates"":[78.59719,10.935241]}"
GEO-TS-0745,LG-TS-0745,17.447917,78.313319,"{""type"":""Point"",""coordinates"":[78.313319,17.447917]}"
GEO-TR-0746,LG-TR-0746,23.778688,91.140866,"{""type"":""Point"",""coordinates"":[91.140866,23.778688]}"
GEO-UP-0747,LG-UP-0747,26.894606,80.906686,"{""type"":""Point"",""coordinates"":[80.906686,26.894606]}"
GEO-UK-0748,LG-UK-0748,30.039061,78.019648,"{""type"":""Point"",""coordinates"":[78.019648,30.039061]}"
GEO-WB-0749,LG-WB-0749,22.706171,88.340901,"{""type"":""Point"",""coordinates"":[88.340901,22.706171]}"
GEO-AN-0750,LG-AN-0750,11.535801,92.76579,"{""type"":""Point"",""coordinates"":[92.76579,11.535801]}"
GEO-CH-0751,LG-CH-0751,30.881256,76.798312,"{""type"":""Point"",""coordinates"":[76.798312,30.881256]}"
GEO-DH-0752,LG-DH-0752,20.203379,72.957488,"{""type"":""Point"",""coordinates"":[72.957488,20.203379]}"
GEO-DL-0753,LG-DL-0753,28.575189,77.198785,"{""type"":""Point"",""coordinates"":[77.198785,28.575189]}"
GEO-JK-0754,LG-JK-0754,34.159816,74.909698,"{""type"":""Point"",""coordinates"":[74.909698,34.159816]}"
GEO-LA-0755,LG-LA-0755,34.606706,76.182115,"{""type"":""Point"",""coordinates"":[76.182115,34.606706]}"
GEO-LD-0756,LG-LD-0756,10.451243,72.635321,"{""type"":""Point"",""coordinates"":[72.635321,10.451243]}"
GEO-PY-0757,LG-PY-0757,11.974882,79.828272,"{""type"":""Point"",""coordinates"":[79.828272,11.974882]}"
GEO-AP-0758,LG-AP-0758,17.644949,83.158003,"{""type"":""Point"",""coordinates"":[83.158003,17.644949]}"
GEO-AR-0759,LG-AR-0759,27.515637,91.771774,"{""type"":""Point"",""coordinates"":[91.771774,27.515637]}"
GEO-AS-0760,LG-AS-0760,26.18849,91.877884,"{""type"":""Point"",""coordinates"":[91.877884,26.18849]}"
GEO-BR-0761,LG-BR-0761,25.354142,87.110884,"{""type"":""Point"",""coordinates"":[87.110884,25.354142]}"
GEO-CG-0762,LG-CG-0762,21.966557,82.259371,"{""type"":""Point"",""coordinates"":[82.259371,21.966557]}"
GEO-GA-0763,LG-GA-0763,15.188635,74.023122,"{""type"":""Point"",""coordinates"":[74.023122,15.188635]}"
GEO-GJ-0764,LG-GJ-0764,21.050677,72.956303,"{""type"":""Point"",""coordinates"":[72.956303,21.050677]}"
GEO-HR-0765,LG-HR-0765,29.547731,77.127236,"{""type"":""Point"",""coordinates"":[77.127236,29.547731]}"
GEO-HP-0766,LG-HP-0766,31.571289,76.991067,"{""type"":""Point"",""coordinates"":[76.991067,31.571289]}"
GEO-JH-0767,LG-JH-0767,23.571951,86.272695,"{""type"":""Point"",""coordinates"":[86.272695,23.571951]}"
GEO-KA-0768,LG-KA-0768,15.758351,74.640549,"{""type"":""Point"",""coordinates"":[74.640549,15.758351]}"
GEO-KL-0769,LG-KL-0769,11.186014,75.840997,"{""type"":""Point"",""coordinates"":[75.840997,11.186014]}"
GEO-MP-0770,LG-MP-0770,22.812456,75.747846,"{""type"":""Point"",""coordinates"":[75.747846,22.812456]}"
GEO-MH-0771,LG-MH-0771,21.084798,79.167384,"{""type"":""Point"",""coordinates"":[79.167384,21.084798]}"
GEO-MN-0772,LG-MN-0772,24.720034,93.845552,"{""type"":""Point"",""coordinates"":[93.845552,24.720034]}"
GEO-ML-0773,LG-ML-0773,25.653823,91.994452,"{""type"":""Point"",""coordinates"":[91.994452,25.653823]}"
GEO-MZ-0774,LG-MZ-0774,23.774651,92.601138,"{""type"":""Point"",""coordinates"":[92.601138,23.774651]}"
GEO-NL-0775,LG-NL-0775,25.701538,94.136818,"{""type"":""Point"",""coordinates"":[94.136818,25.701538]}"
GEO-OD-0776,LG-OD-0776,22.166966,84.732508,"{""type"":""Point"",""coordinates"":[84.732508,22.166966]}"
GEO-PB-0777,LG-PB-0777,31.306844,75.49942,"{""type"":""Point"",""coordinates"":[75.49942,31.306844]}"
GEO-RJ-0778,LG-RJ-0778,26.219116,72.965711,"{""type"":""Point"",""coordinates"":[72.965711,26.219116]}"
GEO-SK-0779,LG-SK-0779,27.217392,88.469535,"{""type"":""Point"",""coordinates"":[88.469535,27.217392]}"
GEO-TN-0780,LG-TN-0780,9.880183,78.119044,"{""type"":""Point"",""coordinates"":[78.119044,9.880183]}"
GEO-TS-0781,LG-TS-0781,17.23771,78.470001,"{""type"":""Point"",""coordinates"":[78.470001,17.23771]}"
GEO-TR-0782,LG-TR-0782,23.554594,91.454988,"{""type"":""Point"",""coordinates"":[91.454988,23.554594]}"
GEO-UP-0783,LG-UP-0783,26.934401,80.8462,"{""type"":""Point"",""coordinates"":[80.8462,26.934401]}"
GEO-UK-0784,LG-UK-0784,29.392187,79.480263,"{""type"":""Point"",""coordinates"":[79.480263,29.392187]}"
GEO-WB-0785,LG-WB-0785,22.436377,88.317374,"{""type"":""Point"",""coordinates"":[88.317374,22.436377]}"
GEO-AN-0786,LG-AN-0786,11.615031,92.700834,"{""type"":""Point"",""coordinates"":[92.700834,11.615031]}"
GEO-CH-0787,LG-CH-0787,30.63275,76.9114,"{""type"":""Point"",""coordinates"":[76.9114,30.63275]}"
GEO-DH-0788,LG-DH-0788,20.27042,72.974939,"{""type"":""Point"",""coordinates"":[72.974939,20.27042]}"
GEO-DL-0789,LG-DL-0789,28.590256,77.21608,"{""type"":""Point"",""coordinates"":[77.21608,28.590256]}"
GEO-JK-0790,LG-JK-0790,33.987983,74.847878,"{""type"":""Point"",""coordinates"":[74.847878,33.987983]}"
GEO-LA-0791,LG-LA-0791,34.232006,77.618689,"{""type"":""Point"",""coordinates"":[77.618689,34.232006]}"
GEO-LD-0792,LG-LD-0792,10.569864,72.500786,"{""type"":""Point"",""coordinates"":[72.500786,10.569864]}"
GEO-PY-0793,LG-PY-0793,11.877172,79.824756,"{""type"":""Point"",""coordinates"":[79.824756,11.877172]}"
GEO-AP-0794,LG-AP-0794,18.105569,83.466166,"{""type"":""Point"",""coordinates"":[83.466166,18.105569]}"
GEO-AR-0795,LG-AR-0795,27.450567,91.888073,"{""type"":""Point"",""coordinates"":[91.888073,27.450567]}"
GEO-AS-0796,LG-AS-0796,24.935112,92.813422,"{""type"":""Point"",""coordinates"":[92.813422,24.935112]}"
GEO-BR-0797,LG-BR-0797,25.284289,87.106391,"{""type"":""Point"",""coordinates"":[87.106391,25.284289]}"
GEO-CG-0798,LG-CG-0798,22.312016,82.730425,"{""type"":""Point"",""coordinates"":[82.730425,22.312016]}"
GEO-GA-0799,LG-GA-0799,15.657833,73.995584,"{""type"":""Point"",""coordinates"":[73.995584,15.657833]}"
GEO-GJ-0800,LG-GJ-0800,21.179991,72.936949,"{""type"":""Point"",""coordinates"":[72.936949,21.179991]}"
GEO-HR-0801,LG-HR-0801,29.8155,77.079022,"{""type"":""Point"",""coordinates"":[77.079022,29.8155]}"
GEO-HP-0802,LG-HP-0802,31.693809,76.855893,"{""type"":""Point"",""coordinates"":[76.855893,31.693809]}"
GEO-JH-0803,LG-JH-0803,23.82405,86.579431,"{""type"":""Point"",""coordinates"":[86.579431,23.82405]}"
GEO-KA-0804,LG-KA-0804,15.890144,74.437584,"{""type"":""Point"",""coordinates"":[74.437584,15.890144]}"
GEO-KL-0805,LG-KL-0805,11.282503,75.807993,"{""type"":""Point"",""coordinates"":[75.807993,11.282503]}"
GEO-MP-0806,LG-MP-0806,22.640739,75.95713,"{""type"":""Point"",""coordinates"":[75.95713,22.640739]}"
GEO-MH-0807,LG-MH-0807,21.128756,79.162424,"{""type"":""Point"",""coordinates"":[79.162424,21.128756]}"
GEO-MN-0808,LG-MN-0808,24.903257,94.090967,"{""type"":""Point"",""coordinates"":[94.090967,24.903257]}"
GEO-ML-0809,LG-ML-0809,25.436759,90.218451,"{""type"":""Point"",""coordinates"":[90.218451,25.436759]}"
GEO-MZ-0810,LG-MZ-0810,23.815135,92.623257,"{""type"":""Point"",""coordinates"":[92.623257,23.815135]}"
GEO-NL-0811,LG-NL-0811,25.570534,93.969144,"{""type"":""Point"",""coordinates"":[93.969144,25.570534]}"
GEO-OD-0812,LG-OD-0812,22.295001,84.730443,"{""type"":""Point"",""coordinates"":[84.730443,22.295001]}"
GEO-PB-0813,LG-PB-0813,30.801155,75.949623,"{""type"":""Point"",""coordinates"":[75.949623,30.801155]}"
GEO-RJ-0814,LG-RJ-0814,26.982171,75.918256,"{""type"":""Point"",""coordinates"":[75.918256,26.982171]}"
GEO-SK-0815,LG-SK-0815,27.292384,88.664113,"{""type"":""Point"",""coordinates"":[88.664113,27.292384]}"
GEO-TN-0816,LG-TN-0816,10.904142,78.848899,"{""type"":""Point"",""coordinates"":[78.848899,10.904142]}"
GEO-TS-0817,LG-TS-0817,17.112406,80.172784,"{""type"":""Point"",""coordinates"":[80.172784,17.112406]}"
GEO-TR-0818,LG-TR-0818,23.72591,91.393505,"{""type"":""Point"",""coordinates"":[91.393505,23.72591]}"
GEO-UP-0819,LG-UP-0819,28.386949,77.395847,"{""type"":""Point"",""coordinates"":[77.395847,28.386949]}"
GEO-UK-0820,LG-UK-0820,29.513141,79.57358,"{""type"":""Point"",""coordinates"":[79.57358,29.513141]}"
GEO-WB-0821,LG-WB-0821,22.502169,87.458656,"{""type"":""Point"",""coordinates"":[87.458656,22.502169]}"
GEO-AN-0822,LG-AN-0822,11.489501,92.594068,"{""type"":""Point"",""coordinates"":[92.594068,11.489501]}"
GEO-CH-0823,LG-CH-0823,30.849473,76.778464,"{""type"":""Point"",""coordinates"":[76.778464,30.849473]}"
GEO-DH-0824,LG-DH-0824,20.332286,73.13978,"{""type"":""Point"",""coordinates"":[73.13978,20.332286]}"
GEO-DL-0825,LG-DL-0825,28.358619,77.300994,"{""type"":""Point"",""coordinates"":[77.300994,28.358619]}"
GEO-JK-0826,LG-JK-0826,34.227241,74.772989,"{""type"":""Point"",""coordinates"":[74.772989,34.227241]}"
GEO-LA-0827,LG-LA-0827,34.227436,77.464965,"{""type"":""Point"",""coordinates"":[77.464965,34.227436]}"
GEO-LD-0828,LG-LD-0828,10.440856,72.539593,"{""type"":""Point"",""coordinates"":[72.539593,10.440856]}"
GEO-PY-0829,LG-PY-0829,12.028789,79.788147,"{""type"":""Point"",""coordinates"":[79.788147,12.028789]}"
GEO-AP-0830,LG-AP-0830,16.357307,80.356551,"{""type"":""Point"",""coordinates"":[80.356551,16.357307]}"
GEO-AR-0831,LG-AR-0831,27.213449,93.563301,"{""type"":""Point"",""coordinates"":[93.563301,27.213449]}"
GEO-AS-0832,LG-AS-0832,24.931722,92.815769,"{""type"":""Point"",""coordinates"":[92.815769,24.931722]}"
GEO-BR-0833,LG-BR-0833,25.550534,85.202187,"{""type"":""Point"",""coordinates"":[85.202187,25.550534]}"
GEO-CG-0834,LG-CG-0834,21.142681,81.619995,"{""type"":""Point"",""coordinates"":[81.619995,21.142681]}"
GEO-GA-0835,LG-GA-0835,15.411496,73.981692,"{""type"":""Point"",""coordinates"":[73.981692,15.411496]}"
GEO-GJ-0836,LG-GJ-0836,23.048024,72.658203,"{""type"":""Point"",""coordinates"":[72.658203,23.048024]}"
GEO-HR-0837,LG-HR-0837,29.579257,76.86231,"{""type"":""Point"",""coordinates"":[76.86231,29.579257]}"
GEO-HP-0838,LG-HP-0838,32.226262,76.340677,"{""type"":""Point"",""coordinates"":[76.340677,32.226262]}"
GEO-JH-0839,LG-JH-0839,23.229647,85.387916,"{""type"":""Point"",""coordinates"":[85.387916,23.229647]}"
GEO-KA-0840,LG-KA-0840,15.769963,74.459335,"{""type"":""Point"",""coordinates"":[74.459335,15.769963]}"
GEO-KL-0841,LG-KL-0841,10.510063,76.072595,"{""type"":""Point"",""coordinates"":[76.072595,10.510063]}"
GEO-MP-0842,LG-MP-0842,22.781303,75.909216,"{""type"":""Point"",""coordinates"":[75.909216,22.781303]}"
GEO-MH-0843,LG-MH-0843,19.3262,73.040022,"{""type"":""Point"",""coordinates"":[73.040022,19.3262]}"
GEO-MN-0844,LG-MN-0844,24.283683,93.644455,"{""type"":""Point"",""coordinates"":[93.644455,24.283683]}"
GEO-ML-0845,LG-ML-0845,25.505207,91.8742,"{""type"":""Point"",""coordinates"":[91.8742,25.505207]}"
GEO-MZ-0846,LG-MZ-0846,23.724129,92.749624,"{""type"":""Point"",""coordinates"":[92.749624,23.724129]}"
GEO-NL-0847,LG-NL-0847,25.809751,93.586076,"{""type"":""Point"",""coordinates"":[93.586076,25.809751]}"
GEO-OD-0848,LG-OD-0848,20.54606,85.999252,"{""type"":""Point"",""coordinates"":[85.999252,20.54606]}"
GEO-PB-0849,LG-PB-0849,30.87031,75.986188,"{""type"":""Point"",""coordinates"":[75.986188,30.87031]}"
GEO-RJ-0850,LG-RJ-0850,24.539819,73.576827,"{""type"":""Point"",""coordinates"":[73.576827,24.539819]}"
GEO-SK-0851,LG-SK-0851,27.241155,88.498115,"{""type"":""Point"",""coordinates"":[88.498115,27.241155]}"
GEO-TN-0852,LG-TN-0852,12.536068,79.883932,"{""type"":""Point"",""coordinates"":[79.883932,12.536068]}"
GEO-TS-0853,LG-TS-0853,18.051629,79.501924,"{""type"":""Point"",""coordinates"":[79.501924,18.051629]}"
GEO-TR-0854,LG-TR-0854,23.906907,91.254647,"{""type"":""Point"",""coordinates"":[91.254647,23.906907]}"
GEO-UP-0855,LG-UP-0855,27.066432,77.976757,"{""type"":""Point"",""coordinates"":[77.976757,27.066432]}"
GEO-UK-0856,LG-UK-0856,30.364453,78.146008,"{""type"":""Point"",""coordinates"":[78.146008,30.364453]}"
GEO-WB-0857,LG-WB-0857,22.487697,88.253441,"{""type"":""Point"",""coordinates"":[88.253441,22.487697]}"
GEO-AN-0858,LG-AN-0858,11.621213,92.691161,"{""type"":""Point"",""coordinates"":[92.691161,11.621213]}"
GEO-CH-0859,LG-CH-0859,30.640932,76.851045,"{""type"":""Point"",""coordinates"":[76.851045,30.640932]}"
GEO-DH-0860,LG-DH-0860,20.33337,72.794809,"{""type"":""Point"",""coordinates"":[72.794809,20.33337]}"
GEO-DL-0861,LG-DL-0861,28.516401,77.062433,"{""type"":""Point"",""coordinates"":[77.062433,28.516401]}"
GEO-JK-0862,LG-JK-0862,33.956161,74.868497,"{""type"":""Point"",""coordinates"":[74.868497,33.956161]}"
GEO-LA-0863,LG-LA-0863,34.035869,77.632626,"{""type"":""Point"",""coordinates"":[77.632626,34.035869]}"
GEO-LD-0864,LG-LD-0864,10.65265,72.5261,"{""type"":""Point"",""coordinates"":[72.5261,10.65265]}"
GEO-PY-0865,LG-PY-0865,10.850702,79.775695,"{""type"":""Point"",""coordinates"":[79.775695,10.850702]}"
GEO-AP-0866,LG-AP-0866,13.117665,79.0309,"{""type"":""Point"",""coordinates"":[79.0309,13.117665]}"
GEO-AR-0867,LG-AR-0867,27.566262,91.921229,"{""type"":""Point"",""coordinates"":[91.921229,27.566262]}"
GEO-AS-0868,LG-AS-0868,26.122702,91.677617,"{""type"":""Point"",""coordinates"":[91.677617,26.122702]}"
GEO-BR-0869,LG-BR-0869,25.369885,87.104599,"{""type"":""Point"",""coordinates"":[87.104599,25.369885]}"
GEO-CG-0870,LG-CG-0870,21.210402,81.70547,"{""type"":""Point"",""coordinates"":[81.70547,21.210402]}"
GEO-GA-0871,LG-GA-0871,15.35643,73.992393,"{""type"":""Point"",""coordinates"":[73.992393,15.35643]}"
GEO-GJ-0872,LG-GJ-0872,22.34494,70.823501,"{""type"":""Point"",""coordinates"":[70.823501,22.34494]}"
GEO-HR-0873,LG-HR-0873,28.312093,77.418893,"{""type"":""Point"",""coordinates"":[77.418893,28.312093]}"
GEO-HP-0874,LG-HP-0874,31.606021,76.843874,"{""type"":""Point"",""coordinates"":[76.843874,31.606021]}"
GEO-JH-0875,LG-JH-0875,22.95347,86.212051,"{""type"":""Point"",""coordinates"":[86.212051,22.95347]}"
GEO-KA-0876,LG-KA-0876,12.95766,74.87997,"{""type"":""Point"",""coordinates"":[74.87997,12.95766]}"
GEO-KL-0877,LG-KL-0877,8.435176,76.940553,"{""type"":""Point"",""coordinates"":[76.940553,8.435176]}"
GEO-MP-0878,LG-MP-0878,23.299304,77.289245,"{""type"":""Point"",""coordinates"":[77.289245,23.299304]}"
GEO-MH-0879,LG-MH-0879,19.338706,72.907469,"{""type"":""Point"",""coordinates"":[72.907469,19.338706]}"
GEO-MN-0880,LG-MN-0880,24.210307,93.81111,"{""type"":""Point"",""coordinates"":[93.81111,24.210307]}"
GEO-ML-0881,LG-ML-0881,25.63832,91.870774,"{""type"":""Point"",""coordinates"":[91.870774,25.63832]}"
GEO-MZ-0882,LG-MZ-0882,23.636376,92.605752,"{""type"":""Point"",""coordinates"":[92.605752,23.636376]}"
GEO-NL-0883,LG-NL-0883,25.811356,93.865574,"{""type"":""Point"",""coordinates"":[93.865574,25.811356]}"
GEO-OD-0884,LG-OD-0884,20.495775,85.844451,"{""type"":""Point"",""coordinates"":[85.844451,20.495775]}"
GEO-PB-0885,LG-PB-0885,30.823567,76.781619,"{""type"":""Point"",""coordinates"":[76.781619,30.823567]}"
GEO-RJ-0886,LG-RJ-0886,25.225844,75.908128,"{""type"":""Point"",""coordinates"":[75.908128,25.225844]}"
GEO-SK-0887,LG-SK-0887,27.054231,88.481308,"{""type"":""Point"",""coordinates"":[88.481308,27.054231]}"
GEO-TN-0888,LG-TN-0888,10.732706,78.631988,"{""type"":""Point"",""coordinates"":[78.631988,10.732706]}"
GEO-TS-0889,LG-TS-0889,17.250058,78.436604,"{""type"":""Point"",""coordinates"":[78.436604,17.250058]}"
GEO-TR-0890,LG-TR-0890,23.776064,91.156507,"{""type"":""Point"",""coordinates"":[91.156507,23.776064]}"
GEO-UP-0891,LG-UP-0891,26.754476,80.872938,"{""type"":""Point"",""coordinates"":[80.872938,26.754476]}"
GEO-UK-0892,LG-UK-0892,29.304049,79.562262,"{""type"":""Point"",""coordinates"":[79.562262,29.304049]}"
GEO-WB-0893,LG-WB-0893,22.542402,88.498456,"{""type"":""Point"",""coordinates"":[88.498456,22.542402]}"
GEO-AN-0894,LG-AN-0894,11.624341,92.728669,"{""type"":""Point"",""coordinates"":[92.728669,11.624341]}"
GEO-CH-0895,LG-CH-0895,30.626878,76.746339,"{""type"":""Point"",""coordinates"":[76.746339,30.626878]}"
GEO-DH-0896,LG-DH-0896,20.421522,72.771491,"{""type"":""Point"",""coordinates"":[72.771491,20.421522]}"
GEO-DL-0897,LG-DL-0897,28.572872,77.336641,"{""type"":""Point"",""coordinates"":[77.336641,28.572872]}"
GEO-JK-0898,LG-JK-0898,33.948226,74.925738,"{""type"":""Point"",""coordinates"":[74.925738,33.948226]}"
GEO-LA-0899,LG-LA-0899,34.224834,77.618828,"{""type"":""Point"",""coordinates"":[77.618828,34.224834]}"
GEO-LD-0900,LG-LD-0900,10.697033,72.690176,"{""type"":""Point"",""coordinates"":[72.690176,10.697033]}"
GEO-PY-0901,LG-PY-0901,10.838808,79.953895,"{""type"":""Point"",""coordinates"":[79.953895,10.838808]}"
GEO-AP-0902,LG-AP-0902,16.290993,80.3754,"{""type"":""Point"",""coordinates"":[80.3754,16.290993]}"
GEO-AR-0903,LG-AR-0903,27.151624,95.692026,"{""type"":""Point"",""coordinates"":[95.692026,27.151624]}"
GEO-AS-0904,LG-AS-0904,27.346786,94.954896,"{""type"":""Point"",""coordinates"":[94.954896,27.346786]}"
GEO-BR-0905,LG-BR-0905,25.165366,87.058028,"{""type"":""Point"",""coordinates"":[87.058028,25.165366]}"
GEO-CG-0906,LG-CG-0906,22.377701,82.640111,"{""type"":""Point"",""coordinates"":[82.640111,22.377701]}"
GEO-GA-0907,LG-GA-0907,15.606022,73.71824,"{""type"":""Point"",""coordinates"":[73.71824,15.606022]}"
GEO-GJ-0908,LG-GJ-0908,22.28667,70.783125,"{""type"":""Point"",""coordinates"":[70.783125,22.28667]}"
GEO-HR-0909,LG-HR-0909,28.519453,76.886731,"{""type"":""Point"",""coordinates"":[76.886731,28.519453]}"
GEO-HP-0910,LG-HP-0910,31.968494,76.388442,"{""type"":""Point"",""coordinates"":[76.388442,31.968494]}"
GEO-JH-0911,LG-JH-0911,23.769187,86.301692,"{""type"":""Point"",""coordinates"":[86.301692,23.769187]}"
GEO-KA-0912,LG-KA-0912,15.966323,74.59186,"{""type"":""Point"",""coordinates"":[74.59186,15.966323]}"
GEO-KL-0913,LG-KL-0913,8.542815,76.88843,"{""type"":""Point"",""coordinates"":[76.88843,8.542815]}"
GEO-MP-0914,LG-MP-0914,23.181856,79.878803,"{""type"":""Point"",""coordinates"":[79.878803,23.181856]}"
GEO-MH-0915,LG-MH-0915,18.550238,73.99844,"{""type"":""Point"",""coordinates"":[73.99844,18.550238]}"
GEO-MN-0916,LG-MN-0916,24.447317,93.658454,"{""type"":""Point"",""coordinates"":[93.658454,24.447317]}"
GEO-ML-0917,LG-ML-0917,25.366755,90.169124,"{""type"":""Point"",""coordinates"":[90.169124,25.366755]}"
GEO-MZ-0918,LG-MZ-0918,22.987709,92.643815,"{""type"":""Point"",""coordinates"":[92.643815,22.987709]}"
GEO-NL-0919,LG-NL-0919,25.823002,93.872136,"{""type"":""Point"",""coordinates"":[93.872136,25.823002]}"
GEO-OD-0920,LG-OD-0920,22.123071,84.764993,"{""type"":""Point"",""coordinates"":[84.764993,22.123071]}"
GEO-PB-0921,LG-PB-0921,30.772523,76.585389,"{""type"":""Point"",""coordinates"":[76.585389,30.772523]}"
GEO-RJ-0922,LG-RJ-0922,26.123004,72.966929,"{""type"":""Point"",""coordinates"":[72.966929,26.123004]}"
GEO-SK-0923,LG-SK-0923,27.124878,88.364591,"{""type"":""Point"",""coordinates"":[88.364591,27.124878]}"
GEO-TN-0924,LG-TN-0924,10.72897,78.598704,"{""type"":""Point"",""coordinates"":[78.598704,10.72897]}"
GEO-TS-0925,LG-TS-0925,17.108073,80.245165,"{""type"":""Point"",""coordinates"":[80.245165,17.108073]}"
GEO-TR-0926,LG-TR-0926,23.546694,91.520595,"{""type"":""Point"",""coordinates"":[91.520595,23.546694]}"
GEO-UP-0927,LG-UP-0927,26.720482,80.867539,"{""type"":""Point"",""coordinates"":[80.867539,26.720482]}"
GEO-UK-0928,LG-UK-0928,29.912107,78.242328,"{""type"":""Point"",""coordinates"":[78.242328,29.912107]}"
GEO-WB-0929,LG-WB-0929,22.435872,88.361149,"{""type"":""Point"",""coordinates"":[88.361149,22.435872]}"
GEO-AN-0930,LG-AN-0930,11.580643,92.769612,"{""type"":""Point"",""coordinates"":[92.769612,11.580643]}"
GEO-CH-0931,LG-CH-0931,30.716491,76.72669,"{""type"":""Point"",""coordinates"":[76.72669,30.716491]}"
GEO-DH-0932,LG-DH-0932,20.372121,72.985278,"{""type"":""Point"",""coordinates"":[72.985278,20.372121]}"
GEO-DL-0933,LG-DL-0933,28.76652,77.377207,"{""type"":""Point"",""coordinates"":[77.377207,28.76652]}"
GEO-JK-0934,LG-JK-0934,34.21772,74.920415,"{""type"":""Point"",""coordinates"":[74.920415,34.21772]}"
GEO-LA-0935,LG-LA-0935,34.426977,76.184221,"{""type"":""Point"",""coordinates"":[76.184221,34.426977]}"
GEO-LD-0936,LG-LD-0936,10.715776,72.783028,"{""type"":""Point"",""coordinates"":[72.783028,10.715776]}"
GEO-PY-0937,LG-PY-0937,11.792049,79.957515,"{""type"":""Point"",""coordinates"":[79.957515,11.792049]}"
GEO-AP-0938,LG-AP-0938,16.642111,80.698136,"{""type"":""Point"",""coordinates"":[80.698136,16.642111]}"
GEO-AR-0939,LG-AR-0939,27.600976,91.7833,"{""type"":""Point"",""coordinates"":[91.7833,27.600976]}"
GEO-AS-0940,LG-AS-0940,27.598574,94.926272,"{""type"":""Point"",""coordinates"":[94.926272,27.598574]}"
GEO-BR-0941,LG-BR-0941,25.526898,85.206965,"{""type"":""Point"",""coordinates"":[85.206965,25.526898]}"
GEO-CG-0942,LG-CG-0942,21.174558,81.628264,"{""type"":""Point"",""coordinates"":[81.628264,21.174558]}"
GEO-GA-0943,LG-GA-0943,15.174849,73.839265,"{""type"":""Point"",""coordinates"":[73.839265,15.174849]}"
GEO-GJ-0944,LG-GJ-0944,22.926262,72.644314,"{""type"":""Point"",""coordinates"":[72.644314,22.926262]}"
GEO-HR-0945,LG-HR-0945,28.340429,76.899216,"{""type"":""Point"",""coordinates"":[76.899216,28.340429]}"
GEO-HP-0946,LG-HP-0946,31.960659,76.407364,"{""type"":""Point"",""coordinates"":[76.407364,31.960659]}"
GEO-JH-0947,LG-JH-0947,23.397882,85.259577,"{""type"":""Point"",""coordinates"":[85.259577,23.397882]}"
GEO-KA-0948,LG-KA-0948,12.310844,76.676926,"{""type"":""Point"",""coordinates"":[76.676926,12.310844]}"
GEO-KL-0949,LG-KL-0949,9.863168,76.29172,"{""type"":""Point"",""coordinates"":[76.29172,9.863168]}"
GEO-MP-0950,LG-MP-0950,23.294729,80.048522,"{""type"":""Point"",""coordinates"":[80.048522,23.294729]}"
GEO-MH-0951,LG-MH-0951,19.287519,72.872234,"{""type"":""Point"",""coordinates"":[72.872234,19.287519]}"
GEO-MN-0952,LG-MN-0952,24.245766,93.57254,"{""type"":""Point"",""coordinates"":[93.57254,24.245766]}"
GEO-ML-0953,LG-ML-0953,25.663699,91.875906,"{""type"":""Point"",""coordinates"":[91.875906,25.663699]}"
GEO-MZ-0954,LG-MZ-0954,23.769709,92.778355,"{""type"":""Point"",""coordinates"":[92.778355,23.769709]}"
GEO-NL-0955,LG-NL-0955,25.83007,93.75769,"{""type"":""Point"",""coordinates"":[93.75769,25.83007]}"
GEO-OD-0956,LG-OD-0956,20.168274,85.749814,"{""type"":""Point"",""coordinates"":[85.749814,20.168274]}"
GEO-PB-0957,LG-PB-0957,31.050776,75.931697,"{""type"":""Point"",""coordinates"":[75.931697,31.050776]}"
GEO-RJ-0958,LG-RJ-0958,26.939903,75.698923,"{""type"":""Point"",""coordinates"":[75.698923,26.939903]}"
GEO-SK-0959,LG-SK-0959,27.172926,88.440901,"{""type"":""Point"",""coordinates"":[88.440901,27.172926]}"
GEO-TN-0960,LG-TN-0960,13.098932,80.409895,"{""type"":""Point"",""coordinates"":[80.409895,13.098932]}"
GEO-TS-0961,LG-TS-0961,17.254929,78.50106,"{""type"":""Point"",""coordinates"":[78.50106,17.254929]}"
GEO-TR-0962,LG-TR-0962,23.554364,91.618191,"{""type"":""Point"",""coordinates"":[91.618191,23.554364]}"
GEO-UP-0963,LG-UP-0963,28.581523,77.362528,"{""type"":""Point"",""coordinates"":[77.362528,28.581523]}"
GEO-UK-0964,LG-UK-0964,30.457024,78.17634,"{""type"":""Point"",""coordinates"":[78.17634,30.457024]}"
GEO-WB-0965,LG-WB-0965,22.359573,87.330615,"{""type"":""Point"",""coordinates"":[87.330615,22.359573]}"
GEO-AN-0966,LG-AN-0966,11.721213,92.860208,"{""type"":""Point"",""coordinates"":[92.860208,11.721213]}"
GEO-CH-0967,LG-CH-0967,30.588458,76.651236,"{""type"":""Point"",""coordinates"":[76.651236,30.588458]}"
GEO-DH-0968,LG-DH-0968,20.32854,73.136202,"{""type"":""Point"",""coordinates"":[73.136202,20.32854]}"
GEO-DL-0969,LG-DL-0969,28.629665,77.346346,"{""type"":""Point"",""coordinates"":[77.346346,28.629665]}"
GEO-JK-0970,LG-JK-0970,32.646658,74.933844,"{""type"":""Point"",""coordinates"":[74.933844,32.646658]}"
GEO-LA-0971,LG-LA-0971,34.492628,76.075288,"{""type"":""Point"",""coordinates"":[76.075288,34.492628]}"
GEO-LD-0972,LG-LD-0972,10.449104,72.652073,"{""type"":""Point"",""coordinates"":[72.652073,10.449104]}"
GEO-PY-0973,LG-PY-0973,10.872048,79.849346,"{""type"":""Point"",""coordinates"":[79.849346,10.872048]}"
GEO-AP-0974,LG-AP-0974,18.119072,83.47633,"{""type"":""Point"",""coordinates"":[83.47633,18.119072]}"
GEO-AR-0975,LG-AR-0975,27.075396,93.671427,"{""type"":""Point"",""coordinates"":[93.671427,27.075396]}"
GEO-AS-0976,LG-AS-0976,26.148737,91.69674,"{""type"":""Point"",""coordinates"":[91.69674,26.148737]}"
GEO-BR-0977,LG-BR-0977,26.103228,85.301082,"{""type"":""Point"",""coordinates"":[85.301082,26.103228]}"
GEO-CG-0978,LG-CG-0978,22.164826,82.037136,"{""type"":""Point"",""coordinates"":[82.037136,22.164826]}"
GEO-GA-0979,LG-GA-0979,15.444751,73.923387,"{""type"":""Point"",""coordinates"":[73.923387,15.444751]}"
GEO-GJ-0980,LG-GJ-0980,23.043439,72.582762,"{""type"":""Point"",""coordinates"":[72.582762,23.043439]}"
GEO-HR-0981,LG-HR-0981,28.523615,77.270048,"{""type"":""Point"",""coordinates"":[77.270048,28.523615]}"
GEO-HP-0982,LG-HP-0982,31.058428,77.312071,"{""type"":""Point"",""coordinates"":[77.312071,31.058428]}"
GEO-JH-0983,LG-JH-0983,22.942172,86.226478,"{""type"":""Point"",""coordinates"":[86.226478,22.942172]}"
GEO-KA-0984,LG-KA-0984,15.959642,74.369585,"{""type"":""Point"",""coordinates"":[74.369585,15.959642]}"
GEO-KL-0985,LG-KL-0985,8.486174,77.045806,"{""type"":""Point"",""coordinates"":[77.045806,8.486174]}"
GEO-MP-0986,LG-MP-0986,23.035025,79.895539,"{""type"":""Point"",""coordinates"":[79.895539,23.035025]}"
GEO-MH-0987,LG-MH-0987,18.659807,73.869641,"{""type"":""Point"",""coordinates"":[73.869641,18.659807]}"
GEO-MN-0988,LG-MN-0988,24.846818,93.807208,"{""type"":""Point"",""coordinates"":[93.807208,24.846818]}"
GEO-ML-0989,LG-ML-0989,25.634589,90.267819,"{""type"":""Point"",""coordinates"":[90.267819,25.634589]}"
GEO-MZ-0990,LG-MZ-0990,23.608008,92.722115,"{""type"":""Point"",""coordinates"":[92.722115,23.608008]}"
GEO-NL-0991,LG-NL-0991,25.762193,94.155717,"{""type"":""Point"",""coordinates"":[94.155717,25.762193]}"
GEO-OD-0992,LG-OD-0992,19.372947,84.912505,"{""type"":""Point"",""coordinates"":[84.912505,19.372947]}"
GEO-PB-0993,LG-PB-0993,31.38612,75.526745,"{""type"":""Point"",""coordinates"":[75.526745,31.38612]}"
GEO-RJ-0994,LG-RJ-0994,26.873693,75.858896,"{""type"":""Point"",""coordinates"":[75.858896,26.873693]}"
GEO-SK-0995,LG-SK-0995,27.325664,88.680569,"{""type"":""Point"",""coordinates"":[88.680569,27.325664]}"
GEO-TN-0996,LG-TN-0996,13.221994,80.22534,"{""type"":""Point"",""coordinates"":[80.22534,13.221994]}"
GEO-TS-0997,LG-TS-0997,17.177104,80.00664,"{""type"":""Point"",""coordinates"":[80.00664,17.177104]}"
GEO-TR-0998,LG-TR-0998,23.468654,91.534829,"{""type"":""Point"",""coordinates"":[91.534829,23.468654]}"
GEO-UP-0999,LG-UP-0999,25.23028,82.902396,"{""type"":""Point"",""coordinates"":[82.902396,25.23028]}"
GEO-UK-1000,LG-UK-1000,30.045226,78.257894,"{""type"":""Point"",""coordinates"":[78.257894,30.045226]}"
GEO-WB-1001,LG-WB-1001,22.62519,88.256275,"{""type"":""Point"",""coordinates"":[88.256275,22.62519]}"
GEO-AN-1002,LG-AN-1002,11.670036,92.641621,"{""type"":""Point"",""coordinates"":[92.641621,11.670036]}"
GEO-CH-1003,LG-CH-1003,30.847534,76.809441,"{""type"":""Point"",""coordinates"":[76.809441,30.847534]}"
GEO-DH-1004,LG-DH-1004,20.50661,72.78063,"{""type"":""Point"",""coordinates"":[72.78063,20.50661]}"
GEO-DL-1005,LG-DL-1005,28.66362,77.232065,"{""type"":""Point"",""coordinates"":[77.232065,28.66362]}"
GEO-JK-1006,LG-JK-1006,33.97128,74.806531,"{""type"":""Point"",""coordinates"":[74.806531,33.97128]}"
GEO-LA-1007,LG-LA-1007,34.157064,77.598063,"{""type"":""Point"",""coordinates"":[77.598063,34.157064]}"
GEO-LD-1008,LG-LD-1008,10.513515,72.672678,"{""type"":""Point"",""coordinates"":[72.672678,10.513515]}"
GEO-PY-1009,LG-PY-1009,11.060102,79.793744,"{""type"":""Point"",""coordinates"":[79.793744,11.060102]}"
GEO-AP-1010,LG-AP-1010,15.870868,78.119482,"{""type"":""Point"",""coordinates"":[78.119482,15.870868]}"
GEO-AR-1011,LG-AR-1011,27.170196,95.584703,"{""type"":""Point"",""coordinates"":[95.584703,27.170196]}"
GEO-AS-1012,LG-AS-1012,27.588039,94.969114,"{""type"":""Point"",""coordinates"":[94.969114,27.588039]}"
GEO-BR-1013,LG-BR-1013,26.239797,85.507255,"{""type"":""Point"",""coordinates"":[85.507255,26.239797]}"
GEO-CG-1014,LG-CG-1014,22.467703,82.843521,"{""type"":""Point"",""coordinates"":[82.843521,22.467703]}"
GEO-GA-1015,LG-GA-1015,15.360734,73.903838,"{""type"":""Point"",""coordinates"":[73.903838,15.360734]}"
GEO-GJ-1016,LG-GJ-1016,23.062981,72.698026,"{""type"":""Point"",""coordinates"":[72.698026,23.062981]}"
GEO-HR-1017,LG-HR-1017,28.514634,77.078301,"{""type"":""Point"",""coordinates"":[77.078301,28.514634]}"
GEO-HP-1018,LG-HP-1018,31.226633,77.265237,"{""type"":""Point"",""coordinates"":[77.265237,31.226633]}"
GEO-JH-1019,LG-JH-1019,23.87244,86.346376,"{""type"":""Point"",""coordinates"":[86.346376,23.87244]}"
GEO-KA-1020,LG-KA-1020,15.925677,74.356324,"{""type"":""Point"",""coordinates"":[74.356324,15.925677]}"
GEO-KL-1021,LG-KL-1021,11.207779,75.815064,"{""type"":""Point"",""coordinates"":[75.815064,11.207779]}"
GEO-MP-1022,LG-MP-1022,22.642287,75.797034,"{""type"":""Point"",""coordinates"":[75.797034,22.642287]}"
GEO-MH-1023,LG-MH-1023,19.19088,72.839454,"{""type"":""Point"",""coordinates"":[72.839454,19.19088]}"
GEO-MN-1024,LG-MN-1024,24.715517,93.833463,"{""type"":""Point"",""coordinates"":[93.833463,24.715517]}"
GEO-ML-1025,LG-ML-1025,25.405773,90.207353,"{""type"":""Point"",""coordinates"":[90.207353,25.405773]}"
GEO-MZ-1026,LG-MZ-1026,22.826204,92.687166,"{""type"":""Point"",""coordinates"":[92.687166,22.826204]}"
GEO-NL-1027,LG-NL-1027,25.538496,94.2252,"{""type"":""Point"",""coordinates"":[94.2252,25.538496]}"
GEO-OD-1028,LG-OD-1028,20.538178,85.848821,"{""type"":""Point"",""coordinates"":[85.848821,20.538178]}"
GEO-PB-1029,LG-PB-1029,30.857076,75.731538,"{""type"":""Point"",""coordinates"":[75.731538,30.857076]}"
GEO-RJ-1030,LG-RJ-1030,26.85358,75.715163,"{""type"":""Point"",""coordinates"":[75.715163,26.85358]}"
GEO-SK-1031,LG-SK-1031,27.239356,88.429474,"{""type"":""Point"",""coordinates"":[88.429474,27.239356]}"
GEO-TN-1032,LG-TN-1032,12.651395,79.947979,"{""type"":""Point"",""coordinates"":[79.947979,12.651395]}"
GEO-TS-1033,LG-TS-1033,17.213789,80.114532,"{""type"":""Point"",""coordinates"":[80.114532,17.213789]}"
GEO-TR-1034,LG-TR-1034,23.679649,91.511458,"{""type"":""Point"",""coordinates"":[91.511458,23.679649]}"
GEO-UP-1035,LG-UP-1035,28.519405,77.416017,"{""type"":""Point"",""coordinates"":[77.416017,28.519405]}"
GEO-UK-1036,LG-UK-1036,29.959586,78.136966,"{""type"":""Point"",""coordinates"":[78.136966,29.959586]}"
GEO-WB-1037,LG-WB-1037,22.70582,88.237925,"{""type"":""Point"",""coordinates"":[88.237925,22.70582]}"
GEO-AN-1038,LG-AN-1038,11.621525,92.633058,"{""type"":""Point"",""coordinates"":[92.633058,11.621525]}"
GEO-CH-1039,LG-CH-1039,30.683172,76.696872,"{""type"":""Point"",""coordinates"":[76.696872,30.683172]}"
GEO-DH-1040,LG-DH-1040,20.146331,73.080016,"{""type"":""Point"",""coordinates"":[73.080016,20.146331]}"
GEO-DL-1041,LG-DL-1041,28.594884,77.377794,"{""type"":""Point"",""coordinates"":[77.377794,28.594884]}"
GEO-JK-1042,LG-JK-1042,34.16662,74.703755,"{""type"":""Point"",""coordinates"":[74.703755,34.16662]}"
GEO-LA-1043,LG-LA-1043,34.053821,77.682395,"{""type"":""Point"",""coordinates"":[77.682395,34.053821]}"
GEO-LD-1044,LG-LD-1044,10.497925,72.692521,"{""type"":""Point"",""coordinates"":[72.692521,10.497925]}"
GEO-PY-1045,LG-PY-1045,11.849322,79.820046,"{""type"":""Point"",""coordinates"":[79.820046,11.849322]}"
GEO-AP-1046,LG-AP-1046,16.474372,80.843372,"{""type"":""Point"",""coordinates"":[80.843372,16.474372]}"
GEO-AR-1047,LG-AR-1047,27.019149,93.708197,"{""type"":""Point"",""coordinates"":[93.708197,27.019149]}"
GEO-AS-1048,LG-AS-1048,27.542296,94.914319,"{""type"":""Point"",""coordinates"":[94.914319,27.542296]}"
GEO-BR-1049,LG-BR-1049,26.242192,85.476787,"{""type"":""Point"",""coordinates"":[85.476787,26.242192]}"
GEO-CG-1050,LG-CG-1050,22.431372,82.783256,"{""type"":""Point"",""coordinates"":[82.783256,22.431372]}"
GEO-GA-1051,LG-GA-1051,15.28068,74.046935,"{""type"":""Point"",""coordinates"":[74.046935,15.28068]}"
GEO-GJ-1052,LG-GJ-1052,22.159494,70.945121,"{""type"":""Point"",""coordinates"":[70.945121,22.159494]}"
GEO-HR-1053,LG-HR-1053,30.560909,76.969261,"{""type"":""Point"",""coordinates"":[76.969261,30.560909]}"
GEO-HP-1054,LG-HP-1054,30.961321,77.04724,"{""type"":""Point"",""coordinates"":[77.04724,30.961321]}"
GEO-JH-1055,LG-JH-1055,22.770787,86.177386,"{""type"":""Point"",""coordinates"":[86.177386,22.770787]}"
GEO-KA-1056,LG-KA-1056,12.948104,77.587633,"{""type"":""Point"",""coordinates"":[77.587633,12.948104]}"
GEO-KL-1057,LG-KL-1057,8.445928,76.872178,"{""type"":""Point"",""coordinates"":[76.872178,8.445928]}"
GEO-MP-1058,LG-MP-1058,23.210532,79.94162,"{""type"":""Point"",""coordinates"":[79.94162,23.210532]}"
GEO-MH-1059,LG-MH-1059,21.074817,79.01145,"{""type"":""Point"",""coordinates"":[79.01145,21.074817]}"
GEO-MN-1060,LG-MN-1060,24.42778,93.708774,"{""type"":""Point"",""coordinates"":[93.708774,24.42778]}"
GEO-ML-1061,LG-ML-1061,25.641695,90.206418,"{""type"":""Point"",""coordinates"":[90.206418,25.641695]}"
GEO-MZ-1062,LG-MZ-1062,22.75364,92.798799,"{""type"":""Point"",""coordinates"":[92.798799,22.75364]}"
GEO-NL-1063,LG-NL-1063,25.617358,94.218884,"{""type"":""Point"",""coordinates"":[94.218884,25.617358]}"
GEO-OD-1064,LG-OD-1064,20.473681,85.957116,"{""type"":""Point"",""coordinates"":[85.957116,20.473681]}"
GEO-PB-1065,LG-PB-1065,30.810599,76.804846,"{""type"":""Point"",""coordinates"":[76.804846,30.810599]}"
GEO-RJ-1066,LG-RJ-1066,24.62165,73.62704,"{""type"":""Point"",""coordinates"":[73.62704,24.62165]}"
GEO-SK-1067,LG-SK-1067,27.261549,88.685439,"{""type"":""Point"",""coordinates"":[88.685439,27.261549]}"
GEO-TN-1068,LG-TN-1068,13.024894,80.123779,"{""type"":""Point"",""coordinates"":[80.123779,13.024894]}"
GEO-TS-1069,LG-TS-1069,17.219283,80.185562,"{""type"":""Point"",""coordinates"":[80.185562,17.219283]}"
GEO-TR-1070,LG-TR-1070,23.660817,91.378883,"{""type"":""Point"",""coordinates"":[91.378883,23.660817]}"
GEO-UP-1071,LG-UP-1071,26.886706,81.077295,"{""type"":""Point"",""coordinates"":[81.077295,26.886706]}"
GEO-UK-1072,LG-UK-1072,29.335194,79.402172,"{""type"":""Point"",""coordinates"":[79.402172,29.335194]}"
GEO-WB-1073,LG-WB-1073,22.649047,88.616386,"{""type"":""Point"",""coordinates"":[88.616386,22.649047]}"
GEO-AN-1074,LG-AN-1074,11.606239,92.840522,"{""type"":""Point"",""coordinates"":[92.840522,11.606239]}"
GEO-CH-1075,LG-CH-1075,30.854065,76.653292,"{""type"":""Point"",""coordinates"":[76.653292,30.854065]}"
GEO-DH-1076,LG-DH-1076,20.446538,72.866257,"{""type"":""Point"",""coordinates"":[72.866257,20.446538]}"
GEO-DL-1077,LG-DL-1077,28.662628,77.258065,"{""type"":""Point"",""coordinates"":[77.258065,28.662628]}"
GEO-JK-1078,LG-JK-1078,34.017263,74.887813,"{""type"":""Point"",""coordinates"":[74.887813,34.017263]}"
GEO-LA-1079,LG-LA-1079,34.29221,77.453196,"{""type"":""Point"",""coordinates"":[77.453196,34.29221]}"
GEO-LD-1080,LG-LD-1080,10.537691,72.650517,"{""type"":""Point"",""coordinates"":[72.650517,10.537691]}"
GEO-PY-1081,LG-PY-1081,10.859629,79.850435,"{""type"":""Point"",""coordinates"":[79.850435,10.859629]}"
GEO-AP-1082,LG-AP-1082,16.520093,80.735752,"{""type"":""Point"",""coordinates"":[80.735752,16.520093]}"
GEO-AR-1083,LG-AR-1083,27.079827,95.641863,"{""type"":""Point"",""coordinates"":[95.641863,27.079827]}"
GEO-AS-1084,LG-AS-1084,24.819497,92.891326,"{""type"":""Point"",""coordinates"":[92.891326,24.819497]}"
GEO-BR-1085,LG-BR-1085,24.752498,84.896153,"{""type"":""Point"",""coordinates"":[84.896153,24.752498]}"
GEO-CG-1086,LG-CG-1086,21.05141,81.140523,"{""type"":""Point"",""coordinates"":[81.140523,21.05141]}"
GEO-GA-1087,LG-GA-1087,15.33178,73.897637,"{""type"":""Point"",""coordinates"":[73.897637,15.33178]}"
GEO-GJ-1088,LG-GJ-1088,23.155275,72.56189,"{""type"":""Point"",""coordinates"":[72.56189,23.155275]}"
GEO-HR-1089,LG-HR-1089,30.769163,76.946327,"{""type"":""Point"",""coordinates"":[76.946327,30.769163]}"
GEO-HP-1090,LG-HP-1090,31.982929,76.239234,"{""type"":""Point"",""coordinates"":[76.239234,31.982929]}"
GEO-JH-1091,LG-JH-1091,23.701845,86.117591,"{""type"":""Point"",""coordinates"":[86.117591,23.701845]}"
GEO-KA-1092,LG-KA-1092,13.046378,77.55415,"{""type"":""Point"",""coordinates"":[77.55415,13.046378]}"
GEO-KL-1093,LG-KL-1093,9.895689,76.390154,"{""type"":""Point"",""coordinates"":[76.390154,9.895689]}"
GEO-MP-1094,LG-MP-1094,23.340193,77.554618,"{""type"":""Point"",""coordinates"":[77.554618,23.340193]}"
GEO-MH-1095,LG-MH-1095,19.185195,72.884627,"{""type"":""Point"",""coordinates"":[72.884627,19.185195]}"
GEO-MN-1096,LG-MN-1096,24.27514,93.826324,"{""type"":""Point"",""coordinates"":[93.826324,24.27514]}"
GEO-ML-1097,LG-ML-1097,25.408015,90.115023,"{""type"":""Point"",""coordinates"":[90.115023,25.408015]}"
GEO-MZ-1098,LG-MZ-1098,23.595,92.596834,"{""type"":""Point"",""coordinates"":[92.596834,23.595]}"
GEO-NL-1099,LG-NL-1099,25.70621,93.959375,"{""type"":""Point"",""coordinates"":[93.959375,25.70621]}"
GEO-OD-1100,LG-OD-1100,19.278551,85.153485,"{""type"":""Point"",""coordinates"":[85.153485,19.278551]}"
GEO-PB-1101,LG-PB-1101,31.26551,75.527088,"{""type"":""Point"",""coordinates"":[75.527088,31.26551]}"
GEO-RJ-1102,LG-RJ-1102,27.032798,75.855888,"{""type"":""Point"",""coordinates"":[75.855888,27.032798]}"
GEO-SK-1103,LG-SK-1103,27.208334,88.201279,"{""type"":""Point"",""coordinates"":[88.201279,27.208334]}"
GEO-TN-1104,LG-TN-1104,9.929168,78.160236,"{""type"":""Point"",""coordinates"":[78.160236,9.929168]}"
GEO-TS-1105,LG-TS-1105,17.196288,80.290353,"{""type"":""Point"",""coordinates"":[80.290353,17.196288]}"
GEO-TR-1106,LG-TR-1106,23.612068,91.561391,"{""type"":""Point"",""coordinates"":[91.561391,23.612068]}"
GEO-UP-1107,LG-UP-1107,26.949809,80.95862,"{""type"":""Point"",""coordinates"":[80.95862,26.949809]}"
GEO-UK-1108,LG-UK-1108,29.904317,78.216283,"{""type"":""Point"",""coordinates"":[78.216283,29.904317]}"
GEO-WB-1109,LG-WB-1109,22.662869,88.332274,"{""type"":""Point"",""coordinates"":[88.332274,22.662869]}"
GEO-AN-1110,LG-AN-1110,11.70104,92.709712,"{""type"":""Point"",""coordinates"":[92.709712,11.70104]}"
GEO-CH-1111,LG-CH-1111,30.819549,76.873719,"{""type"":""Point"",""coordinates"":[76.873719,30.819549]}"
GEO-DH-1112,LG-DH-1112,20.354443,72.955434,"{""type"":""Point"",""coordinates"":[72.955434,20.354443]}"
GEO-DL-1113,LG-DL-1113,28.571914,77.181201,"{""type"":""Point"",""coordinates"":[77.181201,28.571914]}"
GEO-JK-1114,LG-JK-1114,32.746358,74.940021,"{""type"":""Point"",""coordinates"":[74.940021,32.746358]}"
GEO-LA-1115,LG-LA-1115,34.026174,77.439498,"{""type"":""Point"",""coordinates"":[77.439498,34.026174]}"
GEO-LD-1116,LG-LD-1116,10.538437,72.531182,"{""type"":""Point"",""coordinates"":[72.531182,10.538437]}"
GEO-PY-1117,LG-PY-1117,10.927707,79.836023,"{""type"":""Point"",""coordinates"":[79.836023,10.927707]}"
GEO-AP-1118,LG-AP-1118,18.126249,83.394505,"{""type"":""Point"",""coordinates"":[83.394505,18.126249]}"
GEO-AR-1119,LG-AR-1119,27.484558,91.982247,"{""type"":""Point"",""coordinates"":[91.982247,27.484558]}"
GEO-AS-1120,LG-AS-1120,24.787048,92.652819,"{""type"":""Point"",""coordinates"":[92.652819,24.787048]}"
GEO-BR-1121,LG-BR-1121,24.797068,84.899637,"{""type"":""Point"",""coordinates"":[84.899637,24.797068]}"
GEO-CG-1122,LG-CG-1122,22.335129,82.615269,"{""type"":""Point"",""coordinates"":[82.615269,22.335129]}"
GEO-GA-1123,LG-GA-1123,15.415315,73.946342,"{""type"":""Point"",""coordinates"":[73.946342,15.415315]}"
GEO-GJ-1124,LG-GJ-1124,22.222428,73.130188,"{""type"":""Point"",""coordinates"":[73.130188,22.222428]}"
GEO-HR-1125,LG-HR-1125,30.665005,76.713779,"{""type"":""Point"",""coordinates"":[76.713779,30.665005]}"
GEO-HP-1126,LG-HP-1126,31.678866,76.929813,"{""type"":""Point"",""coordinates"":[76.929813,31.678866]}"
GEO-JH-1127,LG-JH-1127,22.902771,86.300699,"{""type"":""Point"",""coordinates"":[86.300699,22.902771]}"
GEO-KA-1128,LG-KA-1128,12.868785,77.517118,"{""type"":""Point"",""coordinates"":[77.517118,12.868785]}"
GEO-KL-1129,LG-KL-1129,11.303089,75.836523,"{""type"":""Point"",""coordinates"":[75.836523,11.303089]}"
GEO-MP-1130,LG-MP-1130,23.250268,79.929418,"{""type"":""Point"",""coordinates"":[79.929418,23.250268]}"
GEO-MH-1131,LG-MH-1131,21.251422,79.139605,"{""type"":""Point"",""coordinates"":[79.139605,21.251422]}"
GEO-MN-1132,LG-MN-1132,24.412939,93.544683,"{""type"":""Point"",""coordinates"":[93.544683,24.412939]}"
GEO-ML-1133,LG-ML-1133,25.589497,91.848994,"{""type"":""Point"",""coordinates"":[91.848994,25.589497]}"
GEO-MZ-1134,LG-MZ-1134,22.791247,92.646534,"{""type"":""Point"",""coordinates"":[92.646534,22.791247]}"
GEO-NL-1135,LG-NL-1135,25.879497,93.84471,"{""type"":""Point"",""coordinates"":[93.84471,25.879497]}"
GEO-OD-1136,LG-OD-1136,22.125044,84.891345,"{""type"":""Point"",""coordinates"":[84.891345,22.125044]}"
GEO-PB-1137,LG-PB-1137,30.641253,76.736352,"{""type"":""Point"",""coordinates"":[76.736352,30.641253]}"
GEO-RJ-1138,LG-RJ-1138,26.129431,72.987552,"{""type"":""Point"",""coordinates"":[72.987552,26.129431]}"
GEO-SK-1139,LG-SK-1139,27.186618,88.393145,"{""type"":""Point"",""coordinates"":[88.393145,27.186618]}"
GEO-TN-1140,LG-TN-1140,10.044192,78.055891,"{""type"":""Point"",""coordinates"":[78.055891,10.044192]}"
GEO-TS-1141,LG-TS-1141,17.948307,79.656991,"{""type"":""Point"",""coordinates"":[79.656991,17.948307]}"
GEO-TR-1142,LG-TR-1142,23.889724,91.181553,"{""type"":""Point"",""coordinates"":[91.181553,23.889724]}"
GEO-UP-1143,LG-UP-1143,27.105808,78.137304,"{""type"":""Point"",""coordinates"":[78.137304,27.105808]}"
GEO-UK-1144,LG-UK-1144,30.225901,77.903128,"{""type"":""Point"",""coordinates"":[77.903128,30.225901]}"
GEO-WB-1145,LG-WB-1145,22.505067,88.22823,"{""type"":""Point"",""coordinates"":[88.22823,22.505067]}"
GEO-AN-1146,LG-AN-1146,11.481596,92.640938,"{""type"":""Point"",""coordinates"":[92.640938,11.481596]}"
GEO-CH-1147,LG-CH-1147,30.650544,76.757388,"{""type"":""Point"",""coordinates"":[76.757388,30.650544]}"
GEO-DH-1148,LG-DH-1148,20.242849,72.944886,"{""type"":""Point"",""coordinates"":[72.944886,20.242849]}"
GEO-DL-1149,LG-DL-1149,28.604461,77.285048,"{""type"":""Point"",""coordinates"":[77.285048,28.604461]}"
GEO-JK-1150,LG-JK-1150,32.627666,74.734848,"{""type"":""Point"",""coordinates"":[74.734848,32.627666]}"
GEO-LA-1151,LG-LA-1151,34.411854,76.048235,"{""type"":""Point"",""coordinates"":[76.048235,34.411854]}"
GEO-LD-1152,LG-LD-1152,10.690612,72.573614,"{""type"":""Point"",""coordinates"":[72.573614,10.690612]}"
GEO-PY-1153,LG-PY-1153,11.043764,79.832482,"{""type"":""Point"",""coordinates"":[79.832482,11.043764]}"
GEO-AP-1154,LG-AP-1154,13.146092,79.040978,"{""type"":""Point"",""coordinates"":[79.040978,13.146092]}"
GEO-AR-1155,LG-AR-1155,27.200125,93.664534,"{""type"":""Point"",""coordinates"":[93.664534,27.200125]}"
GEO-AS-1156,LG-AS-1156,24.683662,92.830676,"{""type"":""Point"",""coordinates"":[92.830676,24.683662]}"
GEO-BR-1157,LG-BR-1157,24.935107,85.134806,"{""type"":""Point"",""coordinates"":[85.134806,24.935107]}"
GEO-CG-1158,LG-CG-1158,21.948639,82.178008,"{""type"":""Point"",""coordinates"":[82.178008,21.948639]}"
GEO-GA-1159,LG-GA-1159,15.419716,73.88967,"{""type"":""Point"",""coordinates"":[73.88967,15.419716]}"
GEO-GJ-1160,LG-GJ-1160,21.110585,72.837171,"{""type"":""Point"",""coordinates"":[72.837171,21.110585]}"
GEO-HR-1161,LG-HR-1161,28.467176,77.399077,"{""type"":""Point"",""coordinates"":[77.399077,28.467176]}"
GEO-HP-1162,LG-HP-1162,32.0496,76.208187,"{""type"":""Point"",""coordinates"":[76.208187,32.0496]}"
GEO-JH-1163,LG-JH-1163,23.216147,85.303445,"{""type"":""Point"",""coordinates"":[85.303445,23.216147]}"
GEO-KA-1164,LG-KA-1164,12.155422,76.77372,"{""type"":""Point"",""coordinates"":[76.77372,12.155422]}"
GEO-KL-1165,LG-KL-1165,9.87172,76.169116,"{""type"":""Point"",""coordinates"":[76.169116,9.87172]}"
GEO-MP-1166,LG-MP-1166,26.22228,78.218333,"{""type"":""Point"",""coordinates"":[78.218333,26.22228]}"
GEO-MH-1167,LG-MH-1167,19.929897,73.938529,"{""type"":""Point"",""coordinates"":[73.938529,19.929897]}"
GEO-MN-1168,LG-MN-1168,24.259572,93.616834,"{""type"":""Point"",""coordinates"":[93.616834,24.259572]}"
GEO-ML-1169,LG-ML-1169,25.519417,90.229105,"{""type"":""Point"",""coordinates"":[90.229105,25.519417]}"
GEO-MZ-1170,LG-MZ-1170,22.791232,92.720109,"{""type"":""Point"",""coordinates"":[92.720109,22.791232]}"
GEO-NL-1171,LG-NL-1171,25.810473,93.710796,"{""type"":""Point"",""coordinates"":[93.710796,25.810473]}"
GEO-OD-1172,LG-OD-1172,20.565518,85.980845,"{""type"":""Point"",""coordinates"":[85.980845,20.565518]}"
GEO-PB-1173,LG-PB-1173,31.661724,74.886776,"{""type"":""Point"",""coordinates"":[74.886776,31.661724]}"
GEO-RJ-1174,LG-RJ-1174,26.823932,75.750975,"{""type"":""Point"",""coordinates"":[75.750975,26.823932]}"
GEO-SK-1175,LG-SK-1175,27.197989,88.391715,"{""type"":""Point"",""coordinates"":[88.391715,27.197989]}"
GEO-TN-1176,LG-TN-1176,10.717961,78.625156,"{""type"":""Point"",""coordinates"":[78.625156,10.717961]}"
GEO-TS-1177,LG-TS-1177,17.148407,80.129213,"{""type"":""Point"",""coordinates"":[80.129213,17.148407]}"
GEO-TR-1178,LG-TR-1178,23.518432,91.560198,"{""type"":""Point"",""coordinates"":[91.560198,23.518432]}"
GEO-UP-1179,LG-UP-1179,25.373425,83.081864,"{""type"":""Point"",""coordinates"":[83.081864,25.373425]}"
GEO-UK-1180,LG-UK-1180,29.8218,78.314103,"{""type"":""Point"",""coordinates"":[78.314103,29.8218]}"
GEO-WB-1181,LG-WB-1181,22.835869,88.505548,"{""type"":""Point"",""coordinates"":[88.505548,22.835869]}"
GEO-AN-1182,LG-AN-1182,11.638704,92.651284,"{""type"":""Point"",""coordinates"":[92.651284,11.638704]}"
GEO-CH-1183,LG-CH-1183,30.660301,76.740315,"{""type"":""Point"",""coordinates"":[76.740315,30.660301]}"
GEO-DH-1184,LG-DH-1184,20.13691,73.014165,"{""type"":""Point"",""coordinates"":[73.014165,20.13691]}"
GEO-DL-1185,LG-DL-1185,28.470368,77.312606,"{""type"":""Point"",""coordinates"":[77.312606,28.470368]}"
GEO-JK-1186,LG-JK-1186,33.977712,74.648033,"{""type"":""Point"",""coordinates"":[74.648033,33.977712]}"
GEO-LA-1187,LG-LA-1187,34.670642,76.221686,"{""type"":""Point"",""coordinates"":[76.221686,34.670642]}"
GEO-LD-1188,LG-LD-1188,10.58706,72.737242,"{""type"":""Point"",""coordinates"":[72.737242,10.58706]}"
GEO-PY-1189,LG-PY-1189,11.929044,79.918558,"{""type"":""Point"",""coordinates"":[79.918558,11.929044]}"
GEO-AP-1190,LG-AP-1190,15.70046,78.042084,"{""type"":""Point"",""coordinates"":[78.042084,15.70046]}"
GEO-AR-1191,LG-AR-1191,27.664391,92.008413,"{""type"":""Point"",""coordinates"":[92.008413,27.664391]}"
GEO-AS-1192,LG-AS-1192,27.539979,94.882116,"{""type"":""Point"",""coordinates"":[94.882116,27.539979]}"
GEO-BR-1193,LG-BR-1193,25.736434,85.015077,"{""type"":""Point"",""coordinates"":[85.015077,25.736434]}"
GEO-CG-1194,LG-CG-1194,21.210742,81.666911,"{""type"":""Point"",""coordinates"":[81.666911,21.210742]}"
GEO-GA-1195,LG-GA-1195,15.244939,73.842002,"{""type"":""Point"",""coordinates"":[73.842002,15.244939]}"
GEO-GJ-1196,LG-GJ-1196,21.223018,72.794117,"{""type"":""Point"",""coordinates"":[72.794117,21.223018]}"
GEO-HR-1197,LG-HR-1197,28.32304,76.983245,"{""type"":""Point"",""coordinates"":[76.983245,28.32304]}"
GEO-HP-1198,LG-HP-1198,32.105904,76.285271,"{""type"":""Point"",""coordinates"":[76.285271,32.105904]}"
GEO-JH-1199,LG-JH-1199,23.930181,86.479209,"{""type"":""Point"",""coordinates"":[86.479209,23.930181]}"
GEO-KA-1200,LG-KA-1200,12.234206,76.664562,"{""type"":""Point"",""coordinates"":[76.664562,12.234206]}"
GEO-KL-1201,LG-KL-1201,10.505957,76.340245,"{""type"":""Point"",""coordinates"":[76.340245,10.505957]}"
GEO-MP-1202,LG-MP-1202,26.204404,78.231846,"{""type"":""Point"",""coordinates"":[78.231846,26.204404]}"
GEO-MH-1203,LG-MH-1203,18.966831,72.767394,"{""type"":""Point"",""coordinates"":[72.767394,18.966831]}"
GEO-MN-1204,LG-MN-1204,24.881642,94.072532,"{""type"":""Point"",""coordinates"":[94.072532,24.881642]}"
GEO-ML-1205,LG-ML-1205,25.452072,91.952386,"{""type"":""Point"",""coordinates"":[91.952386,25.452072]}"
GEO-MZ-1206,LG-MZ-1206,23.010898,92.833554,"{""type"":""Point"",""coordinates"":[92.833554,23.010898]}"
GEO-NL-1207,LG-NL-1207,26.015462,93.640082,"{""type"":""Point"",""coordinates"":[93.640082,26.015462]}"
GEO-OD-1208,LG-OD-1208,20.357363,85.884546,"{""type"":""Point"",""coordinates"":[85.884546,20.357363]}"
GEO-PB-1209,LG-PB-1209,30.56862,76.813366,"{""type"":""Point"",""coordinates"":[76.813366,30.56862]}"
GEO-RJ-1210,LG-RJ-1210,25.140172,75.943791,"{""type"":""Point"",""coordinates"":[75.943791,25.140172]}"
GEO-SK-1211,LG-SK-1211,27.258754,88.573792,"{""type"":""Point"",""coordinates"":[88.573792,27.258754]}"
GEO-TN-1212,LG-TN-1212,10.04255,78.041546,"{""type"":""Point"",""coordinates"":[78.041546,10.04255]}"
GEO-TS-1213,LG-TS-1213,17.970266,79.471435,"{""type"":""Point"",""coordinates"":[79.471435,17.970266]}"
GEO-TR-1214,LG-TR-1214,23.43301,91.563384,"{""type"":""Point"",""coordinates"":[91.563384,23.43301]}"
GEO-UP-1215,LG-UP-1215,26.886162,80.929133,"{""type"":""Point"",""coordinates"":[80.929133,26.886162]}"
GEO-UK-1216,LG-UK-1216,30.068003,78.161628,"{""type"":""Point"",""coordinates"":[78.161628,30.068003]}"
GEO-WB-1217,LG-WB-1217,22.681532,88.334948,"{""type"":""Point"",""coordinates"":[88.334948,22.681532]}"
GEO-AN-1218,LG-AN-1218,11.643855,92.788721,"{""type"":""Point"",""coordinates"":[92.788721,11.643855]}"
GEO-CH-1219,LG-CH-1219,30.813441,76.816424,"{""type"":""Point"",""coordinates"":[76.816424,30.813441]}"
GEO-DH-1220,LG-DH-1220,20.435993,72.870403,"{""type"":""Point"",""coordinates"":[72.870403,20.435993]}"
GEO-DL-1221,LG-DL-1221,28.461011,77.296073,"{""type"":""Point"",""coordinates"":[77.296073,28.461011]}"
GEO-JK-1222,LG-JK-1222,32.811116,74.713878,"{""type"":""Point"",""coordinates"":[74.713878,32.811116]}"
GEO-LA-1223,LG-LA-1223,34.229371,77.48979,"{""type"":""Point"",""coordinates"":[77.48979,34.229371]}"
GEO-LD-1224,LG-LD-1224,10.544058,72.752594,"{""type"":""Point"",""coordinates"":[72.752594,10.544058]}"
GEO-PY-1225,LG-PY-1225,11.95943,79.71767,"{""type"":""Point"",""coordinates"":[79.71767,11.95943]}"
GEO-AP-1226,LG-AP-1226,18.211875,83.343107,"{""type"":""Point"",""coordinates"":[83.343107,18.211875]}"
GEO-AR-1227,LG-AR-1227,27.041858,95.79313,"{""type"":""Point"",""coordinates"":[95.79313,27.041858]}"
GEO-AS-1228,LG-AS-1228,27.552817,94.801081,"{""type"":""Point"",""coordinates"":[94.801081,27.552817]}"
GEO-BR-1229,LG-BR-1229,25.185982,86.898453,"{""type"":""Point"",""coordinates"":[86.898453,25.185982]}"
GEO-CG-1230,LG-CG-1230,22.500433,82.714032,"{""type"":""Point"",""coordinates"":[82.714032,22.500433]}"
GEO-GA-1231,LG-GA-1231,15.247699,74.101925,"{""type"":""Point"",""coordinates"":[74.101925,15.247699]}"
GEO-GJ-1232,LG-GJ-1232,21.30289,72.778553,"{""type"":""Point"",""coordinates"":[72.778553,21.30289]}"
GEO-HR-1233,LG-HR-1233,29.611263,76.922103,"{""type"":""Point"",""coordinates"":[76.922103,29.611263]}"
GEO-HP-1234,LG-HP-1234,31.852991,77.007472,"{""type"":""Point"",""coordinates"":[77.007472,31.852991]}"
GEO-JH-1235,LG-JH-1235,23.764134,86.21458,"{""type"":""Point"",""coordinates"":[86.21458,23.764134]}"
GEO-KA-1236,LG-KA-1236,12.158086,76.570575,"{""type"":""Point"",""coordinates"":[76.570575,12.158086]}"
GEO-KL-1237,LG-KL-1237,11.150356,75.895978,"{""type"":""Point"",""coordinates"":[75.895978,11.150356]}"
GEO-MP-1238,LG-MP-1238,26.158509,78.153199,"{""type"":""Point"",""coordinates"":[78.153199,26.158509]}"
GEO-MH-1239,LG-MH-1239,21.212284,79.083056,"{""type"":""Point"",""coordinates"":[79.083056,21.212284]}"
GEO-MN-1240,LG-MN-1240,24.401704,93.577821,"{""type"":""Point"",""coordinates"":[93.577821,24.401704]}"
GEO-ML-1241,LG-ML-1241,25.617534,90.059552,"{""type"":""Point"",""coordinates"":[90.059552,25.617534]}"
GEO-MZ-1242,LG-MZ-1242,23.784569,92.715112,"{""type"":""Point"",""coordinates"":[92.715112,23.784569]}"
GEO-NL-1243,LG-NL-1243,25.837434,93.720189,"{""type"":""Point"",""coordinates"":[93.720189,25.837434]}"
GEO-OD-1244,LG-OD-1244,22.177204,84.706633,"{""type"":""Point"",""coordinates"":[84.706633,22.177204]}"
GEO-PB-1245,LG-PB-1245,30.858448,75.958785,"{""type"":""Point"",""coordinates"":[75.958785,30.858448]}"
GEO-RJ-1246,LG-RJ-1246,26.262819,72.904902,"{""type"":""Point"",""coordinates"":[72.904902,26.262819]}"
GEO-SK-1247,LG-SK-1247,27.308487,88.686313,"{""type"":""Point"",""coordinates"":[88.686313,27.308487]}"
GEO-TN-1248,LG-TN-1248,13.12105,80.209438,"{""type"":""Point"",""coordinates"":[80.209438,13.12105]}"
GEO-TS-1249,LG-TS-1249,17.880153,79.661848,"{""type"":""Point"",""coordinates"":[79.661848,17.880153]}"
GEO-TR-1250,LG-TR-1250,23.705709,91.342284,"{""type"":""Point"",""coordinates"":[91.342284,23.705709]}"
