project_id,project_name,project_type,state_code,state_name,district_code,district_name,land_area_acres,affected_families,landowners_count,budget_inr_cr,current_stage,start_date,target_completion_date,status,created_at
LG-TN-0042,Highway Expansion - Coimbatore Section,Highway Expansion,TN,Tamil Nadu,TN-CBE,Coimbatore,800.0,450,380,1250.0,Legal Resolution,2023-01-15,2025-06-30,IN_PROGRESS,2023-01-10 10:00:00
LG-AP-0002,Railway Line & Freight Corridor - Krishna Sector,Railway Line & Freight Corridor,AP,Andhra Pradesh,AP-KRS,Krishna,111.3,60,47,310.4,Final Handover,2024-01-22,2026-12-31,IN_PROGRESS,2023-01-10 10:00:00
LG-AR-0003,Urban Metro Rail - Papum Pare Sector,Urban Metro Rail,AR,Arunachal Pradesh,AR-ITN,Papum Pare,2395.2,1444,1064,2541.6,Objection/Hearing,2024-05-21,2026-12-31,IN_PROGRESS,2023-01-10 10:00:00
LG-AS-0004,Airport Expansion - Kamrup Metropolitan Sector,Airport Expansion,AS,Assam,AS-KMR,Kamrup Metropolitan,731.0,637,538,1315.4,Approval,2024-10-04,2026-12-31,IN_PROGRESS,2023-01-10 10:00:00
LG-BR-0005,Airport Expansion - Muzaffarpur Sector,Airport Expansion,BR,Bihar,BR-MZP,Muzaffarpur,706.0,345,371,2235.3,Objection/Hearing,2022-03-12,2026-12-31,IN_PROGRESS,2023-01-10 10:00:00
LG-CG-0006,Industrial Park & SEZ - Raipur Sector,Industrial Park & SEZ,CG,Chhattisgarh,CG-RPR,Raipur,1587.2,1607,1396,1542.0,Compensation,2024-05-05,2026-12-31,IN_PROGRESS,2023-01-10 10:00:00
LG-GA-0007,Railway Line & Freight Corridor - North Goa Sector,Railway Line & Freight Corridor,GA,Goa,GA-NGO,North Goa,2182.8,1241,1185,5335.2,Documentation,2023-02-05,2026-12-31,IN_PROGRESS,2023-01-10 10:00:00
LG-GJ-0008,Industrial Park & SEZ - Surat Sector,Industrial Park & SEZ,GJ,Gujarat,GJ-SRT,Surat,1666.4,1919,1470,3707.3,Possession,2023-05-17,2026-12-31,IN_PROGRESS,2023-01-10 10:00:00
LG-HR-0009,Highway Expansion - Faridabad Sector,Highway Expansion,HR,Haryana,HR-FDB,Faridabad,223.9,194,153,726.5,Objection/Hearing,2021-05-26,2026-12-31,IN_PROGRESS,2023-01-10 10:00:00
LG-HP-0010,Railway Line & Freight Corridor - Mandi Sector,Railway Line & Freight Corridor,HP,Himachal Pradesh,HP-MND,Mandi,198.5,189,192,217.4,Approval,2022-01-25,2026-12-31,IN_PROGRESS,2023-01-10 10:00:00
LG-JH-0011,Industrial Park & SEZ - Ranchi Sector,Industrial Park & SEZ,JH,Jharkhand,JH-RNC,Ranchi,978.5,1161,935,2854.3,Legal Resolution,2022-08-08,2026-12-31,IN_PROGRESS,2023-01-10 10:00:00
LG-KA-0012,Airport Expansion - Mysuru Sector,Airport Expansion,KA,Karnataka,KA-MYS,Mysuru,343.7,378,301,826.7,Possession,2021-06-17,2026-12-31,IN_PROGRESS,2023-01-10 10:00:00
LG-KL-0013,Solar & Renewable Energy Park - Ernakulam (Kochi) Sector,Solar & Renewable Energy Park,KL,Kerala,KL-EKM,Ernakulam (Kochi),374.5,229,166,546.6,Notification,2021-11-20,2026-12-31,IN_PROGRESS,2023-01-10 10:00:00
LG-MP-0014,Water Pipeline & Dam Infrastructure - Jabalpur Sector,Water Pipeline & Dam Infrastructure,MP,Madhya Pradesh,MP-JBP,Jabalpur,665.2,743,535,1671.4,Notification,2021-04-01,2026-12-31,IN_PROGRESS,2023-01-10 10:00:00
LG-MH-0015,Highway Expansion - Nagpur Sector,Highway Expansion,MH,Maharashtra,MH-NGP,Nagpur,2252.4,1101,880,2427.1,R&R,2023-04-13,2026-12-31,IN_PROGRESS,2023-01-10 10:00:00
LG-MN-0016,Water Pipeline & Dam Infrastructure - Imphal East Sector,Water Pipeline & Dam Infrastructure,MN,Manipur,MN-IMP,Imphal East,595.0,615,543,966.3,Approval,2022-04-02,2026-12-31,IN_PROGRESS,2023-01-10 10:00:00
LG-ML-0017,Highway Expansion - West Garo Hills (Tura) Sector,Highway Expansion,ML,Meghalaya,ML-TUA,West Garo Hills (Tura),315.6,218,216,519.8,Possession,2023-11-14,2026-12-31,IN_PROGRESS,2023-01-10 10:00:00
LG-MZ-0018,Airport Expansion - Lunglei Sector,Airport Expansion,MZ,Mizoram,MZ-LGL,Lunglei,849.1,787,725,1119.1,Final Handover,2023-02-16,2026-12-31,IN_PROGRESS,2023-01-10 10:00:00
LG-NL-0019,Solar & Renewable Energy Park - Kohima Sector,Solar & Renewable Energy Park,NL,Nagaland,NL-KHM,Kohima,1312.9,1141,951,3951.5,Approval,2024-10-09,2026-12-31,IN_PROGRESS,2023-01-10 10:00:00
LG-OD-0020,Airport Expansion - Khurda (Bhubaneswar) Sector,Airport Expansion,OD,Odisha,OD-KHD,Khurda (Bhubaneswar),586.2,600,587,1204.2,R&R,2022-05-26,2026-12-31,IN_PROGRESS,2023-01-10 10:00:00
LG-PB-0021,Solar & Renewable Energy Park - Amritsar Sector,Solar & Renewable Energy Park,PB,Punjab,PB-ASR,Amritsar,1926.2,1481,1407,2969.1,Survey,2022-08-09,2026-12-31,IN_PROGRESS,2023-01-10 10:00:00
LG-RJ-0022,Airport Expansion - Jaipur Sector,Airport Expansion,RJ,Rajasthan,RJ-JPR,Jaipur,1218.6,1399,1146,2258.0,Compensation,2024-01-08,2026-12-31,IN_PROGRESS,2023-01-10 10:00:00
LG-SK-0023,Industrial Park & SEZ - Namchi (South Sikkim) Sector,Industrial Park & SEZ,SK,Sikkim,SK-NAM,Namchi (South Sikkim),2173.8,1007,809,3660.4,Legal Resolution,2022-11-01,2026-12-31,IN_PROGRESS,2023-01-10 10:00:00
LG-TN-0024,Railway Line & Freight Corridor - Chengalpattu Sector,Railway Line & Freight Corridor,TN,Tamil Nadu,TN-CGL,Chengalpattu,1431.7,710,695,4109.9,Documentation,2024-05-25,2026-12-31,IN_PROGRESS,2023-01-10 10:00:00
LG-TS-0025,Highway Expansion - Hyderabad Sector,Highway Expansion,TS,Telangana,TS-HYD,Hyderabad,900.6,617,523,1950.8,Objection/Hearing,2021-01-26,2026-12-31,IN_PROGRESS,2023-01-10 10:00:00
LG-TR-0026,Railway Line & Freight Corridor - West Tripura (Agartala) Sector,Railway Line & Freight Corridor,TR,Tripura,TR-AGT,West Tripura (Agartala),733.4,517,517,1715.1,Final Handover,2023-02-16,2026-12-31,IN_PROGRESS,2023-01-10 10:00:00
LG-UP-0027,Water Pipeline & Dam Infrastructure - Varanasi Sector,Water Pipeline & Dam Infrastructure,UP,Uttar Pradesh,UP-VNS,Varanasi,1992.7,764,602,5316.2,Notification,2024-09-21,2026-12-31,IN_PROGRESS,2023-01-10 10:00:00
LG-UK-0028,Solar & Renewable Energy Park - Nainital Sector,Solar & Renewable Energy Park,UK,Uttarakhand,UK-NTL,Nainital,2452.3,2573,2105,4351.3,Notification,2021-01-29,2026-12-31,IN_PROGRESS,2023-01-10 10:00:00
LG-WB-0029,Railway Line & Freight Corridor - Paschim Medinipur Sector,Railway Line & Freight Corridor,WB,West Bengal,WB-PAS,Paschim Medinipur,2064.2,1363,994,5159.5,Land Identification,2021-11-07,2026-12-31,IN_PROGRESS,2023-01-10 10:00:00
LG-AN-0030,Railway Line & Freight Corridor - South Andaman (Port Blair) Sector,Railway Line & Freight Corridor,AN,Andaman and Nicobar Islands,AN-SND,South Andaman (Port Blair),2371.6,1154,905,6126.2,Documentation,2022-05-07,2026-12-31,IN_PROGRESS,2023-01-10 10:00:00
LG-CH-0031,Airport Expansion - Chandigarh Sector,Airport Expansion,CH,Chandigarh,CH-CHD,Chandigarh,331.2,166,126,502.5,Documentation,2021-05-27,2026-12-31,IN_PROGRESS,2023-01-10 10:00:00
LG-DH-0032,Highway Expansion - Silvassa Sector,Highway Expansion,DH,Dadra and Nagar Haveli and Daman and Diu,DH-SLV,Silvassa,273.8,319,329,644.3,Land Identification,2024-10-08,2026-12-31,IN_PROGRESS,2023-01-10 10:00:00
LG-DL-0033,Water Pipeline & Dam Infrastructure - East Delhi Sector,Water Pipeline & Dam Infrastructure,DL,Delhi,DL-EDL,East Delhi,756.1,870,892,1727.9,Legal Resolution,2021-06-30,2026-12-31,IN_PROGRESS,2023-01-10 10:00:00
LG-JK-0034,Railway Line & Freight Corridor - Jammu Sector,Railway Line & Freight Corridor,JK,Jammu and Kashmir,JK-JMU,Jammu,120.7,104,106,327.9,Notification,2024-02-03,2026-12-31,IN_PROGRESS,2023-01-10 10:00:00
LG-LA-0035,Airport Expansion - Leh Sector,Airport Expansion,LA,Ladakh,LA-LEH,Leh,517.0,433,432,604.2,Survey,2022-07-20,2026-12-31,IN_PROGRESS,2023-01-10 10:00:00
LG-LD-0036,Urban Metro Rail - Kavaratti Sector,Urban Metro Rail,LD,Lakshadweep,LD-KVT,Kavaratti,1450.9,740,747,1331.7,Legal Resolution,2024-12-15,2026-12-31,IN_PROGRESS,2023-01-10 10:00:00
LG-PY-0037,Railway Line & Freight Corridor - Puducherry Sector,Railway Line & Freight Corridor,PY,Puducherry,PY-PUD,Puducherry,1200.3,1407,1175,3205.2,Final Handover,2021-06-14,2026-12-31,IN_PROGRESS,2023-01-10 10:00:00
LG-AP-0038,Water Pipeline & Dam Infrastructure - Visakhapatnam Sector,Water Pipeline & Dam Infrastructure,AP,Andhra Pradesh,AP-VIS,Visakhapatnam,457.6,260,185,766.9,Land Identification,2022-08-24,2026-12-31,IN_PROGRESS,2023-01-10 10:00:00
LG-AR-0039,Industrial Park & SEZ - Tawang Sector,Industrial Park & SEZ,AR,Arunachal Pradesh,AR-TWG,Tawang,231.0,265,290,371.4,Compensation,2024-11-14,2026-12-31,IN_PROGRESS,2023-01-10 10:00:00
LG-AS-0040,Water Pipeline & Dam Infrastructure - Kamrup Metropolitan Sector,Water Pipeline & Dam Infrastructure,AS,Assam,AS-KMR,Kamrup Metropolitan,2090.5,2325,2348,2971.3,Objection/Hearing,2022-03-25,2026-12-31,IN_PROGRESS,2023-01-10 10:00:00
LG-BR-0041,Solar & Renewable Energy Park - Muzaffarpur Sector,Solar & Renewable Energy Park,BR,Bihar,BR-MZP,Muzaffarpur,2084.7,1107,1140,4379.9,Notification,2022-11-25,2026-12-31,IN_PROGRESS,2023-01-10 10:00:00
LG-CG-0042,Port & Maritime Logistics - Korba Sector,Port & Maritime Logistics,CG,Chhattisgarh,CG-KRB,Korba,315.4,160,113,1005.3,R&R,2022-11-03,2026-12-31,IN_PROGRESS,2023-01-10 10:00:00
LG-GA-0043,Industrial Park & SEZ - South Goa Sector,Industrial Park & SEZ,GA,Goa,GA-SGO,South Goa,2219.3,1973,2039,5464.5,Notification,2021-03-09,2026-12-31,IN_PROGRESS,2023-01-10 10:00:00
LG-GJ-0044,Highway Expansion - Ahmedabad Sector,Highway Expansion,GJ,Gujarat,GJ-AMD,Ahmedabad,1977.6,1026,769,4596.7,Survey,2024-02-10,2026-12-31,IN_PROGRESS,2023-01-10 10:00:00
LG-HR-0045,Port & Maritime Logistics - Gurugram Sector,Port & Maritime Logistics,HR,Haryana,HR-GGM,Gurugram,1985.5,1020,846,2522.5,Land Identification,2021-09-17,2026-12-31,IN_PROGRESS,2023-01-10 10:00:00
LG-HP-0046,Airport Expansion - Kangra Sector,Airport Expansion,HP,Himachal Pradesh,HP-KNG,Kangra,1730.9,1283,1364,1728.2,Survey,2022-10-22,2026-12-31,IN_PROGRESS,2023-01-10 10:00:00
LG-JH-0047,Airport Expansion - Bokaro Sector,Airport Expansion,JH,Jharkhand,JH-BKR,Bokaro,1837.6,1068,881,2734.7,Documentation,2024-11-07,2026-12-31,IN_PROGRESS,2023-01-10 10:00:00
LG-KA-0048,Highway Expansion - Belagavi Sector,Highway Expansion,KA,Karnataka,KA-BEL,Belagavi,2422.6,2035,1710,5718.3,Approval,2021-11-13,2026-12-31,IN_PROGRESS,2023-01-10 10:00:00
LG-KL-0049,Industrial Park & SEZ - Thiruvananthapuram Sector,Industrial Park & SEZ,KL,Kerala,KL-TVM,Thiruvananthapuram,2181.2,1766,1519,2580.5,Final Handover,2021-03-04,2026-12-31,IN_PROGRESS,2023-01-10 10:00:00
LG-MP-0050,Airport Expansion - Gwalior Sector,Airport Expansion,MP,Madhya Pradesh,MP-GWL,Gwalior,719.3,704,524,1410.4,Notification,2024-10-20,2026-12-31,IN_PROGRESS,2023-01-10 10:00:00
LG-MH-0051,Urban Metro Rail - Thane Sector,Urban Metro Rail,MH,Maharashtra,MH-THN,Thane,1275.6,1339,1369,1268.7,Land Identification,2023-06-13,2026-12-31,IN_PROGRESS,2023-01-10 10:00:00
LG-MN-0052,Railway Line & Freight Corridor - Churachandpur Sector,Railway Line & Freight Corridor,MN,Manipur,MN-CBR,Churachandpur,1119.9,442,386,2106.8,Survey,2023-03-22,2026-12-31,IN_PROGRESS,2023-01-10 10:00:00
LG-ML-0053,Industrial Park & SEZ - East Khasi Hills (Shillong) Sector,Industrial Park & SEZ,ML,Meghalaya,ML-SHL,East Khasi Hills (Shillong),2380.7,2059,1823,5528.2,Possession,2023-07-09,2026-12-31,IN_PROGRESS,2023-01-10 10:00:00
LG-MZ-0054,Highway Expansion - Aizawl Sector,Highway Expansion,MZ,Mizoram,MZ-AIZ,Aizawl,953.4,532,509,3278.6,Survey,2024-06-13,2026-12-31,IN_PROGRESS,2023-01-10 10:00:00
LG-NL-0055,Highway Expansion - Kohima Sector,Highway Expansion,NL,Nagaland,NL-KHM,Kohima,657.0,455,398,1452.9,Documentation,2023-01-16,2026-12-31,IN_PROGRESS,2023-01-10 10:00:00
LG-OD-0056,Industrial Park & SEZ - Ganjam Sector,Industrial Park & SEZ,OD,Odisha,OD-GJM,Ganjam,1507.9,1725,1421,2739.9,Objection/Hearing,2021-09-19,2026-12-31,IN_PROGRESS,2023-01-10 10:00:00
LG-PB-0057,Highway Expansion - Ludhiana Sector,Highway Expansion,PB,Punjab,PB-LDH,Ludhiana,1671.7,1820,1723,4033.1,Documentation,2021-11-29,2026-12-31,IN_PROGRESS,2023-01-10 10:00:00
LG-RJ-0058,Urban Metro Rail - Kota Sector,Urban Metro Rail,RJ,Rajasthan,RJ-KTA,Kota,951.2,1096,1198,1946.7,Notification,2023-02-22,2026-12-31,IN_PROGRESS,2023-01-10 10:00:00
LG-SK-0059,Railway Line & Freight Corridor - Namchi (South Sikkim) Sector,Railway Line & Freight Corridor,SK,Sikkim,SK-NAM,Namchi (South Sikkim),2368.7,1183,1041,4130.7,Land Identification,2023-04-30,2026-12-31,IN_PROGRESS,2023-01-10 10:00:00
LG-TN-0060,Water Pipeline & Dam Infrastructure - Chengalpattu Sector,Water Pipeline & Dam Infrastructure,TN,Tamil Nadu,TN-CGL,Chengalpattu,1557.6,1737,1229,2153.0,Documentation,2024-01-29,2026-12-31,IN_PROGRESS,2023-01-10 10:00:00
LG-TS-0061,Airport Expansion - Ranga Reddy Sector,Airport Expansion,TS,Telangana,TS-RNG,Ranga Reddy,508.9,458,416,902.6,R&R,2024-01-20,2026-12-31,IN_PROGRESS,2023-01-10 10:00:00
LG-TR-0062,Water Pipeline & Dam Infrastructure - West Tripura (Agartala) Sector,Water Pipeline & Dam Infrastructure,TR,Tripura,TR-AGT,West Tripura (Agartala),2453.0,1792,1385,2855.5,Legal Resolution,2021-03-17,2026-12-31,IN_PROGRESS,2023-01-10 10:00:00
LG-UP-0063,Port & Maritime Logistics - Lucknow Sector,Port & Maritime Logistics,UP,Uttar Pradesh,UP-LKO,Lucknow,1120.5,739,647,3790.1,Objection/Hearing,2022-01-18,2026-12-31,IN_PROGRESS,2023-01-10 10:00:00
LG-UK-0064,Water Pipeline & Dam Infrastructure - Haridwar Sector,Water Pipeline & Dam Infrastructure,UK,Uttarakhand,UK-HRD,Haridwar,153.8,166,139,537.5,Notification,2024-08-02,2026-12-31,IN_PROGRESS,2023-01-10 10:00:00
LG-WB-0065,Industrial Park & SEZ - Kolkata Sector,Industrial Park & SEZ,WB,West Bengal,WB-KOL,Kolkata,1713.7,1977,1678,4901.7,Possession,2021-10-09,2026-12-31,IN_PROGRESS,2023-01-10 10:00:00
LG-AN-0066,Water Pipeline & Dam Infrastructure - South Andaman (Port Blair) Sector,Water Pipeline & Dam Infrastructure,AN,Andaman and Nicobar Islands,AN-SND,South Andaman (Port Blair),473.0,445,489,1413.5,Objection/Hearing,2024-09-29,2026-12-31,IN_PROGRESS,2023-01-10 10:00:00
LG-CH-0067,Railway Line & Freight Corridor - Chandigarh Sector,Railway Line & Freight Corridor,CH,Chandigarh,CH-CHD,Chandigarh,211.1,138,136,441.7,Compensation,2023-04-19,2026-12-31,IN_PROGRESS,2023-01-10 10:00:00
LG-DH-0068,Port & Maritime Logistics - Daman Sector,Port & Maritime Logistics,DH,Dadra and Nagar Haveli and Daman and Diu,DH-DMN,Daman,2371.3,1818,1479,2401.9,Approval,2024-07-24,2026-12-31,IN_PROGRESS,2023-01-10 10:00:00
LG-DL-0069,Solar & Renewable Energy Park - South Delhi Sector,Solar & Renewable Energy Park,DL,Delhi,DL-SDL,South Delhi,1645.3,1629,1411,4154.8,Legal Resolution,2024-07-08,2026-12-31,IN_PROGRESS,2023-01-10 10:00:00
LG-JK-0070,Industrial Park & SEZ - Jammu Sector,Industrial Park & SEZ,JK,Jammu and Kashmir,JK-JMU,Jammu,1913.6,1460,1084,2779.9,Survey,2022-07-02,2026-12-31,IN_PROGRESS,2023-01-10 10:00:00
LG-LA-0071,Urban Metro Rail - Kargil Sector,Urban Metro Rail,LA,Ladakh,LA-KRG,Kargil,577.1,356,256,1232.8,Final Handover,2024-10-09,2026-12-31,IN_PROGRESS,2023-01-10 10:00:00
LG-LD-0072,Railway Line & Freight Corridor - Kavaratti Sector,Railway Line & Freight Corridor,LD,Lakshadweep,LD-KVT,Kavaratti,365.2,141,119,1265.2,R&R,2023-01-19,2026-12-31,IN_PROGRESS,2023-01-10 10:00:00
LG-PY-0073,Port & Maritime Logistics - Karaikal Sector,Port & Maritime Logistics,PY,Puducherry,PY-KKL,Karaikal,1292.9,980,878,2999.4,Legal Resolution,2021-02-04,2026-12-31,IN_PROGRESS,2023-01-10 10:00:00
LG-AP-0074,Industrial Park & SEZ - Kurnool Sector,Industrial Park & SEZ,AP,Andhra Pradesh,AP-KRN,Kurnool,2063.1,1068,992,5552.6,Approval,2021-02-08,2026-12-31,IN_PROGRESS,2023-01-10 10:00:00
LG-AR-0075,Port & Maritime Logistics - Changlang Sector,Port & Maritime Logistics,AR,Arunachal Pradesh,AR-CGL,Changlang,1705.9,1843,1791,5066.3,Notification,2024-06-03,2026-12-31,IN_PROGRESS,2023-01-10 10:00:00
LG-AS-0076,Port & Maritime Logistics - Jorhat Sector,Port & Maritime Logistics,AS,Assam,AS-JRH,Jorhat,2388.8,2446,1996,3766.2,Survey,2022-12-11,2026-12-31,IN_PROGRESS,2023-01-10 10:00:00
LG-BR-0077,Railway Line & Freight Corridor - Patna Sector,Railway Line & Freight Corridor,BR,Bihar,BR-PAT,Patna,1062.6,1004,743,3061.4,Land Identification,2024-02-02,2026-12-31,IN_PROGRESS,2023-01-10 10:00:00
LG-CG-0078,Airport Expansion - Raipur Sector,Airport Expansion,CG,Chhattisgarh,CG-RPR,Raipur,1980.5,926,925,6248.8,Notification,2021-03-18,2026-12-31,IN_PROGRESS,2023-01-10 10:00:00
LG-GA-0079,Industrial Park & SEZ - South Goa Sector,Industrial Park & SEZ,GA,Goa,GA-SGO,South Goa,84.5,50,40,221.5,Approval,2021-12-26,2026-12-31,IN_PROGRESS,2023-01-10 10:00:00
LG-GJ-0080,Solar & Renewable Energy Park - Ahmedabad Sector,Solar & Renewable Energy Park,GJ,Gujarat,GJ-AMD,Ahmedabad,1651.5,1525,1105,1848.4,Notification,2021-11-24,2026-12-31,IN_PROGRESS,2023-01-10 10:00:00
LG-HR-0081,Urban Metro Rail - Karnal Sector,Urban Metro Rail,HR,Haryana,HR-KRN,Karnal,1916.6,1748,1640,5607.8,R&R,2023-07-04,2026-12-31,IN_PROGRESS,2023-01-10 10:00:00
LG-HP-0082,Water Pipeline & Dam Infrastructure - Shimla Sector,Water Pipeline & Dam Infrastructure,HP,Himachal Pradesh,HP-SML,Shimla,373.3,251,232,861.9,Final Handover,2022-09-24,2026-12-31,IN_PROGRESS,2023-01-10 10:00:00
LG-JH-0083,Port & Maritime Logistics - Bokaro Sector,Port & Maritime Logistics,JH,Jharkhand,JH-BKR,Bokaro,2482.5,1599,1675,8063.8,Compensation,2021-06-14,2026-12-31,IN_PROGRESS,2023-01-10 10:00:00
LG-KA-0084,Water Pipeline & Dam Infrastructure - Mysuru Sector,Water Pipeline & Dam Infrastructure,KA,Karnataka,KA-MYS,Mysuru,898.1,492,528,2476.6,Survey,2021-03-07,2026-12-31,IN_PROGRESS,2023-01-10 10:00:00
LG-KL-0085,Urban Metro Rail - Kozhikode Sector,Urban Metro Rail,KL,Kerala,KL-CLT,Kozhikode,2048.7,1963,1624,4946.3,Final Handover,2022-10-19,2026-12-31,IN_PROGRESS,2023-01-10 10:00:00
LG-MP-0086,Airport Expansion - Jabalpur Sector,Airport Expansion,MP,Madhya Pradesh,MP-JBP,Jabalpur,1050.2,598,462,2365.5,Approval,2022-04-07,2026-12-31,IN_PROGRESS,2023-01-10 10:00:00
LG-MH-0087,Highway Expansion - Thane Sector,Highway Expansion,MH,Maharashtra,MH-THN,Thane,2190.4,1028,1032,6035.9,R&R,2022-03-21,2026-12-31,IN_PROGRESS,2023-01-10 10:00:00
LG-MN-0088,Solar & Renewable Energy Park - Churachandpur Sector,Solar & Renewable Energy Park,MN,Manipur,MN-CBR,Churachandpur,690.8,526,472,736.6,Legal Resolution,2022-10-18,2026-12-31,IN_PROGRESS,2023-01-10 10:00:00
LG-ML-0089,Solar & Renewable Energy Park - West Garo Hills (Tura) Sector,Solar & Renewable Energy Park,ML,Meghalaya,ML-TUA,West Garo Hills (Tura),1920.2,1420,1404,5370.6,Legal Resolution,2021-12-11,2026-12-31,IN_PROGRESS,2023-01-10 10:00:00
LG-MZ-0090,Highway Expansion - Aizawl Sector,Highway Expansion,MZ,Mizoram,MZ-AIZ,Aizawl,585.9,416,301,1477.6,Possession,2023-09-17,2026-12-31,IN_PROGRESS,2023-01-10 10:00:00
LG-NL-0091,Port & Maritime Logistics - Dimapur Sector,Port & Maritime Logistics,NL,Nagaland,NL-DMP,Dimapur,704.9,463,393,1336.7,Possession,2022-05-14,2026-12-31,IN_PROGRESS,2023-01-10 10:00:00
LG-OD-0092,Railway Line & Freight Corridor - Sundargarh (Rourkela) Sector,Railway Line & Freight Corridor,OD,Odisha,OD-SNG,Sundargarh (Rourkela),2242.2,2527,2001,7250.0,Possession,2023-09-01,2026-12-31,IN_PROGRESS,2023-01-10 10:00:00
LG-PB-0093,Port & Maritime Logistics - SAS Nagar (Mohali) Sector,Port & Maritime Logistics,PB,Punjab,PB-SAS,SAS Nagar (Mohali),990.4,956,971,2635.6,Survey,2023-10-23,2026-12-31,IN_PROGRESS,2023-01-10 10:00:00
LG-RJ-0094,Railway Line & Freight Corridor - Kota Sector,Railway Line & Freight Corridor,RJ,Rajasthan,RJ-KTA,Kota,1941.8,1098,876,1938.8,Notification,2021-11-12,2026-12-31,IN_PROGRESS,2023-01-10 10:00:00
LG-SK-0095,Railway Line & Freight Corridor - Gangtok (East Sikkim) Sector,Railway Line & Freight Corridor,SK,Sikkim,SK-GNT,Gangtok (East Sikkim),917.1,351,329,1537.0,Compensation,2021-01-26,2026-12-31,IN_PROGRESS,2023-01-10 10:00:00
LG-TN-0096,Airport Expansion - Madurai Sector,Airport Expansion,TN,Tamil Nadu,TN-MDU,Madurai,784.4,787,664,2627.3,Final Handover,2023-10-13,2026-12-31,IN_PROGRESS,2023-01-10 10:00:00
LG-TS-0097,Airport Expansion - Ranga Reddy Sector,Airport Expansion,TS,Telangana,TS-RNG,Ranga Reddy,2423.4,1362,1332,5151.5,Possession,2022-05-12,2026-12-31,IN_PROGRESS,2023-01-10 10:00:00
LG-TR-0098,Water Pipeline & Dam Infrastructure - Gomati Sector,Water Pipeline & Dam Infrastructure,TR,Tripura,TR-GMA,Gomati,391.0,223,178,475.5,Compensation,2023-02-12,2026-12-31,IN_PROGRESS,2023-01-10 10:00:00
LG-UP-0099,Highway Expansion - Agra Sector,Highway Expansion,UP,Uttar Pradesh,UP-AGR,Agra,1429.9,1259,1207,4876.5,Objection/Hearing,2023-06-01,2026-12-31,IN_PROGRESS,2023-01-10 10:00:00
LG-UK-0100,Railway Line & Freight Corridor - Dehradun Sector,Railway Line & Freight Corridor,UK,Uttarakhand,UK-DHR,Dehradun,2086.7,1997,1676,3602.2,Approval,2023-12-04,2026-12-31,IN_PROGRESS,2023-01-10 10:00:00
LG-WB-0101,Airport Expansion - North 24 Parganas Sector,Airport Expansion,WB,West Bengal,WB-24P,North 24 Parganas,1592.9,745,717,2975.7,Possession,2022-02-09,2026-12-31,IN_PROGRESS,2023-01-10 10:00:00
LG-AN-0102,Airport Expansion - South Andaman (Port Blair) Sector,Airport Expansion,AN,Andaman and Nicobar Islands,AN-SND,South Andaman (Port Blair),1488.2,912,946,3671.2,Final Handover,2024-12-16,2026-12-31,IN_PROGRESS,2023-01-10 10:00:00
LG-CH-0103,Industrial Park & SEZ - Chandigarh Sector,Industrial Park & SEZ,CH,Chandigarh,CH-CHD,Chandigarh,1249.6,532,439,2521.3,Land Identification,2023-01-06,2026-12-31,IN_PROGRESS,2023-01-10 10:00:00
LG-DH-0104,Water Pipeline & Dam Infrastructure - Silvassa Sector,Water Pipeline & Dam Infrastructure,DH,Dadra and Nagar Haveli and Daman and Diu,DH-SLV,Silvassa,1396.8,561,418,4040.7,Objection/Hearing,2024-01-16,2026-12-31,IN_PROGRESS,2023-01-10 10:00:00
LG-DL-0105,Urban Metro Rail - New Delhi Sector,Urban Metro Rail,DL,Delhi,DL-NDL,New Delhi,564.2,543,529,1763.0,Possession,2024-07-19,2026-12-31,IN_PROGRESS,2023-01-10 10:00:00
LG-JK-0106,Industrial Park & SEZ - Jammu Sector,Industrial Park & SEZ,JK,Jammu and Kashmir,JK-JMU,Jammu,1768.5,741,562,2952.8,Approval,2024-10-16,2026-12-31,IN_PROGRESS,2023-01-10 10:00:00
LG-LA-0107,Water Pipeline & Dam Infrastructure - Leh Sector,Water Pipeline & Dam Infrastructure,LA,Ladakh,LA-LEH,Leh,1605.4,1489,1548,4733.2,Compensation,2022-03-23,2026-12-31,IN_PROGRESS,2023-01-10 10:00:00
LG-LD-0108,Water Pipeline & Dam Infrastructure - Kavaratti Sector,Water Pipeline & Dam Infrastructure,LD,Lakshadweep,LD-KVT,Kavaratti,1168.5,1393,1213,4076.2,Documentation,2024-08-24,2026-12-31,IN_PROGRESS,2023-01-10 10:00:00
LG-PY-0109,Water Pipeline & Dam Infrastructure - Puducherry Sector,Water Pipeline & Dam Infrastructure,PY,Puducherry,PY-PUD,Puducherry,72.8,67,68,252.5,Compensation,2024-11-22,2026-12-31,IN_PROGRESS,2023-01-10 10:00:00
LG-AP-0110,Urban Metro Rail - Guntur Sector,Urban Metro Rail,AP,Andhra Pradesh,AP-GNT,Guntur,1588.8,693,599,4216.2,Approval,2021-06-27,2026-12-31,IN_PROGRESS,2023-01-10 10:00:00
LG-AR-0111,Urban Metro Rail - Changlang Sector,Urban Metro Rail,AR,Arunachal Pradesh,AR-CGL,Changlang,1882.2,1065,768,6068.9,Approval,2023-10-11,2026-12-31,IN_PROGRESS,2023-01-10 10:00:00
LG-AS-0112,Airport Expansion - Kamrup Metropolitan Sector,Airport Expansion,AS,Assam,AS-KMR,Kamrup Metropolitan,1291.2,1117,1005,2481.3,Compensation,2021-06-18,2026-12-31,IN_PROGRESS,2023-01-10 10:00:00
LG-BR-0113,Railway Line & Freight Corridor - Bhagalpur Sector,Railway Line & Freight Corridor,BR,Bihar,BR-BGP,Bhagalpur,1160.8,984,810,3253.2,Documentation,2021-09-02,2026-12-31,IN_PROGRESS,2023-01-10 10:00:00
LG-CG-0114,Solar & Renewable Energy Park - Raipur Sector,Solar & Renewable Energy Park,CG,Chhattisgarh,CG-RPR,Raipur,1795.2,1470,1074,3642.5,Objection/Hearing,2021-04-24,2026-12-31,IN_PROGRESS,2023-01-10 10:00:00
LG-GA-0115,Urban Metro Rail - South Goa Sector,Urban Metro Rail,GA,Goa,GA-SGO,South Goa,838.4,565,558,1284.8,Survey,2024-03-16,2026-12-31,IN_PROGRESS,2023-01-10 10:00:00
LG-GJ-0116,Urban Metro Rail - Vadodara Sector,Urban Metro Rail,GJ,Gujarat,GJ-VDR,Vadodara,1186.6,987,885,3424.6,Approval,2024-01-25,2026-12-31,IN_PROGRESS,2023-01-10 10:00:00
LG-HR-0117,Industrial Park & SEZ - Gurugram Sector,Industrial Park & SEZ,HR,Haryana,HR-GGM,Gurugram,1793.5,688,735,5779.9,R&R,2023-04-26,2026-12-31,IN_PROGRESS,2023-01-10 10:00:00
LG-HP-0118,Port & Maritime Logistics - Mandi Sector,Port & Maritime Logistics,HP,Himachal Pradesh,HP-MND,Mandi,829.2,451,329,1117.2,Possession,2021-08-12,2026-12-31,IN_PROGRESS,2023-01-10 10:00:00
LG-JH-0119,Urban Metro Rail - Ranchi Sector,Urban Metro Rail,JH,Jharkhand,JH-RNC,Ranchi,2098.0,1248,919,3084.5,Objection/Hearing,2023-03-23,2026-12-31,IN_PROGRESS,2023-01-10 10:00:00
LG-KA-0120,Port & Maritime Logistics - Belagavi Sector,Port & Maritime Logistics,KA,Karnataka,KA-BEL,Belagavi,1731.4,1980,1452,4125.1,Survey,2021-02-14,2026-12-31,IN_PROGRESS,2023-01-10 10:00:00
LG-KL-0121,Port & Maritime Logistics - Ernakulam (Kochi) Sector,Port & Maritime Logistics,KL,Kerala,KL-EKM,Ernakulam (Kochi),576.1,269,218,1835.0,Land Identification,2024-06-11,2026-12-31,IN_PROGRESS,2023-01-10 10:00:00
LG-MP-0122,Port & Maritime Logistics - Jabalpur Sector,Port & Maritime Logistics,MP,Madhya Pradesh,MP-JBP,Jabalpur,1001.5,462,382,1393.4,Notification,2021-04-30,2026-12-31,IN_PROGRESS,2023-01-10 10:00:00
LG-MH-0123,Port & Maritime Logistics - Pune Sector,Port & Maritime Logistics,MH,Maharashtra,MH-PUN,Pune,2025.2,1879,2002,1774.4,Objection/Hearing,2024-03-08,2026-12-31,IN_PROGRESS,2023-01-10 10:00:00
LG-MN-0124,Highway Expansion - Churachandpur Sector,Highway Expansion,MN,Manipur,MN-CBR,Churachandpur,103.7,85,90,299.8,R&R,2023-01-18,2026-12-31,IN_PROGRESS,2023-01-10 10:00:00
LG-ML-0125,Urban Metro Rail - West Garo Hills (Tura) Sector,Urban Metro Rail,ML,Meghalaya,ML-TUA,West Garo Hills (Tura),1680.6,1736,1477,4675.1,Notification,2021-09-18,2026-12-31,IN_PROGRESS,2023-01-10 10:00:00
LG-MZ-0126,Industrial Park & SEZ - Lunglei Sector,Industrial Park & SEZ,MZ,Mizoram,MZ-LGL,Lunglei,1608.7,1876,1929,4197.2,Objection/Hearing,2023-07-04,2026-12-31,IN_PROGRESS,2023-01-10 10:00:00
LG-NL-0127,Urban Metro Rail - Dimapur Sector,Urban Metro Rail,NL,Nagaland,NL-DMP,Dimapur,448.5,164,170,715.9,Objection/Hearing,2022-06-19,2026-12-31,IN_PROGRESS,2023-01-10 10:00:00
LG-OD-0128,Industrial Park & SEZ - Ganjam Sector,Industrial Park & SEZ,OD,Odisha,OD-GJM,Ganjam,181.2,108,117,345.2,R&R,2024-01-12,2026-12-31,IN_PROGRESS,2023-01-10 10:00:00
LG-PB-0129,Urban Metro Rail - Ludhiana Sector,Urban Metro Rail,PB,Punjab,PB-LDH,Ludhiana,468.5,263,192,1442.1,Notification,2023-03-26,2026-12-31,IN_PROGRESS,2023-01-10 10:00:00
LG-RJ-0130,Railway Line & Freight Corridor - Jaipur Sector,Railway Line & Freight Corridor,RJ,Rajasthan,RJ-JPR,Jaipur,1686.9,1733,1500,4794.9,Approval,2024-02-08,2026-12-31,IN_PROGRESS,2023-01-10 10:00:00
LG-SK-0131,Railway Line & Freight Corridor - Gangtok (East Sikkim) Sector,Railway Line & Freight Corridor,SK,Sikkim,SK-GNT,Gangtok (East Sikkim),2375.7,1672,1805,2972.8,Approval,2022-01-30,2026-12-31,IN_PROGRESS,2023-01-10 10:00:00
LG-TN-0132,Highway Expansion - Chengalpattu Sector,Highway Expansion,TN,Tamil Nadu,TN-CGL,Chengalpattu,1977.0,1701,1546,3821.3,Compensation,2021-11-03,2026-12-31,IN_PROGRESS,2023-01-10 10:00:00
LG-TS-0133,Solar & Renewable Energy Park - Ranga Reddy Sector,Solar & Renewable Energy Park,TS,Telangana,TS-RNG,Ranga Reddy,1037.3,888,863,1954.9,Compensation,2022-11-10,2026-12-31,IN_PROGRESS,2023-01-10 10:00:00
LG-TR-0134,Airport Expansion - Gomati Sector,Airport Expansion,TR,Tripura,TR-GMA,Gomati,1532.2,582,510,5004.6,Compensation,2023-09-20,2026-12-31,IN_PROGRESS,2023-01-10 10:00:00
LG-UP-0135,Port & Maritime Logistics - Kanpur Nagar Sector,Port & Maritime Logistics,UP,Uttar Pradesh,UP-KAN,Kanpur Nagar,2067.6,1560,1488,2345.6,Land Identification,2022-05-11,2026-12-31,IN_PROGRESS,2023-01-10 10:00:00
LG-UK-0136,Highway Expansion - Nainital Sector,Highway Expansion,UK,Uttarakhand,UK-NTL,Nainital,2168.3,2537,2468,4510.2,Documentation,2024-08-18,2026-12-31,IN_PROGRESS,2023-01-10 10:00:00
LG-WB-0137,Railway Line & Freight Corridor - Paschim Medinipur Sector,Railway Line & Freight Corridor,WB,West Bengal,WB-PAS,Paschim Medinipur,68.0,81,88,208.5,R&R,2024-08-18,2026-12-31,IN_PROGRESS,2023-01-10 10:00:00
LG-AN-0138,Port & Maritime Logistics - South Andaman (Port Blair) Sector,Port & Maritime Logistics,AN,Andaman and Nicobar Islands,AN-SND,South Andaman (Port Blair),1717.9,1630,1568,6000.9,Notification,2023-05-08,2026-12-31,IN_PROGRESS,2023-01-10 10:00:00
LG-CH-0139,Port & Maritime Logistics - Chandigarh Sector,Port & Maritime Logistics,CH,Chandigarh,CH-CHD,Chandigarh,1653.4,826,651,5213.0,Compensation,2022-11-10,2026-12-31,IN_PROGRESS,2023-01-10 10:00:00
LG-DH-0140,Airport Expansion - Silvassa Sector,Airport Expansion,DH,Dadra and Nagar Haveli and Daman and Diu,DH-SLV,Silvassa,2468.6,2724,2981,2929.5,Documentation,2021-06-15,2026-12-31,IN_PROGRESS,2023-01-10 10:00:00
LG-DL-0141,Highway Expansion - New Delhi Sector,Highway Expansion,DL,Delhi,DL-NDL,New Delhi,1357.8,1300,1404,4356.4,R&R,2022-01-26,2026-12-31,IN_PROGRESS,2023-01-10 10:00:00
LG-JK-0142,Airport Expansion - Jammu Sector,Airport Expansion,JK,Jammu and Kashmir,JK-JMU,Jammu,2225.5,2661,2227,7196.7,Objection/Hearing,2022-01-21,2026-12-31,IN_PROGRESS,2023-01-10 10:00:00
LG-LA-0143,Highway Expansion - Kargil Sector,Highway Expansion,LA,Ladakh,LA-KRG,Kargil,1505.1,516,383,4601.9,Land Identification,2024-11-13,2026-12-31,IN_PROGRESS,2023-01-10 10:00:00
LG-LD-0144,Solar & Renewable Energy Park - Kavaratti Sector,Solar & Renewable Energy Park,LD,Lakshadweep,LD-KVT,Kavaratti,329.3,130,101,441.0,Notification,2023-12-08,2026-12-31,IN_PROGRESS,2023-01-10 10:00:00
LG-PY-0145,Railway Line & Freight Corridor - Puducherry Sector,Railway Line & Freight Corridor,PY,Puducherry,PY-PUD,Puducherry,2266.7,1994,1760,7794.5,Notification,2023-08-09,2026-12-31,IN_PROGRESS,2023-01-10 10:00:00
LG-AP-0146,Solar & Renewable Energy Park - Chittoor Sector,Solar & Renewable Energy Park,AP,Andhra Pradesh,AP-CTR,Chittoor,2202.3,844,865,2849.2,Compensation,2023-03-31,2026-12-31,IN_PROGRESS,2023-01-10 10:00:00
LG-AR-0147,Airport Expansion - Changlang Sector,Airport Expansion,AR,Arunachal Pradesh,AR-CGL,Changlang,1959.0,1665,1739,6221.5,Documentation,2023-09-17,2026-12-31,IN_PROGRESS,2023-01-10 10:00:00
LG-AS-0148,Industrial Park & SEZ - Jorhat Sector,Industrial Park & SEZ,AS,Assam,AS-JRH,Jorhat,2105.6,1689,1849,1994.7,Final Handover,2021-11-18,2026-12-31,IN_PROGRESS,2023-01-10 10:00:00
LG-BR-0149,Water Pipeline & Dam Infrastructure - Patna Sector,Water Pipeline & Dam Infrastructure,BR,Bihar,BR-PAT,Patna,1145.3,465,418,2936.7,Survey,2023-04-07,2026-12-31,IN_PROGRESS,2023-01-10 10:00:00
LG-CG-0150,Water Pipeline & Dam Infrastructure - Durg Sector,Water Pipeline & Dam Infrastructure,CG,Chhattisgarh,CG-DRG,Durg,329.4,323,254,567.1,Final Handover,2022-08-21,2026-12-31,IN_PROGRESS,2023-01-10 10:00:00
LG-GA-0151,Highway Expansion - South Goa Sector,Highway Expansion,GA,Goa,GA-SGO,South Goa,2320.2,2444,2286,6693.3,Legal Resolution,2023-07-26,2026-12-31,IN_PROGRESS,2023-01-10 10:00:00
LG-GJ-0152,Airport Expansion - Rajkot Sector,Airport Expansion,GJ,Gujarat,GJ-RJK,Rajkot,2449.8,2754,2767,3769.5,Objection/Hearing,2022-08-26,2026-12-31,IN_PROGRESS,2023-01-10 10:00:00
LG-HR-0153,Railway Line & Freight Corridor - Panchkula Sector,Railway Line & Freight Corridor,HR,Haryana,HR-PKL,Panchkula,1913.9,1542,1438,6402.4,Compensation,2024-10-12,2026-12-31,IN_PROGRESS,2023-01-10 10:00:00
LG-HP-0154,Highway Expansion - Shimla Sector,Highway Expansion,HP,Himachal Pradesh,HP-SML,Shimla,928.8,656,620,2437.1,R&R,2022-04-05,2026-12-31,IN_PROGRESS,2023-01-10 10:00:00
LG-JH-0155,Urban Metro Rail - Dhanbad Sector,Urban Metro Rail,JH,Jharkhand,JH-DHN,Dhanbad,1951.6,2279,1863,2496.2,Final Handover,2021-06-02,2026-12-31,IN_PROGRESS,2023-01-10 10:00:00
LG-KA-0156,Highway Expansion - Dakshina Kannada (Mangaluru) Sector,Highway Expansion,KA,Karnataka,KA-DKN,Dakshina Kannada (Mangaluru),1945.5,1678,1740,3138.3,Possession,2024-02-01,2026-12-31,IN_PROGRESS,2023-01-10 10:00:00
LG-KL-0157,Highway Expansion - Thrissur Sector,Highway Expansion,KL,Kerala,KL-TCR,Thrissur,331.1,202,160,839.0,Possession,2022-05-15,2026-12-31,IN_PROGRESS,2023-01-10 10:00:00
LG-MP-0158,Industrial Park & SEZ - Bhopal Sector,Industrial Park & SEZ,MP,Madhya Pradesh,MP-BPL,Bhopal,2430.5,2420,2210,6058.6,Approval,2024-10-04,2026-12-31,IN_PROGRESS,2023-01-10 10:00:00
LG-MH-0159,Urban Metro Rail - Nashik Sector,Urban Metro Rail,MH,Maharashtra,MH-NSK,Nashik,2281.9,1521,1339,4317.4,Objection/Hearing,2021-02-04,2026-12-31,IN_PROGRESS,2023-01-10 10:00:00
LG-MN-0160,Water Pipeline & Dam Infrastructure - Imphal East Sector,Water Pipeline & Dam Infrastructure,MN,Manipur,MN-IMP,Imphal East,433.0,215,214,1277.9,R&R,2022-08-28,2026-12-31,IN_PROGRESS,2023-01-10 10:00:00
LG-ML-0161,Urban Metro Rail - West Garo Hills (Tura) Sector,Urban Metro Rail,ML,Meghalaya,ML-TUA,West Garo Hills (Tura),1061.0,935,846,1309.9,Approval,2024-06-17,2026-12-31,IN_PROGRESS,2023-01-10 10:00:00
LG-MZ-0162,Urban Metro Rail - Aizawl Sector,Urban Metro Rail,MZ,Mizoram,MZ-AIZ,Aizawl,295.1,253,268,489.3,Legal Resolution,2022-11-04,2026-12-31,IN_PROGRESS,2023-01-10 10:00:00
LG-NL-0163,Water Pipeline & Dam Infrastructure - Dimapur Sector,Water Pipeline & Dam Infrastructure,NL,Nagaland,NL-DMP,Dimapur,928.9,534,491,1184.0,Possession,2021-06-17,2026-12-31,IN_PROGRESS,2023-01-10 10:00:00
LG-OD-0164,Industrial Park & SEZ - Ganjam Sector,Industrial Park & SEZ,OD,Odisha,OD-GJM,Ganjam,946.3,474,478,2630.4,Notification,2021-10-02,2026-12-31,IN_PROGRESS,2023-01-10 10:00:00
LG-PB-0165,Port & Maritime Logistics - Jalandhar Sector,Port & Maritime Logistics,PB,Punjab,PB-JAL,Jalandhar,623.3,562,509,1830.6,Compensation,2023-08-20,2026-12-31,IN_PROGRESS,2023-01-10 10:00:00
LG-RJ-0166,Solar & Renewable Energy Park - Jaipur Sector,Solar & Renewable Energy Park,RJ,Rajasthan,RJ-JPR,Jaipur,972.0,1085,983,1703.7,Objection/Hearing,2023-09-25,2026-12-31,IN_PROGRESS,2023-01-10 10:00:00
LG-SK-0167,Water Pipeline & Dam Infrastructure - Namchi (South Sikkim) Sector,Water Pipeline & Dam Infrastructure,SK,Sikkim,SK-NAM,Namchi (South Sikkim),566.2,252,260,487.3,Land Identification,2021-09-19,2026-12-31,IN_PROGRESS,2023-01-10 10:00:00
LG-TN-0168,Industrial Park & SEZ - Tiruchirappalli Sector,Industrial Park & SEZ,TN,Tamil Nadu,TN-TRY,Tiruchirappalli,1996.8,2073,1601,5153.8,Notification,2021-12-10,2026-12-31,IN_PROGRESS,2023-01-10 10:00:00
LG-TS-0169,Railway Line & Freight Corridor - Hyderabad Sector,Railway Line & Freight Corridor,TS,Telangana,TS-HYD,Hyderabad,278.3,248,263,627.9,Land Identification,2024-10-21,2026-12-31,IN_PROGRESS,2023-01-10 10:00:00
LG-TR-0170,Solar & Renewable Energy Park - West Tripura (Agartala) Sector,Solar & Renewable Energy Park,TR,Tripura,TR-AGT,West Tripura (Agartala),1515.8,1196,960,1235.0,Land Identification,2024-03-29,2026-12-31,IN_PROGRESS,2023-01-10 10:00:00
LG-UP-0171,Water Pipeline & Dam Infrastructure - Agra Sector,Water Pipeline & Dam Infrastructure,UP,Uttar Pradesh,UP-AGR,Agra,487.9,391,349,1692.5,Possession,2022-12-07,2026-12-31,IN_PROGRESS,2023-01-10 10:00:00
LG-UK-0172,Water Pipeline & Dam Infrastructure - Dehradun Sector,Water Pipeline & Dam Infrastructure,UK,Uttarakhand,UK-DHR,Dehradun,2318.4,1603,1163,3242.9,Survey,2024-06-01,2026-12-31,IN_PROGRESS,2023-01-10 10:00:00
LG-WB-0173,Urban Metro Rail - Howrah Sector,Urban Metro Rail,WB,West Bengal,WB-HWR,Howrah,132.3,111,100,188.6,Documentation,2024-10-12,2026-12-31,IN_PROGRESS,2023-01-10 10:00:00
LG-AN-0174,Port & Maritime Logistics - South Andaman (Port Blair) Sector,Port & Maritime Logistics,AN,Andaman and Nicobar Islands,AN-SND,South Andaman (Port Blair),2410.1,1322,1246,3193.9,Compensation,2024-03-23,2026-12-31,IN_PROGRESS,2023-01-10 10:00:00
LG-CH-0175,Water Pipeline & Dam Infrastructure - Chandigarh Sector,Water Pipeline & Dam Infrastructure,CH,Chandigarh,CH-CHD,Chandigarh,2246.5,2416,2156,3361.0,Compensation,2024-07-21,2026-12-31,IN_PROGRESS,2023-01-10 10:00:00
LG-DH-0176,Industrial Park & SEZ - Silvassa Sector,Industrial Park & SEZ,DH,Dadra and Nagar Haveli and Daman and Diu,DH-SLV,Silvassa,2370.4,2168,2306,5090.0,Approval,2022-04-26,2026-12-31,IN_PROGRESS,2023-01-10 10:00:00
LG-DL-0177,Port & Maritime Logistics - South Delhi Sector,Port & Maritime Logistics,DL,Delhi,DL-SDL,South Delhi,1256.2,1490,1577,3951.6,Legal Resolution,2022-01-10,2026-12-31,IN_PROGRESS,2023-01-10 10:00:00
LG-JK-0178,Highway Expansion - Srinagar Sector,Highway Expansion,JK,Jammu and Kashmir,JK-SGR,Srinagar,1701.6,1091,807,3022.6,Notification,2022-01-19,2026-12-31,IN_PROGRESS,2023-01-10 10:00:00
LG-LA-0179,Urban Metro Rail - Kargil Sector,Urban Metro Rail,LA,Ladakh,LA-KRG,Kargil,1410.6,1510,1175,4175.5,Documentation,2023-08-27,2026-12-31,IN_PROGRESS,2023-01-10 10:00:00
LG-LD-0180,Solar & Renewable Energy Park - Kavaratti Sector,Solar & Renewable Energy Park,LD,Lakshadweep,LD-KVT,Kavaratti,934.4,751,805,1397.7,Land Identification,2023-04-24,2026-12-31,IN_PROGRESS,2023-01-10 10:00:00
LG-PY-0181,Industrial Park & SEZ - Puducherry Sector,Industrial Park & SEZ,PY,Puducherry,PY-PUD,Puducherry,1619.4,1839,1597,3972.8,Compensation,2021-05-27,2026-12-31,IN_PROGRESS,2023-01-10 10:00:00
LG-AP-0182,Solar & Renewable Energy Park - Krishna Sector,Solar & Renewable Energy Park,AP,Andhra Pradesh,AP-KRS,Krishna,2354.1,2190,1603,2944.2,Survey,2021-07-15,2026-12-31,IN_PROGRESS,2023-01-10 10:00:00
LG-AR-0183,Industrial Park & SEZ - Papum Pare Sector,Industrial Park & SEZ,AR,Arunachal Pradesh,AR-ITN,Papum Pare,1340.5,607,433,2363.9,Objection/Hearing,2023-09-03,2026-12-31,IN_PROGRESS,2023-01-10 10:00:00
LG-AS-0184,Port & Maritime Logistics - Silchar (Cachar) Sector,Port & Maritime Logistics,AS,Assam,AS-SLR,Silchar (Cachar),1059.9,466,328,2345.5,Documentation,2022-12-06,2026-12-31,IN_PROGRESS,2023-01-10 10:00:00
LG-BR-0185,Urban Metro Rail - Bhagalpur Sector,Urban Metro Rail,BR,Bihar,BR-BGP,Bhagalpur,450.0,433,370,819.7,Notification,2021-06-12,2026-12-31,IN_PROGRESS,2023-01-10 10:00:00
LG-CG-0186,Port & Maritime Logistics - Bilaspur Sector,Port & Maritime Logistics,CG,Chhattisgarh,CG-BLS,Bilaspur,97.5,33,30,126.9,Survey,2022-08-01,2026-12-31,IN_PROGRESS,2023-01-10 10:00:00
LG-GA-0187,Highway Expansion - North Goa Sector,Highway Expansion,GA,Goa,GA-NGO,North Goa,702.9,459,421,907.0,Notification,2023-02-21,2026-12-31,IN_PROGRESS,2023-01-10 10:00:00
LG-GJ-0188,Railway Line & Freight Corridor - Ahmedabad Sector,Railway Line & Freight Corridor,GJ,Gujarat,GJ-AMD,Ahmedabad,670.6,586,456,2143.4,Final Handover,2022-03-23,2026-12-31,IN_PROGRESS,2023-01-10 10:00:00
LG-HR-0189,Railway Line & Freight Corridor - Karnal Sector,Railway Line & Freight Corridor,HR,Haryana,HR-KRN,Karnal,1730.6,1046,1137,4933.6,Land Identification,2021-05-03,2026-12-31,IN_PROGRESS,2023-01-10 10:00:00
LG-HP-0190,Solar & Renewable Energy Park - Mandi Sector,Solar & Renewable Energy Park,HP,Himachal Pradesh,HP-MND,Mandi,1379.7,1022,947,3128.8,Objection/Hearing,2023-08-18,2026-12-31,IN_PROGRESS,2023-01-10 10:00:00
LG-JH-0191,Port & Maritime Logistics - Jamshedpur (East Singhbhum) Sector,Port & Maritime Logistics,JH,Jharkhand,JH-JSH,Jamshedpur (East Singhbhum),1816.5,1621,1484,3353.7,R&R,2024-10-31,2026-12-31,IN_PROGRESS,2023-01-10 10:00:00
LG-KA-0192,Water Pipeline & Dam Infrastructure - Belagavi Sector,Water Pipeline & Dam Infrastructure,KA,Karnataka,KA-BEL,Belagavi,1338.3,1246,999,2394.4,Possession,2021-05-26,2026-12-31,IN_PROGRESS,2023-01-10 10:00:00
LG-KL-0193,Railway Line & Freight Corridor - Thiruvananthapuram Sector,Railway Line & Freight Corridor,KL,Kerala,KL-TVM,Thiruvananthapuram,1826.7,1422,1103,4056.6,Approval,2024-03-13,2026-12-31,IN_PROGRESS,2023-01-10 10:00:00
LG-MP-0194,Port & Maritime Logistics - Jabalpur Sector,Port & Maritime Logistics,MP,Madhya Pradesh,MP-JBP,Jabalpur,1397.7,1673,1736,2674.3,Final Handover,2023-06-01,2026-12-31,IN_PROGRESS,2023-01-10 10:00:00
LG-MH-0195,Highway Expansion - Nagpur Sector,Highway Expansion,MH,Maharashtra,MH-NGP,Nagpur,785.8,392,408,674.7,Notification,2024-02-08,2026-12-31,IN_PROGRESS,2023-01-10 10:00:00
LG-MN-0196,Railway Line & Freight Corridor - Churachandpur Sector,Railway Line & Freight Corridor,MN,Manipur,MN-CBR,Churachandpur,1508.3,860,853,3553.5,Survey,2021-04-25,2026-12-31,IN_PROGRESS,2023-01-10 10:00:00
LG-ML-0197,Industrial Park & SEZ - East Khasi Hills (Shillong) Sector,Industrial Park & SEZ,ML,Meghalaya,ML-SHL,East Khasi Hills (Shillong),173.8,166,142,348.1,Possession,2024-03-24,2026-12-31,IN_PROGRESS,2023-01-10 10:00:00
LG-MZ-0198,Urban Metro Rail - Aizawl Sector,Urban Metro Rail,MZ,Mizoram,MZ-AIZ,Aizawl,643.7,347,302,1705.0,Possession,2021-07-03,2026-12-31,IN_PROGRESS,2023-01-10 10:00:00
LG-NL-0199,Industrial Park & SEZ - Dimapur Sector,Industrial Park & SEZ,NL,Nagaland,NL-DMP,Dimapur,1906.4,2035,1515,1805.8,Possession,2021-10-30,2026-12-31,IN_PROGRESS,2023-01-10 10:00:00
LG-OD-0200,Highway Expansion - Ganjam Sector,Highway Expansion,OD,Odisha,OD-GJM,Ganjam,675.9,239,186,1811.8,Notification,2021-04-19,2026-12-31,IN_PROGRESS,2023-01-10 10:00:00
LG-PB-0201,Industrial Park & SEZ - Ludhiana Sector,Industrial Park & SEZ,PB,Punjab,PB-LDH,Ludhiana,537.2,628,580,1463.2,Land Identification,2022-05-22,2026-12-31,IN_PROGRESS,2023-01-10 10:00:00
LG-RJ-0202,Solar & Renewable Energy Park - Jaipur Sector,Solar & Renewable Energy Park,RJ,Rajasthan,RJ-JPR,Jaipur,602.7,366,313,705.5,Compensation,2023-12-03,2026-12-31,IN_PROGRESS,2023-01-10 10:00:00
LG-SK-0203,Airport Expansion - Gangtok (East Sikkim) Sector,Airport Expansion,SK,Sikkim,SK-GNT,Gangtok (East Sikkim),2489.4,2933,2223,8262.8,Documentation,2022-10-13,2026-12-31,IN_PROGRESS,2023-01-10 10:00:00
LG-TN-0204,Industrial Park & SEZ - Madurai Sector,Industrial Park & SEZ,TN,Tamil Nadu,TN-MDU,Madurai,1958.8,775,599,5599.4,Possession,2024-06-17,2026-12-31,IN_PROGRESS,2023-01-10 10:00:00
LG-TS-0205,Urban Metro Rail - Ranga Reddy Sector,Urban Metro Rail,TS,Telangana,TS-RNG,Ranga Reddy,129.0,127,89,197.2,Compensation,2022-04-01,2026-12-31,IN_PROGRESS,2023-01-10 10:00:00
LG-TR-0206,Airport Expansion - Gomati Sector,Airport Expansion,TR,Tripura,TR-GMA,Gomati,1548.2,1498,1404,3434.1,Land Identification,2023-12-03,2026-12-31,IN_PROGRESS,2023-01-10 10:00:00
LG-UP-0207,Industrial Park & SEZ - Varanasi Sector,Industrial Park & SEZ,UP,Uttar Pradesh,UP-VNS,Varanasi,1085.0,924,666,2382.5,Documentation,2023-08-08,2026-12-31,IN_PROGRESS,2023-01-10 10:00:00
LG-UK-0208,Railway Line & Freight Corridor - Haridwar Sector,Railway Line & Freight Corridor,UK,Uttarakhand,UK-HRD,Haridwar,662.7,611,649,1955.3,Survey,2021-07-06,2026-12-31,IN_PROGRESS,2023-01-10 10:00:00
LG-WB-0209,Industrial Park & SEZ - North 24 Parganas Sector,Industrial Park & SEZ,WB,West Bengal,WB-24P,North 24 Parganas,1934.4,669,550,5361.1,Legal Resolution,2022-08-15,2026-12-31,IN_PROGRESS,2023-01-10 10:00:00
LG-AN-0210,Urban Metro Rail - South Andaman (Port Blair) Sector,Urban Metro Rail,AN,Andaman and Nicobar Islands,AN-SND,South Andaman (Port Blair),2211.3,1216,1156,6665.6,Approval,2021-04-11,2026-12-31,IN_PROGRESS,2023-01-10 10:00:00
LG-CH-0211,Water Pipeline & Dam Infrastructure - Chandigarh Sector,Water Pipeline & Dam Infrastructure,CH,Chandigarh,CH-CHD,Chandigarh,1885.9,1177,840,5421.9,Objection/Hearing,2023-01-25,2026-12-31,IN_PROGRESS,2023-01-10 10:00:00
LG-DH-0212,Water Pipeline & Dam Infrastructure - Daman Sector,Water Pipeline & Dam Infrastructure,DH,Dadra and Nagar Haveli and Daman and Diu,DH-DMN,Daman,1824.0,1540,1563,4940.1,Compensation,2024-05-31,2026-12-31,IN_PROGRESS,2023-01-10 10:00:00
LG-DL-0213,Urban Metro Rail - New Delhi Sector,Urban Metro Rail,DL,Delhi,DL-NDL,New Delhi,2008.9,2408,2084,3417.6,R&R,2024-07-29,2026-12-31,IN_PROGRESS,2023-01-10 10:00:00
LG-JK-0214,Urban Metro Rail - Srinagar Sector,Urban Metro Rail,JK,Jammu and Kashmir,JK-SGR,Srinagar,859.8,519,502,2814.7,Land Identification,2024-08-15,2026-12-31,IN_PROGRESS,2023-01-10 10:00:00
LG-LA-0215,Railway Line & Freight Corridor - Kargil Sector,Railway Line & Freight Corridor,LA,Ladakh,LA-KRG,Kargil,2425.6,1339,953,8382.3,Final Handover,2023-12-31,2026-12-31,IN_PROGRESS,2023-01-10 10:00:00
LG-LD-0216,Industrial Park & SEZ - Kavaratti Sector,Industrial Park & SEZ,LD,Lakshadweep,LD-KVT,Kavaratti,325.0,327,330,1061.5,Legal Resolution,2023-11-03,2026-12-31,IN_PROGRESS,2023-01-10 10:00:00
LG-PY-0217,Highway Expansion - Puducherry Sector,Highway Expansion,PY,Puducherry,PY-PUD,Puducherry,811.9,275,285,2560.8,Objection/Hearing,2023-08-15,2026-12-31,IN_PROGRESS,2023-01-10 10:00:00
LG-AP-0218,Railway Line & Freight Corridor - Visakhapatnam Sector,Railway Line & Freight Corridor,AP,Andhra Pradesh,AP-VIS,Visakhapatnam,556.1,342,282,657.4,Notification,2024-03-21,2026-12-31,IN_PROGRESS,2023-01-10 10:00:00
LG-AR-0219,Water Pipeline & Dam Infrastructure - Changlang Sector,Water Pipeline & Dam Infrastructure,AR,Arunachal Pradesh,AR-CGL,Changlang,1560.0,906,930,4250.7,Final Handover,2023-12-29,2026-12-31,IN_PROGRESS,2023-01-10 10:00:00
LG-AS-0220,Port & Maritime Logistics - Silchar (Cachar) Sector,Port & Maritime Logistics,AS,Assam,AS-SLR,Silchar (Cachar),1010.6,939,907,2960.8,Objection/Hearing,2023-07-18,2026-12-31,IN_PROGRESS,2023-01-10 10:00:00
LG-BR-0221,Urban Metro Rail - Gaya Sector,Urban Metro Rail,BR,Bihar,BR-GAY,Gaya,1392.5,1638,1398,2395.0,Possession,2023-06-02,2026-12-31,IN_PROGRESS,2023-01-10 10:00:00
LG-CG-0222,Airport Expansion - Raipur Sector,Airport Expansion,CG,Chhattisgarh,CG-RPR,Raipur,852.2,750,543,1182.5,Documentation,2024-04-04,2026-12-31,IN_PROGRESS,2023-01-10 10:00:00
LG-GA-0223,Airport Expansion - North Goa Sector,Airport Expansion,GA,Goa,GA-NGO,North Goa,2126.7,2269,1644,6875.4,Land Identification,2021-01-02,2026-12-31,IN_PROGRESS,2023-01-10 10:00:00
LG-GJ-0224,Airport Expansion - Vadodara Sector,Airport Expansion,GJ,Gujarat,GJ-VDR,Vadodara,428.0,512,495,497.6,Survey,2024-08-20,2026-12-31,IN_PROGRESS,2023-01-10 10:00:00
LG-HR-0225,Urban Metro Rail - Panchkula Sector,Urban Metro Rail,HR,Haryana,HR-PKL,Panchkula,505.2,426,396,1559.2,Approval,2024-12-29,2026-12-31,IN_PROGRESS,2023-01-10 10:00:00
LG-HP-0226,Railway Line & Freight Corridor - Kangra Sector,Railway Line & Freight Corridor,HP,Himachal Pradesh,HP-KNG,Kangra,1726.0,1355,1262,4237.7,Objection/Hearing,2024-01-01,2026-12-31,IN_PROGRESS,2023-01-10 10:00:00
LG-JH-0227,Highway Expansion - Dhanbad Sector,Highway Expansion,JH,Jharkhand,JH-DHN,Dhanbad,752.7,281,253,2332.5,Notification,2022-06-01,2026-12-31,IN_PROGRESS,2023-01-10 10:00:00
LG-KA-0228,Port & Maritime Logistics - Bengaluru Urban Sector,Port & Maritime Logistics,KA,Karnataka,KA-BLR,Bengaluru Urban,2461.0,2880,2702,7428.9,Legal Resolution,2023-04-26,2026-12-31,IN_PROGRESS,2023-01-10 10:00:00
LG-KL-0229,Airport Expansion - Ernakulam (Kochi) Sector,Airport Expansion,KL,Kerala,KL-EKM,Ernakulam (Kochi),1724.6,1122,903,3849.6,Compensation,2021-01-25,2026-12-31,IN_PROGRESS,2023-01-10 10:00:00
LG-MP-0230,Water Pipeline & Dam Infrastructure - Gwalior Sector,Water Pipeline & Dam Infrastructure,MP,Madhya Pradesh,MP-GWL,Gwalior,1944.2,1894,1882,4645.8,Approval,2023-12-01,2026-12-31,IN_PROGRESS,2023-01-10 10:00:00
LG-MH-0231,Railway Line & Freight Corridor - Pune Sector,Railway Line & Freight Corridor,MH,Maharashtra,MH-PUN,Pune,1784.8,728,758,2053.9,Final Handover,2024-08-19,2026-12-31,IN_PROGRESS,2023-01-10 10:00:00
LG-MN-0232,Highway Expansion - Churachandpur Sector,Highway Expansion,MN,Manipur,MN-CBR,Churachandpur,682.7,704,542,674.1,Approval,2024-06-03,2026-12-31,IN_PROGRESS,2023-01-10 10:00:00
LG-ML-0233,Highway Expansion - East Khasi Hills (Shillong) Sector,Highway Expansion,ML,Meghalaya,ML-SHL,East Khasi Hills (Shillong),1678.3,905,886,5441.8,Possession,2021-01-08,2026-12-31,IN_PROGRESS,2023-01-10 10:00:00
LG-MZ-0234,Port & Maritime Logistics - Aizawl Sector,Port & Maritime Logistics,MZ,Mizoram,MZ-AIZ,Aizawl,1359.8,1583,1159,2775.4,Notification,2024-08-19,2026-12-31,IN_PROGRESS,2023-01-10 10:00:00
LG-NL-0235,Airport Expansion - Dimapur Sector,Airport Expansion,NL,Nagaland,NL-DMP,Dimapur,204.3,160,131,458.0,Legal Resolution,2021-02-03,2026-12-31,IN_PROGRESS,2023-01-10 10:00:00
LG-OD-0236,Highway Expansion - Ganjam Sector,Highway Expansion,OD,Odisha,OD-GJM,Ganjam,644.6,569,401,1616.8,Notification,2021-07-19,2026-12-31,IN_PROGRESS,2023-01-10 10:00:00
LG-PB-0237,Highway Expansion - Amritsar Sector,Highway Expansion,PB,Punjab,PB-ASR,Amritsar,1503.1,904,676,1775.7,Compensation,2021-12-11,2026-12-31,IN_PROGRESS,2023-01-10 10:00:00
LG-RJ-0238,Airport Expansion - Udaipur Sector,Airport Expansion,RJ,Rajasthan,RJ-UDP,Udaipur,1749.1,1771,1576,1998.5,Documentation,2024-08-03,2026-12-31,IN_PROGRESS,2023-01-10 10:00:00
LG-SK-0239,Port & Maritime Logistics - Gangtok (East Sikkim) Sector,Port & Maritime Logistics,SK,Sikkim,SK-GNT,Gangtok (East Sikkim),2163.7,2570,2320,4442.9,Final Handover,2024-09-12,2026-12-31,IN_PROGRESS,2023-01-10 10:00:00
LG-TN-0240,Highway Expansion - Chengalpattu Sector,Highway Expansion,TN,Tamil Nadu,TN-CGL,Chengalpattu,305.8,106,96,375.1,Land Identification,2023-09-21,2026-12-31,IN_PROGRESS,2023-01-10 10:00:00
LG-TS-0241,Airport Expansion - Hyderabad Sector,Airport Expansion,TS,Telangana,TS-HYD,Hyderabad,405.1,459,404,747.7,Documentation,2023-07-27,2026-12-31,IN_PROGRESS,2023-01-10 10:00:00
LG-TR-0242,Urban Metro Rail - West Tripura (Agartala) Sector,Urban Metro Rail,TR,Tripura,TR-AGT,West Tripura (Agartala),261.9,280,250,913.6,Possession,2023-08-28,2026-12-31,IN_PROGRESS,2023-01-10 10:00:00
LG-UP-0243,Railway Line & Freight Corridor - Varanasi Sector,Railway Line & Freight Corridor,UP,Uttar Pradesh,UP-VNS,Varanasi,1158.5,598,552,965.7,Compensation,2022-03-23,2026-12-31,IN_PROGRESS,2023-01-10 10:00:00
LG-UK-0244,Water Pipeline & Dam Infrastructure - Haridwar Sector,Water Pipeline & Dam Infrastructure,UK,Uttarakhand,UK-HRD,Haridwar,1774.6,534,507,3263.8,Objection/Hearing,2023-12-24,2026-12-31,IN_PROGRESS,2023-01-10 10:00:00
LG-WB-0245,Port & Maritime Logistics - Kolkata Sector,Port & Maritime Logistics,WB,West Bengal,WB-KOL,Kolkata,947.8,837,821,2193.3,Approval,2021-10-11,2026-12-31,IN_PROGRESS,2023-01-10 10:00:00
LG-AN-0246,Water Pipeline & Dam Infrastructure - South Andaman (Port Blair) Sector,Water Pipeline & Dam Infrastructure,AN,Andaman and Nicobar Islands,AN-SND,South Andaman (Port Blair),1789.1,1628,1486,2843.1,Possession,2023-01-24,2026-12-31,IN_PROGRESS,2023-01-10 10:00:00
LG-CH-0247,Highway Expansion - Chandigarh Sector,Highway Expansion,CH,Chandigarh,CH-CHD,Chandigarh,768.3,900,824,888.5,Objection/Hearing,2023-05-11,2026-12-31,IN_PROGRESS,2023-01-10 10:00:00
LG-DH-0248,Industrial Park & SEZ - Silvassa Sector,Industrial Park & SEZ,DH,Dadra and Nagar Haveli and Daman and Diu,DH-SLV,Silvassa,2250.8,1296,1316,3178.8,Objection/Hearing,2022-08-14,2026-12-31,IN_PROGRESS,2023-01-10 10:00:00
LG-DL-0249,Port & Maritime Logistics - East Delhi Sector,Port & Maritime Logistics,DL,Delhi,DL-EDL,East Delhi,502.0,404,288,831.2,Objection/Hearing,2021-10-30,2026-12-31,IN_PROGRESS,2023-01-10 10:00:00
LG-JK-0250,Water Pipeline & Dam Infrastructure - Srinagar Sector,Water Pipeline & Dam Infrastructure,JK,Jammu and Kashmir,JK-SGR,Srinagar,879.8,352,313,799.1,Final Handover,2024-02-03,2026-12-31,IN_PROGRESS,2023-01-10 10:00:00
LG-LA-0251,Airport Expansion - Leh Sector,Airport Expansion,LA,Ladakh,LA-LEH,Leh,526.4,308,290,1762.0,Final Handover,2023-01-10,2026-12-31,IN_PROGRESS,2023-01-10 10:00:00
LG-LD-0252,Airport Expansion - Kavaratti Sector,Airport Expansion,LD,Lakshadweep,LD-KVT,Kavaratti,391.9,324,237,533.4,Legal Resolution,2023-12-12,2026-12-31,IN_PROGRESS,2023-01-10 10:00:00
LG-PY-0253,Solar & Renewable Energy Park - Karaikal Sector,Solar & Renewable Energy Park,PY,Puducherry,PY-KKL,Karaikal,1260.5,1217,961,3701.2,Documentation,2022-06-22,2026-12-31,IN_PROGRESS,2023-01-10 10:00:00
LG-AP-0254,Water Pipeline & Dam Infrastructure - Krishna Sector,Water Pipeline & Dam Infrastructure,AP,Andhra Pradesh,AP-KRS,Krishna,2436.9,2525,2144,6772.1,Land Identification,2022-06-16,2026-12-31,IN_PROGRESS,2023-01-10 10:00:00
LG-AR-0255,Industrial Park & SEZ - Changlang Sector,Industrial Park & SEZ,AR,Arunachal Pradesh,AR-CGL,Changlang,1923.5,1613,1236,3214.2,Objection/Hearing,2024-11-03,2026-12-31,IN_PROGRESS,2023-01-10 10:00:00
LG-AS-0256,Railway Line & Freight Corridor - Dibrugarh Sector,Railway Line & Freight Corridor,AS,Assam,AS-DBR,Dibrugarh,1072.5,1205,899,1238.0,Land Identification,2023-09-10,2026-12-31,IN_PROGRESS,2023-01-10 10:00:00
LG-BR-0257,Railway Line & Freight Corridor - Patna Sector,Railway Line & Freight Corridor,BR,Bihar,BR-PAT,Patna,96.1,70,61,127.8,Land Identification,2024-09-13,2026-12-31,IN_PROGRESS,2023-01-10 10:00:00
LG-CG-0258,Port & Maritime Logistics - Durg Sector,Port & Maritime Logistics,CG,Chhattisgarh,CG-DRG,Durg,443.4,332,329,644.2,Possession,2021-05-20,2026-12-31,IN_PROGRESS,2023-01-10 10:00:00
LG-GA-0259,Industrial Park & SEZ - North Goa Sector,Industrial Park & SEZ,GA,Goa,GA-NGO,North Goa,2095.1,2478,2154,4585.1,Compensation,2021-08-20,2026-12-31,IN_PROGRESS,2023-01-10 10:00:00
LG-GJ-0260,Urban Metro Rail - Rajkot Sector,Urban Metro Rail,GJ,Gujarat,GJ-RJK,Rajkot,1407.1,790,823,1842.9,Survey,2023-09-02,2026-12-31,IN_PROGRESS,2023-01-10 10:00:00
LG-HR-0261,Urban Metro Rail - Panchkula Sector,Urban Metro Rail,HR,Haryana,HR-PKL,Panchkula,1507.7,1796,1345,4617.9,Legal Resolution,2022-07-25,2026-12-31,IN_PROGRESS,2023-01-10 10:00:00
LG-HP-0262,Railway Line & Freight Corridor - Shimla Sector,Railway Line & Freight Corridor,HP,Himachal Pradesh,HP-SML,Shimla,1857.6,1945,1749,1620.2,Documentation,2023-02-23,2026-12-31,IN_PROGRESS,2023-01-10 10:00:00
LG-JH-0263,Highway Expansion - Ranchi Sector,Highway Expansion,JH,Jharkhand,JH-RNC,Ranchi,2477.2,2705,2022,4992.3,Compensation,2023-06-26,2026-12-31,IN_PROGRESS,2023-01-10 10:00:00
LG-KA-0264,Airport Expansion - Belagavi Sector,Airport Expansion,KA,Karnataka,KA-BEL,Belagavi,1561.5,964,1051,2600.4,Land Identification,2024-04-24,2026-12-31,IN_PROGRESS,2023-01-10 10:00:00
LG-KL-0265,Railway Line & Freight Corridor - Kozhikode Sector,Railway Line & Freight Corridor,KL,Kerala,KL-CLT,Kozhikode,2280.5,818,672,3903.1,Land Identification,2024-01-08,2026-12-31,IN_PROGRESS,2023-01-10 10:00:00
LG-MP-0266,Industrial Park & SEZ - Jabalpur Sector,Industrial Park & SEZ,MP,Madhya Pradesh,MP-JBP,Jabalpur,1556.3,975,852,3333.2,Survey,2024-01-03,2026-12-31,IN_PROGRESS,2023-01-10 10:00:00
LG-MH-0267,Port & Maritime Logistics - Pune Sector,Port & Maritime Logistics,MH,Maharashtra,MH-PUN,Pune,1999.3,1772,1454,5940.2,Compensation,2024-09-20,2026-12-31,IN_PROGRESS,2023-01-10 10:00:00
LG-MN-0268,Industrial Park & SEZ - Churachandpur Sector,Industrial Park & SEZ,MN,Manipur,MN-CBR,Churachandpur,638.9,620,623,1967.3,Compensation,2022-10-15,2026-12-31,IN_PROGRESS,2023-01-10 10:00:00
LG-ML-0269,Airport Expansion - West Garo Hills (Tura) Sector,Airport Expansion,ML,Meghalaya,ML-TUA,West Garo Hills (Tura),1635.0,544,415,1910.3,Notification,2022-07-23,2026-12-31,IN_PROGRESS,2023-01-10 10:00:00
LG-MZ-0270,Railway Line & Freight Corridor - Aizawl Sector,Railway Line & Freight Corridor,MZ,Mizoram,MZ-AIZ,Aizawl,1328.8,1390,1501,4405.2,Notification,2023-10-14,2026-12-31,IN_PROGRESS,2023-01-10 10:00:00
LG-NL-0271,Port & Maritime Logistics - Dimapur Sector,Port & Maritime Logistics,NL,Nagaland,NL-DMP,Dimapur,1764.1,708,650,3673.0,Approval,2022-07-23,2026-12-31,IN_PROGRESS,2023-01-10 10:00:00
LG-OD-0272,Water Pipeline & Dam Infrastructure - Cuttack Sector,Water Pipeline & Dam Infrastructure,OD,Odisha,OD-CTC,Cuttack,1001.8,1120,960,3446.8,Notification,2022-09-09,2026-12-31,IN_PROGRESS,2023-01-10 10:00:00
LG-PB-0273,Port & Maritime Logistics - SAS Nagar (Mohali) Sector,Port & Maritime Logistics,PB,Punjab,PB-SAS,SAS Nagar (Mohali),1807.6,1968,2023,5469.6,Notification,2023-11-03,2026-12-31,IN_PROGRESS,2023-01-10 10:00:00
LG-RJ-0274,Railway Line & Freight Corridor - Jaipur Sector,Railway Line & Freight Corridor,RJ,Rajasthan,RJ-JPR,Jaipur,436.7,333,362,1328.7,Documentation,2024-05-01,2026-12-31,IN_PROGRESS,2023-01-10 10:00:00
LG-SK-0275,Highway Expansion - Gangtok (East Sikkim) Sector,Highway Expansion,SK,Sikkim,SK-GNT,Gangtok (East Sikkim),2372.9,2683,2572,5913.0,Survey,2023-08-06,2026-12-31,IN_PROGRESS,2023-01-10 10:00:00
LG-TN-0276,Railway Line & Freight Corridor - Chengalpattu Sector,Railway Line & Freight Corridor,TN,Tamil Nadu,TN-CGL,Chengalpattu,600.0,289,311,1797.7,Notification,2022-08-13,2026-12-31,IN_PROGRESS,2023-01-10 10:00:00
LG-TS-0277,Railway Line & Freight Corridor - Khammam Sector,Railway Line & Freight Corridor,TS,Telangana,TS-KHM,Khammam,75.3,31,25,201.1,Final Handover,2022-03-11,2026-12-31,IN_PROGRESS,2023-01-10 10:00:00
LG-TR-0278,Industrial Park & SEZ - Gomati Sector,Industrial Park & SEZ,TR,Tripura,TR-GMA,Gomati,2421.7,1946,1814,3639.3,R&R,2023-10-07,2026-12-31,IN_PROGRESS,2023-01-10 10:00:00
LG-UP-0279,Port & Maritime Logistics - Kanpur Nagar Sector,Port & Maritime Logistics,UP,Uttar Pradesh,UP-KAN,Kanpur Nagar,1117.6,501,498,2376.5,Documentation,2024-02-13,2026-12-31,IN_PROGRESS,2023-01-10 10:00:00
LG-UK-0280,Water Pipeline & Dam Infrastructure - Haridwar Sector,Water Pipeline & Dam Infrastructure,UK,Uttarakhand,UK-HRD,Haridwar,325.6,308,233,567.8,Approval,2022-08-05,2026-12-31,IN_PROGRESS,2023-01-10 10:00:00
LG-WB-0281,Highway Expansion - Howrah Sector,Highway Expansion,WB,West Bengal,WB-HWR,Howrah,746.5,883,661,1350.1,Survey,2022-10-25,2026-12-31,IN_PROGRESS,2023-01-10 10:00:00
LG-AN-0282,Urban Metro Rail - South Andaman (Port Blair) Sector,Urban Metro Rail,AN,Andaman and Nicobar Islands,AN-SND,South Andaman (Port Blair),2165.0,2211,1797,6397.6,Survey,2024-01-26,2026-12-31,IN_PROGRESS,2023-01-10 10:00:00
LG-CH-0283,Solar & Renewable Energy Park - Chandigarh Sector,Solar & Renewable Energy Park,CH,Chandigarh,CH-CHD,Chandigarh,2264.1,1909,1610,2398.8,Objection/Hearing,2023-11-16,2026-12-31,IN_PROGRESS,2023-01-10 10:00:00
LG-DH-0284,Water Pipeline & Dam Infrastructure - Daman Sector,Water Pipeline & Dam Infrastructure,DH,Dadra and Nagar Haveli and Daman and Diu,DH-DMN,Daman,1341.8,1184,868,2769.7,Survey,2023-09-06,2026-12-31,IN_PROGRESS,2023-01-10 10:00:00
LG-DL-0285,Railway Line & Freight Corridor - East Delhi Sector,Railway Line & Freight Corridor,DL,Delhi,DL-EDL,East Delhi,1933.2,608,605,3962.6,Documentation,2023-03-16,2026-12-31,IN_PROGRESS,2023-01-10 10:00:00
LG-JK-0286,Airport Expansion - Srinagar Sector,Airport Expansion,JK,Jammu and Kashmir,JK-SGR,Srinagar,1359.2,414,309,1717.6,Legal Resolution,2023-08-01,2026-12-31,IN_PROGRESS,2023-01-10 10:00:00
LG-LA-0287,Highway Expansion - Leh Sector,Highway Expansion,LA,Ladakh,LA-LEH,Leh,562.6,497,477,1112.1,Final Handover,2024-01-09,2026-12-31,IN_PROGRESS,2023-01-10 10:00:00
LG-LD-0288,Highway Expansion - Kavaratti Sector,Highway Expansion,LD,Lakshadweep,LD-KVT,Kavaratti,867.9,340,353,1706.1,Compensation,2023-10-13,2026-12-31,IN_PROGRESS,2023-01-10 10:00:00
LG-PY-0289,Water Pipeline & Dam Infrastructure - Karaikal Sector,Water Pipeline & Dam Infrastructure,PY,Puducherry,PY-KKL,Karaikal,336.5,289,276,676.5,Compensation,2021-02-12,2026-12-31,IN_PROGRESS,2023-01-10 10:00:00
LG-AP-0290,Port & Maritime Logistics - Krishna Sector,Port & Maritime Logistics,AP,Andhra Pradesh,AP-KRS,Krishna,2000.1,2039,2116,4958.2,Notification,2024-11-15,2026-12-31,IN_PROGRESS,2023-01-10 10:00:00
LG-AR-0291,Highway Expansion - Changlang Sector,Highway Expansion,AR,Arunachal Pradesh,AR-CGL,Changlang,2026.7,1224,912,2861.8,R&R,2022-04-04,2026-12-31,IN_PROGRESS,2023-01-10 10:00:00
LG-AS-0292,Urban Metro Rail - Kamrup Metropolitan Sector,Urban Metro Rail,AS,Assam,AS-KMR,Kamrup Metropolitan,2281.9,1007,822,4545.8,R&R,2023-10-18,2026-12-31,IN_PROGRESS,2023-01-10 10:00:00
LG-BR-0293,Port & Maritime Logistics - Bhagalpur Sector,Port & Maritime Logistics,BR,Bihar,BR-BGP,Bhagalpur,1592.1,829,830,3550.5,Approval,2021-10-10,2026-12-31,IN_PROGRESS,2023-01-10 10:00:00
LG-CG-0294,Airport Expansion - Raipur Sector,Airport Expansion,CG,Chhattisgarh,CG-RPR,Raipur,1910.0,1707,1632,6182.2,Land Identification,2024-07-17,2026-12-31,IN_PROGRESS,2023-01-10 10:00:00
LG-GA-0295,Port & Maritime Logistics - South Goa Sector,Port & Maritime Logistics,GA,Goa,GA-SGO,South Goa,2224.8,2232,1923,2965.0,Notification,2021-06-22,2026-12-31,IN_PROGRESS,2023-01-10 10:00:00
LG-GJ-0296,Urban Metro Rail - Vadodara Sector,Urban Metro Rail,GJ,Gujarat,GJ-VDR,Vadodara,2089.0,1198,1041,4521.1,Land Identification,2023-02-03,2026-12-31,IN_PROGRESS,2023-01-10 10:00:00
LG-HR-0297,Airport Expansion - Faridabad Sector,Airport Expansion,HR,Haryana,HR-FDB,Faridabad,1323.2,691,574,3139.2,Objection/Hearing,2023-07-20,2026-12-31,IN_PROGRESS,2023-01-10 10:00:00
LG-HP-0298,Water Pipeline & Dam Infrastructure - Kangra Sector,Water Pipeline & Dam Infrastructure,HP,Himachal Pradesh,HP-KNG,Kangra,1842.7,1244,951,3990.6,Legal Resolution,2024-12-27,2026-12-31,IN_PROGRESS,2023-01-10 10:00:00
LG-JH-0299,Solar & Renewable Energy Park - Dhanbad Sector,Solar & Renewable Energy Park,JH,Jharkhand,JH-DHN,Dhanbad,2478.0,1419,1269,7276.0,Documentation,2024-04-22,2026-12-31,IN_PROGRESS,2023-01-10 10:00:00
LG-KA-0300,Industrial Park & SEZ - Mysuru Sector,Industrial Park & SEZ,KA,Karnataka,KA-MYS,Mysuru,1286.7,919,808,2589.5,Objection/Hearing,2021-07-02,2026-12-31,IN_PROGRESS,2023-01-10 10:00:00
LG-KL-0301,Urban Metro Rail - Thiruvananthapuram Sector,Urban Metro Rail,KL,Kerala,KL-TVM,Thiruvananthapuram,1888.9,1421,1005,4868.2,R&R,2022-01-04,2026-12-31,IN_PROGRESS,2023-01-10 10:00:00
LG-MP-0302,Solar & Renewable Energy Park - Gwalior Sector,Solar & Renewable Energy Park,MP,Madhya Pradesh,MP-GWL,Gwalior,273.0,322,295,428.7,Documentation,2022-06-08,2026-12-31,IN_PROGRESS,2023-01-10 10:00:00
LG-MH-0303,Highway Expansion - Mumbai Suburban Sector,Highway Expansion,MH,Maharashtra,MH-MUM,Mumbai Suburban,546.3,533,498,1164.2,R&R,2023-02-28,2026-12-31,IN_PROGRESS,2023-01-10 10:00:00
LG-MN-0304,Water Pipeline & Dam Infrastructure - Churachandpur Sector,Water Pipeline & Dam Infrastructure,MN,Manipur,MN-CBR,Churachandpur,255.6,222,173,872.5,Objection/Hearing,2024-01-12,2026-12-31,IN_PROGRESS,2023-01-10 10:00:00
LG-ML-0305,Urban Metro Rail - West Garo Hills (Tura) Sector,Urban Metro Rail,ML,Meghalaya,ML-TUA,West Garo Hills (Tura),1483.6,1126,808,4147.8,Possession,2021-05-24,2026-12-31,IN_PROGRESS,2023-01-10 10:00:00
LG-MZ-0306,Highway Expansion - Lunglei Sector,Highway Expansion,MZ,Mizoram,MZ-LGL,Lunglei,2289.3,962,1028,5594.4,Land Identification,2021-01-20,2026-12-31,IN_PROGRESS,2023-01-10 10:00:00
LG-NL-0307,Railway Line & Freight Corridor - Kohima Sector,Railway Line & Freight Corridor,NL,Nagaland,NL-KHM,Kohima,1183.6,1352,1186,1654.8,Land Identification,2022-07-30,2026-12-31,IN_PROGRESS,2023-01-10 10:00:00
LG-OD-0308,Water Pipeline & Dam Infrastructure - Sundargarh (Rourkela) Sector,Water Pipeline & Dam Infrastructure,OD,Odisha,OD-SNG,Sundargarh (Rourkela),467.7,221,220,1223.0,Possession,2024-03-03,2026-12-31,IN_PROGRESS,2023-01-10 10:00:00
LG-PB-0309,Port & Maritime Logistics - Ludhiana Sector,Port & Maritime Logistics,PB,Punjab,PB-LDH,Ludhiana,1109.7,1326,1073,2925.7,Legal Resolution,2023-10-12,2026-12-31,IN_PROGRESS,2023-01-10 10:00:00
LG-RJ-0310,Port & Maritime Logistics - Jodhpur Sector,Port & Maritime Logistics,RJ,Rajasthan,RJ-JHD,Jodhpur,811.5,700,517,1700.8,Land Identification,2024-04-28,2026-12-31,IN_PROGRESS,2023-01-10 10:00:00
LG-SK-0311,Airport Expansion - Gangtok (East Sikkim) Sector,Airport Expansion,SK,Sikkim,SK-GNT,Gangtok (East Sikkim),817.5,868,630,935.5,Legal Resolution,2021-04-23,2026-12-31,IN_PROGRESS,2023-01-10 10:00:00
LG-TN-0312,Port & Maritime Logistics - Chennai Sector,Port & Maritime Logistics,TN,Tamil Nadu,TN-CHE,Chennai,1644.8,1493,1060,3612.8,Possession,2022-01-30,2026-12-31,IN_PROGRESS,2023-01-10 10:00:00
LG-TS-0313,Port & Maritime Logistics - Khammam Sector,Port & Maritime Logistics,TS,Telangana,TS-KHM,Khammam,812.4,890,899,973.3,Notification,2024-05-20,2026-12-31,IN_PROGRESS,2023-01-10 10:00:00
LG-TR-0314,Port & Maritime Logistics - Gomati Sector,Port & Maritime Logistics,TR,Tripura,TR-GMA,Gomati,2137.4,1730,1443,3439.1,Objection/Hearing,2021-11-29,2026-12-31,IN_PROGRESS,2023-01-10 10:00:00
LG-UP-0315,Urban Metro Rail - Varanasi Sector,Urban Metro Rail,UP,Uttar Pradesh,UP-VNS,Varanasi,1030.8,1075,755,852.2,Objection/Hearing,2021-03-03,2026-12-31,IN_PROGRESS,2023-01-10 10:00:00
LG-UK-0316,Industrial Park & SEZ - Dehradun Sector,Industrial Park & SEZ,UK,Uttarakhand,UK-DHR,Dehradun,978.4,986,733,3255.6,Notification,2023-07-24,2026-12-31,IN_PROGRESS,2023-01-10 10:00:00
LG-WB-0317,Highway Expansion - North 24 Parganas Sector,Highway Expansion,WB,West Bengal,WB-24P,North 24 Parganas,1919.6,1590,1656,3060.4,Documentation,2022-11-03,2026-12-31,IN_PROGRESS,2023-01-10 10:00:00
LG-AN-0318,Water Pipeline & Dam Infrastructure - South Andaman (Port Blair) Sector,Water Pipeline & Dam Infrastructure,AN,Andaman and Nicobar Islands,AN-SND,South Andaman (Port Blair),1321.3,609,599,2931.7,Legal Resolution,2023-10-11,2026-12-31,IN_PROGRESS,2023-01-10 10:00:00
LG-CH-0319,Port & Maritime Logistics - Chandigarh Sector,Port & Maritime Logistics,CH,Chandigarh,CH-CHD,Chandigarh,613.9,206,186,1048.7,Legal Resolution,2023-08-16,2026-12-31,IN_PROGRESS,2023-01-10 10:00:00
LG-DH-0320,Port & Maritime Logistics - Daman Sector,Port & Maritime Logistics,DH,Dadra and Nagar Haveli and Daman and Diu,DH-DMN,Daman,531.8,317,260,1596.5,Final Handover,2022-07-17,2026-12-31,IN_PROGRESS,2023-01-10 10:00:00
LG-DL-0321,Industrial Park & SEZ - South Delhi Sector,Industrial Park & SEZ,DL,Delhi,DL-SDL,South Delhi,2170.4,1095,1083,2966.2,Approval,2023-11-23,2026-12-31,IN_PROGRESS,2023-01-10 10:00:00
LG-JK-0322,Water Pipeline & Dam Infrastructure - Srinagar Sector,Water Pipeline & Dam Infrastructure,JK,Jammu and Kashmir,JK-SGR,Srinagar,2035.5,2139,1788,3932.0,Final Handover,2023-04-07,2026-12-31,IN_PROGRESS,2023-01-10 10:00:00
LG-LA-0323,Solar & Renewable Energy Park - Kargil Sector,Solar & Renewable Energy Park,LA,Ladakh,LA-KRG,Kargil,278.4,109,100,246.8,Possession,2023-09-28,2026-12-31,IN_PROGRESS,2023-01-10 10:00:00
LG-LD-0324,Industrial Park & SEZ - Kavaratti Sector,Industrial Park & SEZ,LD,Lakshadweep,LD-KVT,Kavaratti,1364.3,996,724,4609.6,Approval,2021-09-24,2026-12-31,IN_PROGRESS,2023-01-10 10:00:00
LG-PY-0325,Water Pipeline & Dam Infrastructure - Karaikal Sector,Water Pipeline & Dam Infrastructure,PY,Puducherry,PY-KKL,Karaikal,1183.6,396,291,3012.3,Legal Resolution,2022-12-12,2026-12-31,IN_PROGRESS,2023-01-10 10:00:00
LG-AP-0326,Solar & Renewable Energy Park - Guntur Sector,Solar & Renewable Energy Park,AP,Andhra Pradesh,AP-GNT,Guntur,1683.3,606,600,5447.2,Legal Resolution,2023-04-23,2026-12-31,IN_PROGRESS,2023-01-10 10:00:00
LG-AR-0327,Port & Maritime Logistics - Tawang Sector,Port & Maritime Logistics,AR,Arunachal Pradesh,AR-TWG,Tawang,1877.6,2009,1725,1556.5,Survey,2024-12-23,2026-12-31,IN_PROGRESS,2023-01-10 10:00:00
LG-AS-0328,Industrial Park & SEZ - Jorhat Sector,Industrial Park & SEZ,AS,Assam,AS-JRH,Jorhat,240.1,237,230,291.6,Objection/Hearing,2021-12-31,2026-12-31,IN_PROGRESS,2023-01-10 10:00:00
LG-BR-0329,Port & Maritime Logistics - Gaya Sector,Port & Maritime Logistics,BR,Bihar,BR-GAY,Gaya,2276.5,1092,771,1993.0,Land Identification,2022-11-22,2026-12-31,IN_PROGRESS,2023-01-10 10:00:00
LG-CG-0330,Port & Maritime Logistics - Raipur Sector,Port & Maritime Logistics,CG,Chhattisgarh,CG-RPR,Raipur,842.3,264,253,701.1,Approval,2023-07-29,2026-12-31,IN_PROGRESS,2023-01-10 10:00:00
LG-GA-0331,Industrial Park & SEZ - South Goa Sector,Industrial Park & SEZ,GA,Goa,GA-SGO,South Goa,863.5,752,792,1432.1,Final Handover,2023-09-15,2026-12-31,IN_PROGRESS,2023-01-10 10:00:00
LG-GJ-0332,Industrial Park & SEZ - Ahmedabad Sector,Industrial Park & SEZ,GJ,Gujarat,GJ-AMD,Ahmedabad,967.6,548,416,1308.0,Land Identification,2022-05-03,2026-12-31,IN_PROGRESS,2023-01-10 10:00:00
LG-HR-0333,Highway Expansion - Faridabad Sector,Highway Expansion,HR,Haryana,HR-FDB,Faridabad,2271.2,2040,1630,6032.0,Approval,2024-05-30,2026-12-31,IN_PROGRESS,2023-01-10 10:00:00
LG-HP-0334,Urban Metro Rail - Mandi Sector,Urban Metro Rail,HP,Himachal Pradesh,HP-MND,Mandi,650.1,298,238,1021.0,Legal Resolution,2024-07-25,2026-12-31,IN_PROGRESS,2023-01-10 10:00:00
LG-JH-0335,Industrial Park & SEZ - Jamshedpur (East Singhbhum) Sector,Industrial Park & SEZ,JH,Jharkhand,JH-JSH,Jamshedpur (East Singhbhum),680.4,488,430,1233.5,Possession,2023-09-12,2026-12-31,IN_PROGRESS,2023-01-10 10:00:00
LG-KA-0336,Highway Expansion - Belagavi Sector,Highway Expansion,KA,Karnataka,KA-BEL,Belagavi,2481.6,1022,1096,3073.2,Compensation,2022-06-07,2026-12-31,IN_PROGRESS,2023-01-10 10:00:00
LG-KL-0337,Solar & Renewable Energy Park - Ernakulam (Kochi) Sector,Solar & Renewable Energy Park,KL,Kerala,KL-EKM,Ernakulam (Kochi),656.2,538,519,811.0,Survey,2021-07-09,2026-12-31,IN_PROGRESS,2023-01-10 10:00:00
LG-MP-0338,Railway Line & Freight Corridor - Bhopal Sector,Railway Line & Freight Corridor,MP,Madhya Pradesh,MP-BPL,Bhopal,1608.6,1607,1346,1906.7,Approval,2023-03-27,2026-12-31,IN_PROGRESS,2023-01-10 10:00:00
LG-MH-0339,Water Pipeline & Dam Infrastructure - Mumbai Suburban Sector,Water Pipeline & Dam Infrastructure,MH,Maharashtra,MH-MUM,Mumbai Suburban,1439.4,707,551,4066.0,Approval,2022-06-16,2026-12-31,IN_PROGRESS,2023-01-10 10:00:00
LG-MN-0340,Highway Expansion - Churachandpur Sector,Highway Expansion,MN,Manipur,MN-CBR,Churachandpur,1680.0,1697,1216,2301.4,Land Identification,2023-02-09,2026-12-31,IN_PROGRESS,2023-01-10 10:00:00
LG-ML-0341,Highway Expansion - East Khasi Hills (Shillong) Sector,Highway Expansion,ML,Meghalaya,ML-SHL,East Khasi Hills (Shillong),1169.5,1085,1074,3739.5,Documentation,2021-02-22,2026-12-31,IN_PROGRESS,2023-01-10 10:00:00
LG-MZ-0342,Urban Metro Rail - Lunglei Sector,Urban Metro Rail,MZ,Mizoram,MZ-LGL,Lunglei,1536.6,1014,958,1566.9,Compensation,2023-09-03,2026-12-31,IN_PROGRESS,2023-01-10 10:00:00
LG-NL-0343,Railway Line & Freight Corridor - Dimapur Sector,Railway Line & Freight Corridor,NL,Nagaland,NL-DMP,Dimapur,1231.3,968,771,1551.6,Final Handover,2024-12-04,2026-12-31,IN_PROGRESS,2023-01-10 10:00:00
LG-OD-0344,Port & Maritime Logistics - Khurda (Bhubaneswar) Sector,Port & Maritime Logistics,OD,Odisha,OD-KHD,Khurda (Bhubaneswar),2186.3,2489,2505,5294.9,Final Handover,2022-12-04,2026-12-31,IN_PROGRESS,2023-01-10 10:00:00
LG-PB-0345,Solar & Renewable Energy Park - Ludhiana Sector,Solar & Renewable Energy Park,PB,Punjab,PB-LDH,Ludhiana,201.6,157,163,694.6,Objection/Hearing,2023-01-18,2026-12-31,IN_PROGRESS,2023-01-10 10:00:00
LG-RJ-0346,Port & Maritime Logistics - Jaipur Sector,Port & Maritime Logistics,RJ,Rajasthan,RJ-JPR,Jaipur,806.8,961,720,2816.9,Possession,2023-09-07,2026-12-31,IN_PROGRESS,2023-01-10 10:00:00
LG-SK-0347,Airport Expansion - Gangtok (East Sikkim) Sector,Airport Expansion,SK,Sikkim,SK-GNT,Gangtok (East Sikkim),876.7,797,873,2494.9,Compensation,2021-05-28,2026-12-31,IN_PROGRESS,2023-01-10 10:00:00
LG-TN-0348,Highway Expansion - Coimbatore Sector,Highway Expansion,TN,Tamil Nadu,TN-CBE,Coimbatore,937.5,1003,743,2738.3,Documentation,2023-02-11,2026-12-31,IN_PROGRESS,2023-01-10 10:00:00
LG-TS-0349,Water Pipeline & Dam Infrastructure - Khammam Sector,Water Pipeline & Dam Infrastructure,TS,Telangana,TS-KHM,Khammam,791.6,662,509,2226.0,Final Handover,2024-09-10,2026-12-31,IN_PROGRESS,2023-01-10 10:00:00
LG-TR-0350,Industrial Park & SEZ - West Tripura (Agartala) Sector,Industrial Park & SEZ,TR,Tripura,TR-AGT,West Tripura (Agartala),990.7,1188,1165,1590.6,Documentation,2021-07-23,2026-12-31,IN_PROGRESS,2023-01-10 10:00:00
LG-UP-0351,Industrial Park & SEZ - Agra Sector,Industrial Park & SEZ,UP,Uttar Pradesh,UP-AGR,Agra,63.0,44,36,57.1,Possession,2022-02-27,2026-12-31,IN_PROGRESS,2023-01-10 10:00:00
LG-UK-0352,Water Pipeline & Dam Infrastructure - Nainital Sector,Water Pipeline & Dam Infrastructure,UK,Uttarakhand,UK-NTL,Nainital,392.6,291,240,1279.5,Objection/Hearing,2024-05-26,2026-12-31,IN_PROGRESS,2023-01-10 10:00:00
LG-WB-0353,Airport Expansion - Howrah Sector,Airport Expansion,WB,West Bengal,WB-HWR,Howrah,1641.9,733,646,5501.7,Final Handover,2023-05-22,2026-12-31,IN_PROGRESS,2023-01-10 10:00:00
LG-AN-0354,Urban Metro Rail - South Andaman (Port Blair) Sector,Urban Metro Rail,AN,Andaman and Nicobar Islands,AN-SND,South Andaman (Port Blair),239.9,98,72,547.1,Survey,2022-11-06,2026-12-31,IN_PROGRESS,2023-01-10 10:00:00
LG-CH-0355,Port & Maritime Logistics - Chandigarh Sector,Port & Maritime Logistics,CH,Chandigarh,CH-CHD,Chandigarh,1766.1,1905,1753,4309.6,Land Identification,2021-12-16,2026-12-31,IN_PROGRESS,2023-01-10 10:00:00
LG-DH-0356,Industrial Park & SEZ - Silvassa Sector,Industrial Park & SEZ,DH,Dadra and Nagar Haveli and Daman and Diu,DH-SLV,Silvassa,1125.5,696,617,1772.0,Compensation,2023-12-03,2026-12-31,IN_PROGRESS,2023-01-10 10:00:00
LG-DL-0357,Highway Expansion - East Delhi Sector,Highway Expansion,DL,Delhi,DL-EDL,East Delhi,2407.3,1640,1481,6675.8,Legal Resolution,2023-10-17,2026-12-31,IN_PROGRESS,2023-01-10 10:00:00
LG-JK-0358,Industrial Park & SEZ - Srinagar Sector,Industrial Park & SEZ,JK,Jammu and Kashmir,JK-SGR,Srinagar,234.0,246,222,789.0,Compensation,2023-10-12,2026-12-31,IN_PROGRESS,2023-01-10 10:00:00
LG-LA-0359,Water Pipeline & Dam Infrastructure - Leh Sector,Water Pipeline & Dam Infrastructure,LA,Ladakh,LA-LEH,Leh,2236.6,2378,1719,1824.9,Legal Resolution,2022-11-04,2026-12-31,IN_PROGRESS,2023-01-10 10:00:00
LG-LD-0360,Urban Metro Rail - Kavaratti Sector,Urban Metro Rail,LD,Lakshadweep,LD-KVT,Kavaratti,1203.2,766,647,3861.0,R&R,2022-07-06,2026-12-31,IN_PROGRESS,2023-01-10 10:00:00
LG-PY-0361,Water Pipeline & Dam Infrastructure - Puducherry Sector,Water Pipeline & Dam Infrastructure,PY,Puducherry,PY-PUD,Puducherry,2401.3,2844,2125,5091.9,Legal Resolution,2024-10-28,2026-12-31,IN_PROGRESS,2023-01-10 10:00:00
LG-AP-0362,Port & Maritime Logistics - Krishna Sector,Port & Maritime Logistics,AP,Andhra Pradesh,AP-KRS,Krishna,1102.7,923,649,2311.8,Notification,2023-09-23,2026-12-31,IN_PROGRESS,2023-01-10 10:00:00
LG-AR-0363,Industrial Park & SEZ - Changlang Sector,Industrial Park & SEZ,AR,Arunachal Pradesh,AR-CGL,Changlang,512.2,547,520,615.4,Survey,2021-09-28,2026-12-31,IN_PROGRESS,2023-01-10 10:00:00
LG-AS-0364,Railway Line & Freight Corridor - Silchar (Cachar) Sector,Railway Line & Freight Corridor,AS,Assam,AS-SLR,Silchar (Cachar),709.7,392,329,1368.9,Objection/Hearing,2021-04-08,2026-12-31,IN_PROGRESS,2023-01-10 10:00:00
LG-BR-0365,Port & Maritime Logistics - Gaya Sector,Port & Maritime Logistics,BR,Bihar,BR-GAY,Gaya,933.4,960,957,2230.9,Possession,2023-02-01,2026-12-31,IN_PROGRESS,2023-01-10 10:00:00
LG-CG-0366,Urban Metro Rail - Korba Sector,Urban Metro Rail,CG,Chhattisgarh,CG-KRB,Korba,1357.2,594,446,2618.3,Notification,2024-02-22,2026-12-31,IN_PROGRESS,2023-01-10 10:00:00
LG-GA-0367,Water Pipeline & Dam Infrastructure - South Goa Sector,Water Pipeline & Dam Infrastructure,GA,Goa,GA-SGO,South Goa,1727.5,1871,2036,2154.0,R&R,2023-02-26,2026-12-31,IN_PROGRESS,2023-01-10 10:00:00
LG-GJ-0368,Urban Metro Rail - Surat Sector,Urban Metro Rail,GJ,Gujarat,GJ-SRT,Surat,161.8,83,59,194.2,Notification,2021-09-30,2026-12-31,IN_PROGRESS,2023-01-10 10:00:00
LG-HR-0369,Port & Maritime Logistics - Panchkula Sector,Port & Maritime Logistics,HR,Haryana,HR-PKL,Panchkula,2463.9,2127,1497,4336.0,Notification,2021-12-28,2026-12-31,IN_PROGRESS,2023-01-10 10:00:00
LG-HP-0370,Industrial Park & SEZ - Kangra Sector,Industrial Park & SEZ,HP,Himachal Pradesh,HP-KNG,Kangra,1142.8,1093,954,1371.9,Legal Resolution,2021-07-11,2026-12-31,IN_PROGRESS,2023-01-10 10:00:00
LG-JH-0371,Airport Expansion - Bokaro Sector,Airport Expansion,JH,Jharkhand,JH-BKR,Bokaro,295.6,228,225,881.4,Possession,2021-07-24,2026-12-31,IN_PROGRESS,2023-01-10 10:00:00
LG-KA-0372,Solar & Renewable Energy Park - Mysuru Sector,Solar & Renewable Energy Park,KA,Karnataka,KA-MYS,Mysuru,862.8,378,273,2302.4,Final Handover,2024-01-19,2026-12-31,IN_PROGRESS,2023-01-10 10:00:00
LG-KL-0373,Railway Line & Freight Corridor - Thrissur Sector,Railway Line & Freight Corridor,KL,Kerala,KL-TCR,Thrissur,1255.0,1495,1180,4245.0,Notification,2023-01-02,2026-12-31,IN_PROGRESS,2023-01-10 10:00:00
LG-MP-0374,Port & Maritime Logistics - Gwalior Sector,Port & Maritime Logistics,MP,Madhya Pradesh,MP-GWL,Gwalior,2335.6,2404,2366,2350.1,Land Identification,2021-11-01,2026-12-31,IN_PROGRESS,2023-01-10 10:00:00
LG-MH-0375,Water Pipeline & Dam Infrastructure - Nagpur Sector,Water Pipeline & Dam Infrastructure,MH,Maharashtra,MH-NGP,Nagpur,1088.4,1005,869,3202.6,Objection/Hearing,2021-10-11,2026-12-31,IN_PROGRESS,2023-01-10 10:00:00
LG-MN-0376,Port & Maritime Logistics - Imphal East Sector,Port & Maritime Logistics,MN,Manipur,MN-IMP,Imphal East,1418.0,1647,1759,1362.5,Objection/Hearing,2023-01-10,2026-12-31,IN_PROGRESS,2023-01-10 10:00:00
LG-ML-0377,Airport Expansion - East Khasi Hills (Shillong) Sector,Airport Expansion,ML,Meghalaya,ML-SHL,East Khasi Hills (Shillong),960.6,894,862,959.8,Possession,2021-11-20,2026-12-31,IN_PROGRESS,2023-01-10 10:00:00
LG-MZ-0378,Solar & Renewable Energy Park - Aizawl Sector,Solar & Renewable Energy Park,MZ,Mizoram,MZ-AIZ,Aizawl,322.6,114,109,784.3,Documentation,2023-10-28,2026-12-31,IN_PROGRESS,2023-01-10 10:00:00
LG-NL-0379,Airport Expansion - Kohima Sector,Airport Expansion,NL,Nagaland,NL-KHM,Kohima,1566.7,778,601,4409.0,R&R,2024-05-24,2026-12-31,IN_PROGRESS,2023-01-10 10:00:00
LG-OD-0380,Industrial Park & SEZ - Sundargarh (Rourkela) Sector,Industrial Park & SEZ,OD,Odisha,OD-SNG,Sundargarh (Rourkela),1376.8,493,462,3913.7,Notification,2022-01-20,2026-12-31,IN_PROGRESS,2023-01-10 10:00:00
LG-PB-0381,Port & Maritime Logistics - SAS Nagar (Mohali) Sector,Port & Maritime Logistics,PB,Punjab,PB-SAS,SAS Nagar (Mohali),2435.9,2271,1678,4627.4,R&R,2021-07-26,2026-12-31,IN_PROGRESS,2023-01-10 10:00:00
LG-RJ-0382,Water Pipeline & Dam Infrastructure - Udaipur Sector,Water Pipeline & Dam Infrastructure,RJ,Rajasthan,RJ-UDP,Udaipur,1974.1,1194,1007,6141.6,Compensation,2021-03-23,2026-12-31,IN_PROGRESS,2023-01-10 10:00:00
LG-SK-0383,Railway Line & Freight Corridor - Gangtok (East Sikkim) Sector,Railway Line & Freight Corridor,SK,Sikkim,SK-GNT,Gangtok (East Sikkim),736.3,461,339,945.3,Legal Resolution,2022-06-13,2026-12-31,IN_PROGRESS,2023-01-10 10:00:00
LG-TN-0384,Port & Maritime Logistics - Tiruchirappalli Sector,Port & Maritime Logistics,TN,Tamil Nadu,TN-TRY,Tiruchirappalli,965.5,882,795,1457.6,Final Handover,2021-03-29,2026-12-31,IN_PROGRESS,2023-01-10 10:00:00
LG-TS-0385,Railway Line & Freight Corridor - Hyderabad Sector,Railway Line & Freight Corridor,TS,Telangana,TS-HYD,Hyderabad,491.7,195,211,920.3,Compensation,2022-02-13,2026-12-31,IN_PROGRESS,2023-01-10 10:00:00
LG-TR-0386,Highway Expansion - Gomati Sector,Highway Expansion,TR,Tripura,TR-GMA,Gomati,2344.3,1465,1277,4871.9,Land Identification,2022-03-10,2026-12-31,IN_PROGRESS,2023-01-10 10:00:00
LG-UP-0387,Port & Maritime Logistics - Varanasi Sector,Port & Maritime Logistics,UP,Uttar Pradesh,UP-VNS,Varanasi,2410.2,1367,1065,8057.9,Legal Resolution,2023-09-01,2026-12-31,IN_PROGRESS,2023-01-10 10:00:00
LG-UK-0388,Railway Line & Freight Corridor - Haridwar Sector,Railway Line & Freight Corridor,UK,Uttarakhand,UK-HRD,Haridwar,1990.4,1804,1452,5473.9,Legal Resolution,2021-09-15,2026-12-31,IN_PROGRESS,2023-01-10 10:00:00
LG-WB-0389,Water Pipeline & Dam Infrastructure - Kolkata Sector,Water Pipeline & Dam Infrastructure,WB,West Bengal,WB-KOL,Kolkata,1639.8,1164,1005,2871.2,R&R,2023-05-23,2026-12-31,IN_PROGRESS,2023-01-10 10:00:00
LG-AN-0390,Railway Line & Freight Corridor - South Andaman (Port Blair) Sector,Railway Line & Freight Corridor,AN,Andaman and Nicobar Islands,AN-SND,South Andaman (Port Blair),269.6,84,90,291.1,Possession,2024-01-21,2026-12-31,IN_PROGRESS,2023-01-10 10:00:00
LG-CH-0391,Highway Expansion - Chandigarh Sector,Highway Expansion,CH,Chandigarh,CH-CHD,Chandigarh,2352.1,2361,2132,3581.2,Final Handover,2022-06-26,2026-12-31,IN_PROGRESS,2023-01-10 10:00:00
LG-DH-0392,Urban Metro Rail - Silvassa Sector,Urban Metro Rail,DH,Dadra and Nagar Haveli and Daman and Diu,DH-SLV,Silvassa,1559.9,1020,735,5173.0,Compensation,2021-09-21,2026-12-31,IN_PROGRESS,2023-01-10 10:00:00
LG-DL-0393,Urban Metro Rail - East Delhi Sector,Urban Metro Rail,DL,Delhi,DL-EDL,East Delhi,278.5,89,62,801.8,Documentation,2021-02-26,2026-12-31,IN_PROGRESS,2023-01-10 10:00:00
LG-JK-0394,Solar & Renewable Energy Park - Jammu Sector,Solar & Renewable Energy Park,JK,Jammu and Kashmir,JK-JMU,Jammu,1665.2,911,978,4153.1,Final Handover,2024-04-01,2026-12-31,IN_PROGRESS,2023-01-10 10:00:00
LG-LA-0395,Urban Metro Rail - Leh Sector,Urban Metro Rail,LA,Ladakh,LA-LEH,Leh,1734.0,1105,912,5639.7,Documentation,2022-01-04,2026-12-31,IN_PROGRESS,2023-01-10 10:00:00
LG-LD-0396,Highway Expansion - Kavaratti Sector,Highway Expansion,LD,Lakshadweep,LD-KVT,Kavaratti,1319.1,1299,1021,2354.9,Approval,2021-03-02,2026-12-31,IN_PROGRESS,2023-01-10 10:00:00
LG-PY-0397,Airport Expansion - Karaikal Sector,Airport Expansion,PY,Puducherry,PY-KKL,Karaikal,302.1,306,286,376.8,Approval,2023-09-27,2026-12-31,IN_PROGRESS,2023-01-10 10:00:00
LG-AP-0398,Port & Maritime Logistics - Chittoor Sector,Port & Maritime Logistics,AP,Andhra Pradesh,AP-CTR,Chittoor,1025.9,413,422,2010.1,Documentation,2023-01-03,2026-12-31,IN_PROGRESS,2023-01-10 10:00:00
LG-AR-0399,Urban Metro Rail - Papum Pare Sector,Urban Metro Rail,AR,Arunachal Pradesh,AR-ITN,Papum Pare,302.2,166,156,962.5,Final Handover,2021-06-03,2026-12-31,IN_PROGRESS,2023-01-10 10:00:00
LG-AS-0400,Solar & Renewable Energy Park - Kamrup Metropolitan Sector,Solar & Renewable Energy Park,AS,Assam,AS-KMR,Kamrup Metropolitan,93.7,94,87,76.1,Legal Resolution,2022-08-06,2026-12-31,IN_PROGRESS,2023-01-10 10:00:00
LG-BR-0401,Water Pipeline & Dam Infrastructure - Muzaffarpur Sector,Water Pipeline & Dam Infrastructure,BR,Bihar,BR-MZP,Muzaffarpur,1550.2,1013,991,3142.8,Final Handover,2021-09-06,2026-12-31,IN_PROGRESS,2023-01-10 10:00:00
LG-CG-0402,Highway Expansion - Raipur Sector,Highway Expansion,CG,Chhattisgarh,CG-RPR,Raipur,2370.5,871,724,5818.2,Compensation,2022-07-07,2026-12-31,IN_PROGRESS,2023-01-10 10:00:00
LG-GA-0403,Urban Metro Rail - South Goa Sector,Urban Metro Rail,GA,Goa,GA-SGO,South Goa,274.9,272,267,481.9,Approval,2024-09-12,2026-12-31,IN_PROGRESS,2023-01-10 10:00:00
LG-GJ-0404,Industrial Park & SEZ - Ahmedabad Sector,Industrial Park & SEZ,GJ,Gujarat,GJ-AMD,Ahmedabad,586.0,367,400,1841.9,R&R,2022-02-20,2026-12-31,IN_PROGRESS,2023-01-10 10:00:00
LG-HR-0405,Port & Maritime Logistics - Karnal Sector,Port & Maritime Logistics,HR,Haryana,HR-KRN,Karnal,700.7,794,582,1376.9,Documentation,2023-03-24,2026-12-31,IN_PROGRESS,2023-01-10 10:00:00
LG-HP-0406,Urban Metro Rail - Mandi Sector,Urban Metro Rail,HP,Himachal Pradesh,HP-MND,Mandi,2399.5,1194,861,2150.8,Notification,2022-05-04,2026-12-31,IN_PROGRESS,2023-01-10 10:00:00
LG-JH-0407,Highway Expansion - Dhanbad Sector,Highway Expansion,JH,Jharkhand,JH-DHN,Dhanbad,280.9,211,206,586.3,Notification,2024-11-09,2026-12-31,IN_PROGRESS,2023-01-10 10:00:00
LG-KA-0408,Water Pipeline & Dam Infrastructure - Dakshina Kannada (Mangaluru) Sector,Water Pipeline & Dam Infrastructure,KA,Karnataka,KA-DKN,Dakshina Kannada (Mangaluru),1478.7,1093,873,1619.7,Land Identification,2024-03-07,2026-12-31,IN_PROGRESS,2023-01-10 10:00:00
LG-KL-0409,Water Pipeline & Dam Infrastructure - Kozhikode Sector,Water Pipeline & Dam Infrastructure,KL,Kerala,KL-CLT,Kozhikode,326.3,299,296,279.3,Compensation,2022-03-28,2026-12-31,IN_PROGRESS,2023-01-10 10:00:00
LG-MP-0410,Solar & Renewable Energy Park - Indore Sector,Solar & Renewable Energy Park,MP,Madhya Pradesh,MP-IND,Indore,2280.3,1400,1165,5451.5,Notification,2022-09-26,2026-12-31,IN_PROGRESS,2023-01-10 10:00:00
LG-MH-0411,Industrial Park & SEZ - Nashik Sector,Industrial Park & SEZ,MH,Maharashtra,MH-NSK,Nashik,793.9,444,452,668.5,Land Identification,2022-03-22,2026-12-31,IN_PROGRESS,2023-01-10 10:00:00
LG-MN-0412,Railway Line & Freight Corridor - Churachandpur Sector,Railway Line & Freight Corridor,MN,Manipur,MN-CBR,Churachandpur,762.5,250,268,1122.1,Final Handover,2024-07-28,2026-12-31,IN_PROGRESS,2023-01-10 10:00:00
LG-ML-0413,Airport Expansion - East Khasi Hills (Shillong) Sector,Airport Expansion,ML,Meghalaya,ML-SHL,East Khasi Hills (Shillong),1966.9,2066,1525,4369.9,Objection/Hearing,2023-10-29,2026-12-31,IN_PROGRESS,2023-01-10 10:00:00
LG-MZ-0414,Highway Expansion - Lunglei Sector,Highway Expansion,MZ,Mizoram,MZ-LGL,Lunglei,1900.6,1241,1068,1551.0,R&R,2023-08-01,2026-12-31,IN_PROGRESS,2023-01-10 10:00:00
LG-NL-0415,Industrial Park & SEZ - Kohima Sector,Industrial Park & SEZ,NL,Nagaland,NL-KHM,Kohima,787.2,456,499,643.5,Legal Resolution,2024-07-01,2026-12-31,IN_PROGRESS,2023-01-10 10:00:00
LG-OD-0416,Water Pipeline & Dam Infrastructure - Sundargarh (Rourkela) Sector,Water Pipeline & Dam Infrastructure,OD,Odisha,OD-SNG,Sundargarh (Rourkela),2155.3,1843,1608,5426.5,Documentation,2021-10-18,2026-12-31,IN_PROGRESS,2023-01-10 10:00:00
LG-PB-0417,Railway Line & Freight Corridor - SAS Nagar (Mohali) Sector,Railway Line & Freight Corridor,PB,Punjab,PB-SAS,SAS Nagar (Mohali),1432.3,443,363,3640.6,Final Handover,2024-06-23,2026-12-31,IN_PROGRESS,2023-01-10 10:00:00
LG-RJ-0418,Port & Maritime Logistics - Jodhpur Sector,Port & Maritime Logistics,RJ,Rajasthan,RJ-JHD,Jodhpur,1657.0,1336,1180,5167.2,Documentation,2022-07-25,2026-12-31,IN_PROGRESS,2023-01-10 10:00:00
LG-SK-0419,Railway Line & Freight Corridor - Namchi (South Sikkim) Sector,Railway Line & Freight Corridor,SK,Sikkim,SK-NAM,Namchi (South Sikkim),160.1,170,129,169.8,Survey,2023-10-20,2026-12-31,IN_PROGRESS,2023-01-10 10:00:00
LG-TN-0420,Highway Expansion - Tiruchirappalli Sector,Highway Expansion,TN,Tamil Nadu,TN-TRY,Tiruchirappalli,2312.7,1362,1334,4208.2,Final Handover,2024-03-21,2026-12-31,IN_PROGRESS,2023-01-10 10:00:00
LG-TS-0421,Port & Maritime Logistics - Hyderabad Sector,Port & Maritime Logistics,TS,Telangana,TS-HYD,Hyderabad,504.0,482,513,1277.1,Legal Resolution,2022-01-25,2026-12-31,IN_PROGRESS,2023-01-10 10:00:00
LG-TR-0422,Urban Metro Rail - Gomati Sector,Urban Metro Rail,TR,Tripura,TR-GMA,Gomati,176.1,138,97,531.4,Notification,2022-05-30,2026-12-31,IN_PROGRESS,2023-01-10 10:00:00
LG-UP-0423,Port & Maritime Logistics - Gautam Buddha Nagar (Noida) Sector,Port & Maritime Logistics,UP,Uttar Pradesh,UP-GBN,Gautam Buddha Nagar (Noida),2225.7,786,614,6688.8,Objection/Hearing,2024-09-20,2026-12-31,IN_PROGRESS,2023-01-10 10:00:00
LG-UK-0424,Highway Expansion - Dehradun Sector,Highway Expansion,UK,Uttarakhand,UK-DHR,Dehradun,1266.7,636,534,2646.8,Approval,2021-02-13,2026-12-31,IN_PROGRESS,2023-01-10 10:00:00
LG-WB-0425,Railway Line & Freight Corridor - Paschim Medinipur Sector,Railway Line & Freight Corridor,WB,West Bengal,WB-PAS,Paschim Medinipur,2248.0,2662,2254,2973.8,Compensation,2021-04-29,2026-12-31,IN_PROGRESS,2023-01-10 10:00:00
LG-AN-0426,Port & Maritime Logistics - South Andaman (Port Blair) Sector,Port & Maritime Logistics,AN,Andaman and Nicobar Islands,AN-SND,South Andaman (Port Blair),1525.9,1680,1846,1755.1,Compensation,2023-09-08,2026-12-31,IN_PROGRESS,2023-01-10 10:00:00
LG-CH-0427,Highway Expansion - Chandigarh Sector,Highway Expansion,CH,Chandigarh,CH-CHD,Chandigarh,899.3,602,650,1900.0,Survey,2022-02-21,2026-12-31,IN_PROGRESS,2023-01-10 10:00:00
LG-DH-0428,Solar & Renewable Energy Park - Silvassa Sector,Solar & Renewable Energy Park,DH,Dadra and Nagar Haveli and Daman and Diu,DH-SLV,Silvassa,2076.6,780,633,5080.0,Legal Resolution,2021-02-08,2026-12-31,IN_PROGRESS,2023-01-10 10:00:00
LG-DL-0429,Port & Maritime Logistics - New Delhi Sector,Port & Maritime Logistics,DL,Delhi,DL-NDL,New Delhi,1828.2,1571,1643,5325.6,Land Identification,2021-08-12,2026-12-31,IN_PROGRESS,2023-01-10 10:00:00
LG-JK-0430,Solar & Renewable Energy Park - Srinagar Sector,Solar & Renewable Energy Park,JK,Jammu and Kashmir,JK-SGR,Srinagar,877.0,574,543,1558.1,Final Handover,2022-05-29,2026-12-31,IN_PROGRESS,2023-01-10 10:00:00
LG-LA-0431,Airport Expansion - Leh Sector,Airport Expansion,LA,Ladakh,LA-LEH,Leh,193.5,221,179,473.7,Objection/Hearing,2021-05-12,2026-12-31,IN_PROGRESS,2023-01-10 10:00:00
LG-LD-0432,Solar & Renewable Energy Park - Kavaratti Sector,Solar & Renewable Energy Park,LD,Lakshadweep,LD-KVT,Kavaratti,89.5,94,97,202.2,Land Identification,2024-05-14,2026-12-31,IN_PROGRESS,2023-01-10 10:00:00
LG-PY-0433,Port & Maritime Logistics - Karaikal Sector,Port & Maritime Logistics,PY,Puducherry,PY-KKL,Karaikal,2439.0,2701,2295,8157.7,Notification,2024-06-27,2026-12-31,IN_PROGRESS,2023-01-10 10:00:00
LG-AP-0434,Railway Line & Freight Corridor - Kurnool Sector,Railway Line & Freight Corridor,AP,Andhra Pradesh,AP-KRN,Kurnool,2390.2,2779,3048,5561.0,Possession,2024-07-14,2026-12-31,IN_PROGRESS,2023-01-10 10:00:00
LG-AR-0435,Railway Line & Freight Corridor - Tawang Sector,Railway Line & Freight Corridor,AR,Arunachal Pradesh,AR-TWG,Tawang,1748.0,1224,1325,3333.1,Survey,2022-12-22,2026-12-31,IN_PROGRESS,2023-01-10 10:00:00
LG-AS-0436,Water Pipeline & Dam Infrastructure - Dibrugarh Sector,Water Pipeline & Dam Infrastructure,AS,Assam,AS-DBR,Dibrugarh,1599.9,1592,1687,5065.8,Land Identification,2021-12-08,2026-12-31,IN_PROGRESS,2023-01-10 10:00:00
LG-BR-0437,Industrial Park & SEZ - Muzaffarpur Sector,Industrial Park & SEZ,BR,Bihar,BR-MZP,Muzaffarpur,1035.7,829,816,1161.4,Objection/Hearing,2024-04-26,2026-12-31,IN_PROGRESS,2023-01-10 10:00:00
LG-CG-0438,Highway Expansion - Bilaspur Sector,Highway Expansion,CG,Chhattisgarh,CG-BLS,Bilaspur,1504.2,951,912,2744.1,Legal Resolution,2021-12-28,2026-12-31,IN_PROGRESS,2023-01-10 10:00:00
LG-GA-0439,Solar & Renewable Energy Park - South Goa Sector,Solar & Renewable Energy Park,GA,Goa,GA-SGO,South Goa,1459.1,1245,921,2289.2,Survey,2022-08-13,2026-12-31,IN_PROGRESS,2023-01-10 10:00:00
LG-GJ-0440,Urban Metro Rail - Ahmedabad Sector,Urban Metro Rail,GJ,Gujarat,GJ-AMD,Ahmedabad,66.3,69,49,89.4,Possession,2023-05-24,2026-12-31,IN_PROGRESS,2023-01-10 10:00:00
LG-HR-0441,Port & Maritime Logistics - Gurugram Sector,Port & Maritime Logistics,HR,Haryana,HR-GGM,Gurugram,434.0,261,230,1209.1,Final Handover,2021-06-01,2026-12-31,IN_PROGRESS,2023-01-10 10:00:00
LG-HP-0442,Water Pipeline & Dam Infrastructure - Shimla Sector,Water Pipeline & Dam Infrastructure,HP,Himachal Pradesh,HP-SML,Shimla,742.4,355,372,2499.8,Approval,2021-01-07,2026-12-31,IN_PROGRESS,2023-01-10 10:00:00
LG-JH-0443,Port & Maritime Logistics - Bokaro Sector,Port & Maritime Logistics,JH,Jharkhand,JH-BKR,Bokaro,1381.4,781,615,4696.6,Notification,2023-05-10,2026-12-31,IN_PROGRESS,2023-01-10 10:00:00
LG-KA-0444,Highway Expansion - Belagavi Sector,Highway Expansion,KA,Karnataka,KA-BEL,Belagavi,1427.5,843,817,2727.0,Legal Resolution,2023-05-21,2026-12-31,IN_PROGRESS,2023-01-10 10:00:00
LG-KL-0445,Highway Expansion - Ernakulam (Kochi) Sector,Highway Expansion,KL,Kerala,KL-EKM,Ernakulam (Kochi),2378.2,758,645,6913.8,Objection/Hearing,2022-12-24,2026-12-31,IN_PROGRESS,2023-01-10 10:00:00
LG-MP-0446,Highway Expansion - Bhopal Sector,Highway Expansion,MP,Madhya Pradesh,MP-BPL,Bhopal,1900.0,1470,1323,5579.6,Land Identification,2021-11-18,2026-12-31,IN_PROGRESS,2023-01-10 10:00:00
LG-MH-0447,Highway Expansion - Thane Sector,Highway Expansion,MH,Maharashtra,MH-THN,Thane,86.1,90,84,104.2,Possession,2023-03-13,2026-12-31,IN_PROGRESS,2023-01-10 10:00:00
LG-MN-0448,Water Pipeline & Dam Infrastructure - Churachandpur Sector,Water Pipeline & Dam Infrastructure,MN,Manipur,MN-CBR,Churachandpur,746.8,696,628,1368.5,Legal Resolution,2023-03-18,2026-12-31,IN_PROGRESS,2023-01-10 10:00:00
LG-ML-0449,Urban Metro Rail - East Khasi Hills (Shillong) Sector,Urban Metro Rail,ML,Meghalaya,ML-SHL,East Khasi Hills (Shillong),2168.8,1606,1284,2562.6,Possession,2023-08-28,2026-12-31,IN_PROGRESS,2023-01-10 10:00:00
LG-MZ-0450,Port & Maritime Logistics - Lunglei Sector,Port & Maritime Logistics,MZ,Mizoram,MZ-LGL,Lunglei,2400.7,1229,1087,5051.3,R&R,2021-06-16,2026-12-31,IN_PROGRESS,2023-01-10 10:00:00
LG-NL-0451,Airport Expansion - Kohima Sector,Airport Expansion,NL,Nagaland,NL-KHM,Kohima,1028.5,583,509,1639.8,Final Handover,2022-07-10,2026-12-31,IN_PROGRESS,2023-01-10 10:00:00
LG-OD-0452,Industrial Park & SEZ - Cuttack Sector,Industrial Park & SEZ,OD,Odisha,OD-CTC,Cuttack,1202.7,1435,1007,3240.0,Approval,2024-11-22,2026-12-31,IN_PROGRESS,2023-01-10 10:00:00
LG-PB-0453,Port & Maritime Logistics - Jalandhar Sector,Port & Maritime Logistics,PB,Punjab,PB-JAL,Jalandhar,1580.0,1047,839,3572.0,Final Handover,2022-02-19,2026-12-31,IN_PROGRESS,2023-01-10 10:00:00
LG-RJ-0454,Industrial Park & SEZ - Jaipur Sector,Industrial Park & SEZ,RJ,Rajasthan,RJ-JPR,Jaipur,401.2,292,204,405.2,Land Identification,2021-10-08,2026-12-31,IN_PROGRESS,2023-01-10 10:00:00
LG-SK-0455,Industrial Park & SEZ - Namchi (South Sikkim) Sector,Industrial Park & SEZ,SK,Sikkim,SK-NAM,Namchi (South Sikkim),2107.7,1695,1518,6176.0,Final Handover,2021-09-04,2026-12-31,IN_PROGRESS,2023-01-10 10:00:00
LG-TN-0456,Urban Metro Rail - Madurai Sector,Urban Metro Rail,TN,Tamil Nadu,TN-MDU,Madurai,63.8,36,26,114.6,Notification,2023-10-27,2026-12-31,IN_PROGRESS,2023-01-10 10:00:00
LG-TS-0457,Highway Expansion - Hyderabad Sector,Highway Expansion,TS,Telangana,TS-HYD,Hyderabad,955.4,813,801,2584.6,Documentation,2021-09-27,2026-12-31,IN_PROGRESS,2023-01-10 10:00:00
LG-TR-0458,Port & Maritime Logistics - West Tripura (Agartala) Sector,Port & Maritime Logistics,TR,Tripura,TR-AGT,West Tripura (Agartala),1315.0,1507,1297,4026.3,Final Handover,2021-05-06,2026-12-31,IN_PROGRESS,2023-01-10 10:00:00
LG-UP-0459,Railway Line & Freight Corridor - Agra Sector,Railway Line & Freight Corridor,UP,Uttar Pradesh,UP-AGR,Agra,1437.2,1030,768,1501.2,Survey,2022-01-16,2026-12-31,IN_PROGRESS,2023-01-10 10:00:00
LG-UK-0460,Port & Maritime Logistics - Nainital Sector,Port & Maritime Logistics,UK,Uttarakhand,UK-NTL,Nainital,1064.3,1119,905,1423.9,Notification,2022-06-16,2026-12-31,IN_PROGRESS,2023-01-10 10:00:00
LG-WB-0461,Urban Metro Rail - Howrah Sector,Urban Metro Rail,WB,West Bengal,WB-HWR,Howrah,888.3,1040,957,2493.0,Notification,2021-07-05,2026-12-31,IN_PROGRESS,2023-01-10 10:00:00
LG-AN-0462,Highway Expansion - South Andaman (Port Blair) Sector,Highway Expansion,AN,Andaman and Nicobar Islands,AN-SND,South Andaman (Port Blair),438.9,319,266,1421.2,Documentation,2023-01-04,2026-12-31,IN_PROGRESS,2023-01-10 10:00:00
LG-CH-0463,Railway Line & Freight Corridor - Chandigarh Sector,Railway Line & Freight Corridor,CH,Chandigarh,CH-CHD,Chandigarh,1081.4,1077,1164,2035.2,Land Identification,2021-12-02,2026-12-31,IN_PROGRESS,2023-01-10 10:00:00
LG-DH-0464,Solar & Renewable Energy Park - Daman Sector,Solar & Renewable Energy Park,DH,Dadra and Nagar Haveli and Daman and Diu,DH-DMN,Daman,803.4,374,390,1589.7,Approval,2021-11-12,2026-12-31,IN_PROGRESS,2023-01-10 10:00:00
LG-DL-0465,Port & Maritime Logistics - East Delhi Sector,Port & Maritime Logistics,DL,Delhi,DL-EDL,East Delhi,2250.2,2335,2316,4379.8,Compensation,2023-12-30,2026-12-31,IN_PROGRESS,2023-01-10 10:00:00
LG-JK-0466,Solar & Renewable Energy Park - Srinagar Sector,Solar & Renewable Energy Park,JK,Jammu and Kashmir,JK-SGR,Srinagar,1116.7,676,650,2176.9,Notification,2022-09-30,2026-12-31,IN_PROGRESS,2023-01-10 10:00:00
LG-LA-0467,Water Pipeline & Dam Infrastructure - Kargil Sector,Water Pipeline & Dam Infrastructure,LA,Ladakh,LA-KRG,Kargil,78.4,69,66,152.1,Land Identification,2022-09-13,2026-12-31,IN_PROGRESS,2023-01-10 10:00:00
LG-LD-0468,Urban Metro Rail - Kavaratti Sector,Urban Metro Rail,LD,Lakshadweep,LD-KVT,Kavaratti,1311.5,1118,1172,2589.2,Legal Resolution,2022-07-31,2026-12-31,IN_PROGRESS,2023-01-10 10:00:00
LG-PY-0469,Railway Line & Freight Corridor - Puducherry Sector,Railway Line & Freight Corridor,PY,Puducherry,PY-PUD,Puducherry,925.2,308,306,1361.2,Survey,2024-01-01,2026-12-31,IN_PROGRESS,2023-01-10 10:00:00
LG-AP-0470,Railway Line & Freight Corridor - Krishna Sector,Railway Line & Freight Corridor,AP,Andhra Pradesh,AP-KRS,Krishna,985.7,1165,852,3256.8,Notification,2023-05-16,2026-12-31,IN_PROGRESS,2023-01-10 10:00:00
LG-AR-0471,Industrial Park & SEZ - Tawang Sector,Industrial Park & SEZ,AR,Arunachal Pradesh,AR-TWG,Tawang,728.3,658,619,2371.6,Final Handover,2022-08-07,2026-12-31,IN_PROGRESS,2023-01-10 10:00:00
LG-AS-0472,Airport Expansion - Jorhat Sector,Airport Expansion,AS,Assam,AS-JRH,Jorhat,1605.2,956,817,5314.3,Land Identification,2022-12-04,2026-12-31,IN_PROGRESS,2023-01-10 10:00:00
LG-BR-0473,Solar & Renewable Energy Park - Muzaffarpur Sector,Solar & Renewable Energy Park,BR,Bihar,BR-MZP,Muzaffarpur,765.0,446,432,673.1,Possession,2024-04-12,2026-12-31,IN_PROGRESS,2023-01-10 10:00:00
LG-CG-0474,Railway Line & Freight Corridor - Bilaspur Sector,Railway Line & Freight Corridor,CG,Chhattisgarh,CG-BLS,Bilaspur,1448.3,667,509,4199.1,Compensation,2024-02-01,2026-12-31,IN_PROGRESS,2023-01-10 10:00:00
LG-GA-0475,Solar & Renewable Energy Park - South Goa Sector,Solar & Renewable Energy Park,GA,Goa,GA-SGO,South Goa,58.2,60,60,149.7,Final Handover,2021-07-21,2026-12-31,IN_PROGRESS,2023-01-10 10:00:00
LG-GJ-0476,Urban Metro Rail - Rajkot Sector,Urban Metro Rail,GJ,Gujarat,GJ-RJK,Rajkot,2133.3,949,804,6744.5,Documentation,2023-08-26,2026-12-31,IN_PROGRESS,2023-01-10 10:00:00
LG-HR-0477,Urban Metro Rail - Faridabad Sector,Urban Metro Rail,HR,Haryana,HR-FDB,Faridabad,1182.4,1378,968,1049.1,Final Handover,2023-04-13,2026-12-31,IN_PROGRESS,2023-01-10 10:00:00
LG-HP-0478,Water Pipeline & Dam Infrastructure - Kangra Sector,Water Pipeline & Dam Infrastructure,HP,Himachal Pradesh,HP-KNG,Kangra,1100.0,452,342,1659.6,Possession,2021-08-17,2026-12-31,IN_PROGRESS,2023-01-10 10:00:00
LG-JH-0479,Solar & Renewable Energy Park - Bokaro Sector,Solar & Renewable Energy Park,JH,Jharkhand,JH-BKR,Bokaro,1442.2,1204,1209,1730.2,Notification,2021-02-23,2026-12-31,IN_PROGRESS,2023-01-10 10:00:00
LG-KA-0480,Solar & Renewable Energy Park - Belagavi Sector,Solar & Renewable Energy Park,KA,Karnataka,KA-BEL,Belagavi,1610.1,523,410,2605.1,Possession,2021-01-25,2026-12-31,IN_PROGRESS,2023-01-10 10:00:00
LG-KL-0481,Industrial Park & SEZ - Thrissur Sector,Industrial Park & SEZ,KL,Kerala,KL-TCR,Thrissur,1235.8,793,767,1204.7,Approval,2022-09-26,2026-12-31,IN_PROGRESS,2023-01-10 10:00:00
LG-MP-0482,Railway Line & Freight Corridor - Jabalpur Sector,Railway Line & Freight Corridor,MP,Madhya Pradesh,MP-JBP,Jabalpur,715.1,833,865,1610.3,Survey,2021-04-25,2026-12-31,IN_PROGRESS,2023-01-10 10:00:00
LG-MH-0483,Solar & Renewable Energy Park - Pune Sector,Solar & Renewable Energy Park,MH,Maharashtra,MH-PUN,Pune,199.1,100,93,471.8,Legal Resolution,2021-07-21,2026-12-31,IN_PROGRESS,2023-01-10 10:00:00
LG-MN-0484,Urban Metro Rail - Churachandpur Sector,Urban Metro Rail,MN,Manipur,MN-CBR,Churachandpur,1492.9,1300,1302,5193.9,Notification,2023-04-14,2026-12-31,IN_PROGRESS,2023-01-10 10:00:00
LG-ML-0485,Water Pipeline & Dam Infrastructure - West Garo Hills (Tura) Sector,Water Pipeline & Dam Infrastructure,ML,Meghalaya,ML-TUA,West Garo Hills (Tura),1264.7,582,584,3309.8,Survey,2023-06-27,2026-12-31,IN_PROGRESS,2023-01-10 10:00:00
LG-MZ-0486,Industrial Park & SEZ - Aizawl Sector,Industrial Park & SEZ,MZ,Mizoram,MZ-AIZ,Aizawl,1544.8,681,737,5328.2,Final Handover,2024-05-04,2026-12-31,IN_PROGRESS,2023-01-10 10:00:00
LG-NL-0487,Highway Expansion - Dimapur Sector,Highway Expansion,NL,Nagaland,NL-DMP,Dimapur,2423.3,1498,1531,8317.9,Notification,2021-02-09,2026-12-31,IN_PROGRESS,2023-01-10 10:00:00
LG-OD-0488,Water Pipeline & Dam Infrastructure - Ganjam Sector,Water Pipeline & Dam Infrastructure,OD,Odisha,OD-GJM,Ganjam,2382.5,2744,2778,4415.2,Legal Resolution,2022-05-27,2026-12-31,IN_PROGRESS,2023-01-10 10:00:00
LG-PB-0489,Industrial Park & SEZ - SAS Nagar (Mohali) Sector,Industrial Park & SEZ,PB,Punjab,PB-SAS,SAS Nagar (Mohali),2191.2,1820,1691,5076.9,Legal Resolution,2022-05-18,2026-12-31,IN_PROGRESS,2023-01-10 10:00:00
LG-RJ-0490,Solar & Renewable Energy Park - Udaipur Sector,Solar & Renewable Energy Park,RJ,Rajasthan,RJ-UDP,Udaipur,1528.9,1742,1317,3874.3,Compensation,2023-03-23,2026-12-31,IN_PROGRESS,2023-01-10 10:00:00
LG-SK-0491,Industrial Park & SEZ - Gangtok (East Sikkim) Sector,Industrial Park & SEZ,SK,Sikkim,SK-GNT,Gangtok (East Sikkim),2006.5,2130,1565,6602.9,Possession,2024-08-24,2026-12-31,IN_PROGRESS,2023-01-10 10:00:00
LG-TN-0492,Airport Expansion - Chennai Sector,Airport Expansion,TN,Tamil Nadu,TN-CHE,Chennai,1458.1,445,458,1240.8,Approval,2022-10-23,2026-12-31,IN_PROGRESS,2023-01-10 10:00:00
LG-TS-0493,Port & Maritime Logistics - Ranga Reddy Sector,Port & Maritime Logistics,TS,Telangana,TS-RNG,Ranga Reddy,2388.9,1420,1173,3395.3,Approval,2022-02-18,2026-12-31,IN_PROGRESS,2023-01-10 10:00:00
LG-TR-0494,Railway Line & Freight Corridor - West Tripura (Agartala) Sector,Railway Line & Freight Corridor,TR,Tripura,TR-AGT,West Tripura (Agartala),2424.6,1833,1707,5320.9,Documentation,2022-03-06,2026-12-31,IN_PROGRESS,2023-01-10 10:00:00
LG-UP-0495,Airport Expansion - Varanasi Sector,Airport Expansion,UP,Uttar Pradesh,UP-VNS,Varanasi,2405.8,938,791,3938.2,Survey,2023-06-09,2026-12-31,IN_PROGRESS,2023-01-10 10:00:00
LG-UK-0496,Industrial Park & SEZ - Dehradun Sector,Industrial Park & SEZ,UK,Uttarakhand,UK-DHR,Dehradun,1752.9,1728,1251,5199.8,Final Handover,2022-08-24,2026-12-31,IN_PROGRESS,2023-01-10 10:00:00
LG-WB-0497,Highway Expansion - Howrah Sector,Highway Expansion,WB,West Bengal,WB-HWR,Howrah,1969.0,1178,1243,1757.1,Documentation,2023-04-15,2026-12-31,IN_PROGRESS,2023-01-10 10:00:00
LG-AN-0498,Highway Expansion - South Andaman (Port Blair) Sector,Highway Expansion,AN,Andaman and Nicobar Islands,AN-SND,South Andaman (Port Blair),813.0,587,622,931.8,Final Handover,2024-01-11,2026-12-31,IN_PROGRESS,2023-01-10 10:00:00
LG-CH-0499,Solar & Renewable Energy Park - Chandigarh Sector,Solar & Renewable Energy Park,CH,Chandigarh,CH-CHD,Chandigarh,855.1,1006,973,1884.4,Possession,2022-07-01,2026-12-31,IN_PROGRESS,2023-01-10 10:00:00
LG-DH-0500,Highway Expansion - Silvassa Sector,Highway Expansion,DH,Dadra and Nagar Haveli and Daman and Diu,DH-SLV,Silvassa,1451.6,1067,893,3625.4,Possession,2023-04-11,2026-12-31,IN_PROGRESS,2023-01-10 10:00:00
LG-DL-0501,Port & Maritime Logistics - New Delhi Sector,Port & Maritime Logistics,DL,Delhi,DL-NDL,New Delhi,1095.0,353,323,1155.6,Legal Resolution,2021-08-16,2026-12-31,IN_PROGRESS,2023-01-10 10:00:00
LG-JK-0502,Highway Expansion - Srinagar Sector,Highway Expansion,JK,Jammu and Kashmir,JK-SGR,Srinagar,536.8,520,473,1559.9,Possession,2023-12-23,2026-12-31,IN_PROGRESS,2023-01-10 10:00:00
LG-LA-0503,Airport Expansion - Kargil Sector,Airport Expansion,LA,Ladakh,LA-KRG,Kargil,2239.7,1615,1218,7464.9,Land Identification,2021-06-03,2026-12-31,IN_PROGRESS,2023-01-10 10:00:00
LG-LD-0504,Urban Metro Rail - Kavaratti Sector,Urban Metro Rail,LD,Lakshadweep,LD-KVT,Kavaratti,2094.1,761,825,3237.0,Compensation,2021-09-10,2026-12-31,IN_PROGRESS,2023-01-10 10:00:00
LG-PY-0505,Industrial Park & SEZ - Karaikal Sector,Industrial Park & SEZ,PY,Puducherry,PY-KKL,Karaikal,222.5,262,278,383.1,Notification,2021-03-25,2026-12-31,IN_PROGRESS,2023-01-10 10:00:00
LG-AP-0506,Airport Expansion - Kurnool Sector,Airport Expansion,AP,Andhra Pradesh,AP-KRN,Kurnool,188.8,74,74,580.4,Notification,2022-05-31,2026-12-31,IN_PROGRESS,2023-01-10 10:00:00
LG-AR-0507,Airport Expansion - Changlang Sector,Airport Expansion,AR,Arunachal Pradesh,AR-CGL,Changlang,153.1,60,62,388.1,Survey,2024-03-24,2026-12-31,IN_PROGRESS,2023-01-10 10:00:00
LG-AS-0508,Airport Expansion - Jorhat Sector,Airport Expansion,AS,Assam,AS-JRH,Jorhat,1689.2,545,505,1461.5,Objection/Hearing,2021-07-22,2026-12-31,IN_PROGRESS,2023-01-10 10:00:00
LG-BR-0509,Industrial Park & SEZ - Muzaffarpur Sector,Industrial Park & SEZ,BR,Bihar,BR-MZP,Muzaffarpur,563.0,559,513,939.7,Compensation,2022-12-15,2026-12-31,IN_PROGRESS,2023-01-10 10:00:00
LG-CG-0510,Urban Metro Rail - Korba Sector,Urban Metro Rail,CG,Chhattisgarh,CG-KRB,Korba,698.5,654,549,2078.7,Objection/Hearing,2021-11-23,2026-12-31,IN_PROGRESS,2023-01-10 10:00:00
LG-GA-0511,Industrial Park & SEZ - South Goa Sector,Industrial Park & SEZ,GA,Goa,GA-SGO,South Goa,1803.9,1406,1207,5930.1,Survey,2022-08-25,2026-12-31,IN_PROGRESS,2023-01-10 10:00:00
LG-GJ-0512,Urban Metro Rail - Vadodara Sector,Urban Metro Rail,GJ,Gujarat,GJ-VDR,Vadodara,2413.2,2586,2310,4790.6,R&R,2024-02-03,2026-12-31,IN_PROGRESS,2023-01-10 10:00:00
LG-HR-0513,Railway Line & Freight Corridor - Panchkula Sector,Railway Line & Freight Corridor,HR,Haryana,HR-PKL,Panchkula,2397.3,1009,1053,8301.6,Approval,2024-01-08,2026-12-31,IN_PROGRESS,2023-01-10 10:00:00
LG-HP-0514,Airport Expansion - Kangra Sector,Airport Expansion,HP,Himachal Pradesh,HP-KNG,Kangra,208.4,249,176,419.1,Final Handover,2021-04-28,2026-12-31,IN_PROGRESS,2023-01-10 10:00:00
LG-JH-0515,Port & Maritime Logistics - Dhanbad Sector,Port & Maritime Logistics,JH,Jharkhand,JH-DHN,Dhanbad,619.8,631,569,1177.2,R&R,2024-10-27,2026-12-31,IN_PROGRESS,2023-01-10 10:00:00
LG-KA-0516,Port & Maritime Logistics - Bengaluru Urban Sector,Port & Maritime Logistics,KA,Karnataka,KA-BLR,Bengaluru Urban,268.3,308,286,902.1,Compensation,2023-04-15,2026-12-31,IN_PROGRESS,2023-01-10 10:00:00
LG-KL-0517,Solar & Renewable Energy Park - Thiruvananthapuram Sector,Solar & Renewable Energy Park,KL,Kerala,KL-TVM,Thiruvananthapuram,100.0,84,91,96.0,Objection/Hearing,2021-07-15,2026-12-31,IN_PROGRESS,2023-01-10 10:00:00
LG-MP-0518,Port & Maritime Logistics - Indore Sector,Port & Maritime Logistics,MP,Madhya Pradesh,MP-IND,Indore,1456.3,1605,1576,4623.9,Documentation,2023-11-06,2026-12-31,IN_PROGRESS,2023-01-10 10:00:00
LG-MH-0519,Water Pipeline & Dam Infrastructure - Mumbai Suburban Sector,Water Pipeline & Dam Infrastructure,MH,Maharashtra,MH-MUM,Mumbai Suburban,523.2,230,217,895.2,Legal Resolution,2024-09-10,2026-12-31,IN_PROGRESS,2023-01-10 10:00:00
LG-MN-0520,Railway Line & Freight Corridor - Imphal East Sector,Railway Line & Freight Corridor,MN,Manipur,MN-IMP,Imphal East,1675.6,986,898,3942.2,R&R,2023-12-05,2026-12-31,IN_PROGRESS,2023-01-10 10:00:00
LG-ML-0521,Solar & Renewable Energy Park - West Garo Hills (Tura) Sector,Solar & Renewable Energy Park,ML,Meghalaya,ML-TUA,West Garo Hills (Tura),1938.6,1800,1639,1768.8,Survey,2022-09-21,2026-12-31,IN_PROGRESS,2023-01-10 10:00:00
LG-MZ-0522,Urban Metro Rail - Aizawl Sector,Urban Metro Rail,MZ,Mizoram,MZ-AIZ,Aizawl,291.7,336,355,794.4,Survey,2022-02-21,2026-12-31,IN_PROGRESS,2023-01-10 10:00:00
LG-NL-0523,Airport Expansion - Dimapur Sector,Airport Expansion,NL,Nagaland,NL-DMP,Dimapur,1717.0,1612,1710,2809.5,Final Handover,2022-07-13,2026-12-31,IN_PROGRESS,2023-01-10 10:00:00
LG-OD-0524,Water Pipeline & Dam Infrastructure - Cuttack Sector,Water Pipeline & Dam Infrastructure,OD,Odisha,OD-CTC,Cuttack,212.9,166,127,595.7,Final Handover,2024-11-24,2026-12-31,IN_PROGRESS,2023-01-10 10:00:00
LG-PB-0525,Industrial Park & SEZ - SAS Nagar (Mohali) Sector,Industrial Park & SEZ,PB,Punjab,PB-SAS,SAS Nagar (Mohali),254.8,235,170,503.8,Objection/Hearing,2023-06-17,2026-12-31,IN_PROGRESS,2023-01-10 10:00:00
LG-RJ-0526,Solar & Renewable Energy Park - Jodhpur Sector,Solar & Renewable Energy Park,RJ,Rajasthan,RJ-JHD,Jodhpur,1288.7,647,615,2199.7,Legal Resolution,2021-02-21,2026-12-31,IN_PROGRESS,2023-01-10 10:00:00
LG-SK-0527,Railway Line & Freight Corridor - Gangtok (East Sikkim) Sector,Railway Line & Freight Corridor,SK,Sikkim,SK-GNT,Gangtok (East Sikkim),1726.6,527,369,1653.6,Compensation,2024-03-07,2026-12-31,IN_PROGRESS,2023-01-10 10:00:00
LG-TN-0528,Port & Maritime Logistics - Madurai Sector,Port & Maritime Logistics,TN,Tamil Nadu,TN-MDU,Madurai,2451.3,2140,1908,7908.3,Legal Resolution,2024-01-04,2026-12-31,IN_PROGRESS,2023-01-10 10:00:00
LG-TS-0529,Industrial Park & SEZ - Khammam Sector,Industrial Park & SEZ,TS,Telangana,TS-KHM,Khammam,2108.3,1302,1401,4083.9,Compensation,2023-08-02,2026-12-31,IN_PROGRESS,2023-01-10 10:00:00
LG-TR-0530,Port & Maritime Logistics - Gomati Sector,Port & Maritime Logistics,TR,Tripura,TR-GMA,Gomati,1627.8,801,605,1779.8,Final Handover,2023-07-16,2026-12-31,IN_PROGRESS,2023-01-10 10:00:00
LG-UP-0531,Industrial Park & SEZ - Agra Sector,Industrial Park & SEZ,UP,Uttar Pradesh,UP-AGR,Agra,1621.0,1325,1351,1956.3,Objection/Hearing,2023-08-18,2026-12-31,IN_PROGRESS,2023-01-10 10:00:00
LG-UK-0532,Port & Maritime Logistics - Dehradun Sector,Port & Maritime Logistics,UK,Uttarakhand,UK-DHR,Dehradun,2332.3,1448,1444,7898.3,Notification,2021-05-16,2026-12-31,IN_PROGRESS,2023-01-10 10:00:00
LG-WB-0533,Railway Line & Freight Corridor - North 24 Parganas Sector,Railway Line & Freight Corridor,WB,West Bengal,WB-24P,North 24 Parganas,1676.5,724,635,4761.8,Documentation,2023-02-20,2026-12-31,IN_PROGRESS,2023-01-10 10:00:00
LG-AN-0534,Railway Line & Freight Corridor - South Andaman (Port Blair) Sector,Railway Line & Freight Corridor,AN,Andaman and Nicobar Islands,AN-SND,South Andaman (Port Blair),2482.6,2512,2430,8431.5,Objection/Hearing,2022-08-22,2026-12-31,IN_PROGRESS,2023-01-10 10:00:00
LG-CH-0535,Urban Metro Rail - Chandigarh Sector,Urban Metro Rail,CH,Chandigarh,CH-CHD,Chandigarh,1766.3,948,1041,3022.7,Notification,2024-09-06,2026-12-31,IN_PROGRESS,2023-01-10 10:00:00
LG-DH-0536,Port & Maritime Logistics - Silvassa Sector,Port & Maritime Logistics,DH,Dadra and Nagar Haveli and Daman and Diu,DH-SLV,Silvassa,374.2,228,183,494.3,Notification,2022-07-01,2026-12-31,IN_PROGRESS,2023-01-10 10:00:00
LG-DL-0537,Railway Line & Freight Corridor - New Delhi Sector,Railway Line & Freight Corridor,DL,Delhi,DL-NDL,New Delhi,73.6,22,22,231.8,Possession,2021-05-25,2026-12-31,IN_PROGRESS,2023-01-10 10:00:00
LG-JK-0538,Urban Metro Rail - Srinagar Sector,Urban Metro Rail,JK,Jammu and Kashmir,JK-SGR,Srinagar,172.5,64,53,384.5,Legal Resolution,2022-02-09,2026-12-31,IN_PROGRESS,2023-01-10 10:00:00
LG-LA-0539,Railway Line & Freight Corridor - Leh Sector,Railway Line & Freight Corridor,LA,Ladakh,LA-LEH,Leh,511.1,543,544,723.1,Compensation,2024-07-25,2026-12-31,IN_PROGRESS,2023-01-10 10:00:00
LG-LD-0540,Railway Line & Freight Corridor - Kavaratti Sector,Railway Line & Freight Corridor,LD,Lakshadweep,LD-KVT,Kavaratti,1701.4,1886,1656,5850.0,Final Handover,2021-06-30,2026-12-31,IN_PROGRESS,2023-01-10 10:00:00
LG-PY-0541,Airport Expansion - Karaikal Sector,Airport Expansion,PY,Puducherry,PY-KKL,Karaikal,1189.1,850,908,3669.0,Compensation,2023-08-08,2026-12-31,IN_PROGRESS,2023-01-10 10:00:00
LG-AP-0542,Water Pipeline & Dam Infrastructure - Kurnool Sector,Water Pipeline & Dam Infrastructure,AP,Andhra Pradesh,AP-KRN,Kurnool,417.3,251,177,775.8,Notification,2024-01-31,2026-12-31,IN_PROGRESS,2023-01-10 10:00:00
LG-AR-0543,Urban Metro Rail - Tawang Sector,Urban Metro Rail,AR,Arunachal Pradesh,AR-TWG,Tawang,1070.0,333,274,1314.2,Final Handover,2022-09-29,2026-12-31,IN_PROGRESS,2023-01-10 10:00:00
LG-AS-0544,Port & Maritime Logistics - Dibrugarh Sector,Port & Maritime Logistics,AS,Assam,AS-DBR,Dibrugarh,1603.0,1781,1585,2496.6,Objection/Hearing,2024-03-28,2026-12-31,IN_PROGRESS,2023-01-10 10:00:00
LG-BR-0545,Railway Line & Freight Corridor - Muzaffarpur Sector,Railway Line & Freight Corridor,BR,Bihar,BR-MZP,Muzaffarpur,1346.6,964,1022,4520.9,Notification,2021-05-18,2026-12-31,IN_PROGRESS,2023-01-10 10:00:00
LG-CG-0546,Urban Metro Rail - Bilaspur Sector,Urban Metro Rail,CG,Chhattisgarh,CG-BLS,Bilaspur,2396.4,2007,1501,6662.6,Approval,2023-12-09,2026-12-31,IN_PROGRESS,2023-01-10 10:00:00
LG-GA-0547,Industrial Park & SEZ - South Goa Sector,Industrial Park & SEZ,GA,Goa,GA-SGO,South Goa,1504.9,1478,1098,2315.4,Notification,2022-02-10,2026-12-31,IN_PROGRESS,2023-01-10 10:00:00
LG-GJ-0548,Solar & Renewable Energy Park - Ahmedabad Sector,Solar & Renewable Energy Park,GJ,Gujarat,GJ-AMD,Ahmedabad,843.8,827,591,1840.8,Documentation,2023-10-15,2026-12-31,IN_PROGRESS,2023-01-10 10:00:00
LG-HR-0549,Airport Expansion - Karnal Sector,Airport Expansion,HR,Haryana,HR-KRN,Karnal,1751.7,1389,1022,2381.6,Documentation,2021-08-25,2026-12-31,IN_PROGRESS,2023-01-10 10:00:00
LG-HP-0550,Airport Expansion - Mandi Sector,Airport Expansion,HP,Himachal Pradesh,HP-MND,Mandi,97.2,96,86,253.5,Compensation,2024-02-01,2026-12-31,IN_PROGRESS,2023-01-10 10:00:00
LG-JH-0551,Solar & Renewable Energy Park - Dhanbad Sector,Solar & Renewable Energy Park,JH,Jharkhand,JH-DHN,Dhanbad,1412.8,1073,819,1899.2,Possession,2022-06-09,2026-12-31,IN_PROGRESS,2023-01-10 10:00:00
LG-KA-0552,Urban Metro Rail - Dakshina Kannada (Mangaluru) Sector,Urban Metro Rail,KA,Karnataka,KA-DKN,Dakshina Kannada (Mangaluru),2222.3,2302,1943,2104.1,Final Handover,2022-04-16,2026-12-31,IN_PROGRESS,2023-01-10 10:00:00
LG-KL-0553,Urban Metro Rail - Kozhikode Sector,Urban Metro Rail,KL,Kerala,KL-CLT,Kozhikode,240.3,95,66,212.5,Land Identification,2021-01-23,2026-12-31,IN_PROGRESS,2023-01-10 10:00:00
LG-MP-0554,Solar & Renewable Energy Park - Bhopal Sector,Solar & Renewable Energy Park,MP,Madhya Pradesh,MP-BPL,Bhopal,397.5,282,302,1373.3,Approval,2021-09-04,2026-12-31,IN_PROGRESS,2023-01-10 10:00:00
LG-MH-0555,Railway Line & Freight Corridor - Pune Sector,Railway Line & Freight Corridor,MH,Maharashtra,MH-PUN,Pune,1024.0,655,468,2014.9,Legal Resolution,2023-04-25,2026-12-31,IN_PROGRESS,2023-01-10 10:00:00
LG-MN-0556,Highway Expansion - Churachandpur Sector,Highway Expansion,MN,Manipur,MN-CBR,Churachandpur,2489.8,845,781,7753.0,R&R,2024-12-10,2026-12-31,IN_PROGRESS,2023-01-10 10:00:00
LG-ML-0557,Water Pipeline & Dam Infrastructure - West Garo Hills (Tura) Sector,Water Pipeline & Dam Infrastructure,ML,Meghalaya,ML-TUA,West Garo Hills (Tura),2459.6,2436,1849,6434.7,Legal Resolution,2024-10-15,2026-12-31,IN_PROGRESS,2023-01-10 10:00:00
LG-MZ-0558,Industrial Park & SEZ - Lunglei Sector,Industrial Park & SEZ,MZ,Mizoram,MZ-LGL,Lunglei,2135.2,1743,1901,6275.7,Compensation,2021-06-17,2026-12-31,IN_PROGRESS,2023-01-10 10:00:00
LG-NL-0559,Airport Expansion - Dimapur Sector,Airport Expansion,NL,Nagaland,NL-DMP,Dimapur,586.7,361,311,1659.9,Survey,2022-04-08,2026-12-31,IN_PROGRESS,2023-01-10 10:00:00
LG-OD-0560,Highway Expansion - Cuttack Sector,Highway Expansion,OD,Odisha,OD-CTC,Cuttack,89.7,50,39,272.2,Final Handover,2021-05-27,2026-12-31,IN_PROGRESS,2023-01-10 10:00:00
LG-PB-0561,Water Pipeline & Dam Infrastructure - Ludhiana Sector,Water Pipeline & Dam Infrastructure,PB,Punjab,PB-LDH,Ludhiana,2443.7,1832,1539,3642.6,Legal Resolution,2023-02-25,2026-12-31,IN_PROGRESS,2023-01-10 10:00:00
LG-RJ-0562,Water Pipeline & Dam Infrastructure - Jaipur Sector,Water Pipeline & Dam Infrastructure,RJ,Rajasthan,RJ-JPR,Jaipur,980.6,591,556,2027.0,Objection/Hearing,2022-09-27,2026-12-31,IN_PROGRESS,2023-01-10 10:00:00
LG-SK-0563,Water Pipeline & Dam Infrastructure - Gangtok (East Sikkim) Sector,Water Pipeline & Dam Infrastructure,SK,Sikkim,SK-GNT,Gangtok (East Sikkim),476.1,336,349,432.1,Possession,2022-11-10,2026-12-31,IN_PROGRESS,2023-01-10 10:00:00
LG-TN-0564,Railway Line & Freight Corridor - Chennai Sector,Railway Line & Freight Corridor,TN,Tamil Nadu,TN-CHE,Chennai,452.9,189,206,1102.4,Land Identification,2023-06-17,2026-12-31,IN_PROGRESS,2023-01-10 10:00:00
LG-TS-0565,Industrial Park & SEZ - Ranga Reddy Sector,Industrial Park & SEZ,TS,Telangana,TS-RNG,Ranga Reddy,346.5,154,142,899.0,Legal Resolution,2024-09-13,2026-12-31,IN_PROGRESS,2023-01-10 10:00:00
LG-TR-0566,Railway Line & Freight Corridor - West Tripura (Agartala) Sector,Railway Line & Freight Corridor,TR,Tripura,TR-AGT,West Tripura (Agartala),1335.2,720,656,2161.7,Documentation,2022-10-17,2026-12-31,IN_PROGRESS,2023-01-10 10:00:00
LG-UP-0567,Water Pipeline & Dam Infrastructure - Lucknow Sector,Water Pipeline & Dam Infrastructure,UP,Uttar Pradesh,UP-LKO,Lucknow,1307.8,1554,1439,1918.7,Compensation,2024-07-05,2026-12-31,IN_PROGRESS,2023-01-10 10:00:00
LG-UK-0568,Industrial Park & SEZ - Nainital Sector,Industrial Park & SEZ,UK,Uttarakhand,UK-NTL,Nainital,641.3,493,443,643.0,Possession,2021-03-05,2026-12-31,IN_PROGRESS,2023-01-10 10:00:00
LG-WB-0569,Water Pipeline & Dam Infrastructure - North 24 Parganas Sector,Water Pipeline & Dam Infrastructure,WB,West Bengal,WB-24P,North 24 Parganas,875.8,807,879,1960.4,Possession,2024-07-17,2026-12-31,IN_PROGRESS,2023-01-10 10:00:00
LG-AN-0570,Solar & Renewable Energy Park - South Andaman (Port Blair) Sector,Solar & Renewable Energy Park,AN,Andaman and Nicobar Islands,AN-SND,South Andaman (Port Blair),1514.5,1367,1059,3718.5,Documentation,2024-11-10,2026-12-31,IN_PROGRESS,2023-01-10 10:00:00
LG-CH-0571,Port & Maritime Logistics - Chandigarh Sector,Port & Maritime Logistics,CH,Chandigarh,CH-CHD,Chandigarh,651.8,479,387,1521.4,R&R,2022-12-01,2026-12-31,IN_PROGRESS,2023-01-10 10:00:00
LG-DH-0572,Solar & Renewable Energy Park - Daman Sector,Solar & Renewable Energy Park,DH,Dadra and Nagar Haveli and Daman and Diu,DH-DMN,Daman,174.9,119,130,421.0,Legal Resolution,2023-06-15,2026-12-31,IN_PROGRESS,2023-01-10 10:00:00
LG-DL-0573,Solar & Renewable Energy Park - South Delhi Sector,Solar & Renewable Energy Park,DL,Delhi,DL-SDL,South Delhi,746.3,385,303,1813.4,Notification,2024-02-06,2026-12-31,IN_PROGRESS,2023-01-10 10:00:00
LG-JK-0574,Railway Line & Freight Corridor - Srinagar Sector,Railway Line & Freight Corridor,JK,Jammu and Kashmir,JK-SGR,Srinagar,653.2,434,345,1597.7,Documentation,2022-03-28,2026-12-31,IN_PROGRESS,2023-01-10 10:00:00
LG-LA-0575,Highway Expansion - Kargil Sector,Highway Expansion,LA,Ladakh,LA-KRG,Kargil,1376.1,749,788,2927.1,R&R,2022-12-03,2026-12-31,IN_PROGRESS,2023-01-10 10:00:00
LG-LD-0576,Highway Expansion - Kavaratti Sector,Highway Expansion,LD,Lakshadweep,LD-KVT,Kavaratti,1731.9,1397,1338,1688.0,Land Identification,2023-03-08,2026-12-31,IN_PROGRESS,2023-01-10 10:00:00
LG-PY-0577,Highway Expansion - Puducherry Sector,Highway Expansion,PY,Puducherry,PY-PUD,Puducherry,2448.9,1538,1544,2554.0,Documentation,2021-07-09,2026-12-31,IN_PROGRESS,2023-01-10 10:00:00
LG-AP-0578,Industrial Park & SEZ - Krishna Sector,Industrial Park & SEZ,AP,Andhra Pradesh,AP-KRS,Krishna,756.2,546,474,947.8,Land Identification,2022-02-05,2026-12-31,IN_PROGRESS,2023-01-10 10:00:00
LG-AR-0579,Highway Expansion - Papum Pare Sector,Highway Expansion,AR,Arunachal Pradesh,AR-ITN,Papum Pare,1014.8,456,404,3131.3,Approval,2024-06-01,2026-12-31,IN_PROGRESS,2023-01-10 10:00:00
LG-AS-0580,Water Pipeline & Dam Infrastructure - Jorhat Sector,Water Pipeline & Dam Infrastructure,AS,Assam,AS-JRH,Jorhat,2407.2,2765,2326,5861.3,Compensation,2022-05-30,2026-12-31,IN_PROGRESS,2023-01-10 10:00:00
LG-BR-0581,Urban Metro Rail - Patna Sector,Urban Metro Rail,BR,Bihar,BR-PAT,Patna,1117.1,977,741,3503.3,Documentation,2024-08-22,2026-12-31,IN_PROGRESS,2023-01-10 10:00:00
LG-CG-0582,Port & Maritime Logistics - Raipur Sector,Port & Maritime Logistics,CG,Chhattisgarh,CG-RPR,Raipur,1189.5,770,740,2343.5,Possession,2022-08-26,2026-12-31,IN_PROGRESS,2023-01-10 10:00:00
LG-GA-0583,Airport Expansion - South Goa Sector,Airport Expansion,GA,Goa,GA-SGO,South Goa,868.4,739,619,1460.4,Objection/Hearing,2021-04-15,2026-12-31,IN_PROGRESS,2023-01-10 10:00:00
LG-GJ-0584,Urban Metro Rail - Surat Sector,Urban Metro Rail,GJ,Gujarat,GJ-SRT,Surat,278.3,179,153,254.1,Notification,2021-01-25,2026-12-31,IN_PROGRESS,2023-01-10 10:00:00
LG-HR-0585,Water Pipeline & Dam Infrastructure - Faridabad Sector,Water Pipeline & Dam Infrastructure,HR,Haryana,HR-FDB,Faridabad,329.9,297,304,569.2,Objection/Hearing,2023-08-19,2026-12-31,IN_PROGRESS,2023-01-10 10:00:00
LG-HP-0586,Airport Expansion - Kangra Sector,Airport Expansion,HP,Himachal Pradesh,HP-KNG,Kangra,175.7,146,149,262.8,Documentation,2024-02-11,2026-12-31,IN_PROGRESS,2023-01-10 10:00:00
LG-JH-0587,Port & Maritime Logistics - Ranchi Sector,Port & Maritime Logistics,JH,Jharkhand,JH-RNC,Ranchi,2319.0,814,701,4561.1,Compensation,2023-08-28,2026-12-31,IN_PROGRESS,2023-01-10 10:00:00
LG-KA-0588,Airport Expansion - Dakshina Kannada (Mangaluru) Sector,Airport Expansion,KA,Karnataka,KA-DKN,Dakshina Kannada (Mangaluru),2140.3,835,611,5973.7,Documentation,2024-01-12,2026-12-31,IN_PROGRESS,2023-01-10 10:00:00
LG-KL-0589,Highway Expansion - Thiruvananthapuram Sector,Highway Expansion,KL,Kerala,KL-TVM,Thiruvananthapuram,1555.2,1616,1255,1957.7,Compensation,2023-10-02,2026-12-31,IN_PROGRESS,2023-01-10 10:00:00
LG-MP-0590,Industrial Park & SEZ - Jabalpur Sector,Industrial Park & SEZ,MP,Madhya Pradesh,MP-JBP,Jabalpur,1752.5,1803,1520,3809.9,Notification,2024-08-31,2026-12-31,IN_PROGRESS,2023-01-10 10:00:00
LG-MH-0591,Port & Maritime Logistics - Nagpur Sector,Port & Maritime Logistics,MH,Maharashtra,MH-NGP,Nagpur,1734.9,1424,1406,3427.1,Survey,2024-08-12,2026-12-31,IN_PROGRESS,2023-01-10 10:00:00
LG-MN-0592,Water Pipeline & Dam Infrastructure - Churachandpur Sector,Water Pipeline & Dam Infrastructure,MN,Manipur,MN-CBR,Churachandpur,1662.9,1093,1075,2783.1,Documentation,2022-11-01,2026-12-31,IN_PROGRESS,2023-01-10 10:00:00
LG-ML-0593,Urban Metro Rail - West Garo Hills (Tura) Sector,Urban Metro Rail,ML,Meghalaya,ML-TUA,West Garo Hills (Tura),1815.9,1227,1237,4549.1,Objection/Hearing,2024-06-13,2026-12-31,IN_PROGRESS,2023-01-10 10:00:00
LG-MZ-0594,Water Pipeline & Dam Infrastructure - Lunglei Sector,Water Pipeline & Dam Infrastructure,MZ,Mizoram,MZ-LGL,Lunglei,159.1,95,81,396.6,Survey,2023-08-30,2026-12-31,IN_PROGRESS,2023-01-10 10:00:00
LG-NL-0595,Urban Metro Rail - Dimapur Sector,Urban Metro Rail,NL,Nagaland,NL-DMP,Dimapur,1022.6,702,760,3033.5,Notification,2024-01-02,2026-12-31,IN_PROGRESS,2023-01-10 10:00:00
LG-OD-0596,Industrial Park & SEZ - Sundargarh (Rourkela) Sector,Industrial Park & SEZ,OD,Odisha,OD-SNG,Sundargarh (Rourkela),1385.4,665,647,1406.4,Final Handover,2022-05-18,2026-12-31,IN_PROGRESS,2023-01-10 10:00:00
LG-PB-0597,Railway Line & Freight Corridor - Ludhiana Sector,Railway Line & Freight Corridor,PB,Punjab,PB-LDH,Ludhiana,2457.9,2669,2778,1988.4,Approval,2021-05-16,2026-12-31,IN_PROGRESS,2023-01-10 10:00:00
LG-RJ-0598,Solar & Renewable Energy Park - Jodhpur Sector,Solar & Renewable Energy Park,RJ,Rajasthan,RJ-JHD,Jodhpur,1827.0,2045,1938,6243.7,Survey,2021-05-10,2026-12-31,IN_PROGRESS,2023-01-10 10:00:00
LG-SK-0599,Water Pipeline & Dam Infrastructure - Gangtok (East Sikkim) Sector,Water Pipeline & Dam Infrastructure,SK,Sikkim,SK-GNT,Gangtok (East Sikkim),1945.0,1892,1375,6770.9,Approval,2024-09-07,2026-12-31,IN_PROGRESS,2023-01-10 10:00:00
LG-TN-0600,Port & Maritime Logistics - Chennai Sector,Port & Maritime Logistics,TN,Tamil Nadu,TN-CHE,Chennai,2161.9,814,844,5200.6,R&R,2021-08-27,2026-12-31,IN_PROGRESS,2023-01-10 10:00:00
LG-TS-0601,Solar & Renewable Energy Park - Ranga Reddy Sector,Solar & Renewable Energy Park,TS,Telangana,TS-RNG,Ranga Reddy,2048.4,2456,1994,6338.3,Survey,2023-12-24,2026-12-31,IN_PROGRESS,2023-01-10 10:00:00
LG-TR-0602,Industrial Park & SEZ - West Tripura (Agartala) Sector,Industrial Park & SEZ,TR,Tripura,TR-AGT,West Tripura (Agartala),1462.2,1204,880,1363.5,Notification,2024-02-01,2026-12-31,IN_PROGRESS,2023-01-10 10:00:00
LG-UP-0603,Railway Line & Freight Corridor - Lucknow Sector,Railway Line & Freight Corridor,UP,Uttar Pradesh,UP-LKO,Lucknow,2375.0,1970,1463,4958.6,Legal Resolution,2023-01-10,2026-12-31,IN_PROGRESS,2023-01-10 10:00:00
LG-UK-0604,Urban Metro Rail - Nainital Sector,Urban Metro Rail,UK,Uttarakhand,UK-NTL,Nainital,1257.0,646,563,3086.9,Compensation,2022-01-30,2026-12-31,IN_PROGRESS,2023-01-10 10:00:00
LG-WB-0605,Industrial Park & SEZ - North 24 Parganas Sector,Industrial Park & SEZ,WB,West Bengal,WB-24P,North 24 Parganas,2045.4,1681,1827,3010.2,Land Identification,2022-04-18,2026-12-31,IN_PROGRESS,2023-01-10 10:00:00
LG-AN-0606,Port & Maritime Logistics - South Andaman (Port Blair) Sector,Port & Maritime Logistics,AN,Andaman and Nicobar Islands,AN-SND,South Andaman (Port Blair),846.5,567,546,2232.1,Legal Resolution,2024-09-20,2026-12-31,IN_PROGRESS,2023-01-10 10:00:00
LG-CH-0607,Water Pipeline & Dam Infrastructure - Chandigarh Sector,Water Pipeline & Dam Infrastructure,CH,Chandigarh,CH-CHD,Chandigarh,1334.5,645,479,2102.5,Notification,2022-07-27,2026-12-31,IN_PROGRESS,2023-01-10 10:00:00
LG-DH-0608,Urban Metro Rail - Daman Sector,Urban Metro Rail,DH,Dadra and Nagar Haveli and Daman and Diu,DH-DMN,Daman,1630.8,1053,1152,3734.1,Final Handover,2021-10-24,2026-12-31,IN_PROGRESS,2023-01-10 10:00:00
LG-DL-0609,Industrial Park & SEZ - South Delhi Sector,Industrial Park & SEZ,DL,Delhi,DL-SDL,South Delhi,1587.4,1872,1312,5378.6,Objection/Hearing,2024-11-13,2026-12-31,IN_PROGRESS,2023-01-10 10:00:00
LG-JK-0610,Airport Expansion - Srinagar Sector,Airport Expansion,JK,Jammu and Kashmir,JK-SGR,Srinagar,1206.0,574,458,1113.9,Objection/Hearing,2023-01-01,2026-12-31,IN_PROGRESS,2023-01-10 10:00:00
LG-LA-0611,Industrial Park & SEZ - Kargil Sector,Industrial Park & SEZ,LA,Ladakh,LA-KRG,Kargil,590.8,291,246,531.0,Land Identification,2024-04-18,2026-12-31,IN_PROGRESS,2023-01-10 10:00:00
LG-LD-0612,Water Pipeline & Dam Infrastructure - Kavaratti Sector,Water Pipeline & Dam Infrastructure,LD,Lakshadweep,LD-KVT,Kavaratti,2051.8,1015,877,3473.7,Survey,2023-10-29,2026-12-31,IN_PROGRESS,2023-01-10 10:00:00
LG-PY-0613,Urban Metro Rail - Puducherry Sector,Urban Metro Rail,PY,Puducherry,PY-PUD,Puducherry,2076.8,992,811,2005.0,Legal Resolution,2022-04-08,2026-12-31,IN_PROGRESS,2023-01-10 10:00:00
LG-AP-0614,Railway Line & Freight Corridor - Kurnool Sector,Railway Line & Freight Corridor,AP,Andhra Pradesh,AP-KRN,Kurnool,257.8,113,82,495.1,Compensation,2022-04-15,2026-12-31,IN_PROGRESS,2023-01-10 10:00:00
LG-AR-0615,Solar & Renewable Energy Park - Tawang Sector,Solar & Renewable Energy Park,AR,Arunachal Pradesh,AR-TWG,Tawang,1535.4,1740,1773,4692.5,Approval,2023-04-12,2026-12-31,IN_PROGRESS,2023-01-10 10:00:00
LG-AS-0616,Highway Expansion - Dibrugarh Sector,Highway Expansion,AS,Assam,AS-DBR,Dibrugarh,1319.0,1035,820,1505.4,Land Identification,2023-11-08,2026-12-31,IN_PROGRESS,2023-01-10 10:00:00
LG-BR-0617,Railway Line & Freight Corridor - Gaya Sector,Railway Line & Freight Corridor,BR,Bihar,BR-GAY,Gaya,1319.0,1137,828,3622.6,R&R,2021-06-14,2026-12-31,IN_PROGRESS,2023-01-10 10:00:00
LG-CG-0618,Highway Expansion - Durg Sector,Highway Expansion,CG,Chhattisgarh,CG-DRG,Durg,1979.3,1927,1815,5427.1,Objection/Hearing,2022-10-03,2026-12-31,IN_PROGRESS,2023-01-10 10:00:00
LG-GA-0619,Airport Expansion - South Goa Sector,Airport Expansion,GA,Goa,GA-SGO,South Goa,1198.7,906,803,1101.8,Land Identification,2021-01-06,2026-12-31,IN_PROGRESS,2023-01-10 10:00:00
LG-GJ-0620,Port & Maritime Logistics - Ahmedabad Sector,Port & Maritime Logistics,GJ,Gujarat,GJ-AMD,Ahmedabad,809.8,367,341,2243.1,R&R,2021-03-22,2026-12-31,IN_PROGRESS,2023-01-10 10:00:00
LG-HR-0621,Solar & Renewable Energy Park - Gurugram Sector,Solar & Renewable Energy Park,HR,Haryana,HR-GGM,Gurugram,1582.7,843,879,2024.4,Legal Resolution,2023-10-18,2026-12-31,IN_PROGRESS,2023-01-10 10:00:00
LG-HP-0622,Airport Expansion - Kangra Sector,Airport Expansion,HP,Himachal Pradesh,HP-KNG,Kangra,779.1,248,260,2214.6,Documentation,2023-01-25,2026-12-31,IN_PROGRESS,2023-01-10 10:00:00
LG-JH-0623,Airport Expansion - Jamshedpur (East Singhbhum) Sector,Airport Expansion,JH,Jharkhand,JH-JSH,Jamshedpur (East Singhbhum),1982.2,1881,1594,4494.4,Documentation,2022-08-25,2026-12-31,IN_PROGRESS,2023-01-10 10:00:00
LG-KA-0624,Solar & Renewable Energy Park - Mysuru Sector,Solar & Renewable Energy Park,KA,Karnataka,KA-MYS,Mysuru,862.3,1013,897,2626.3,Land Identification,2024-10-11,2026-12-31,IN_PROGRESS,2023-01-10 10:00:00
LG-KL-0625,Railway Line & Freight Corridor - Thiruvananthapuram Sector,Railway Line & Freight Corridor,KL,Kerala,KL-TVM,Thiruvananthapuram,1792.7,1271,1126,5686.8,Survey,2024-01-20,2026-12-31,IN_PROGRESS,2023-01-10 10:00:00
LG-MP-0626,Port & Maritime Logistics - Gwalior Sector,Port & Maritime Logistics,MP,Madhya Pradesh,MP-GWL,Gwalior,2479.0,956,1036,7728.6,R&R,2023-12-11,2026-12-31,IN_PROGRESS,2023-01-10 10:00:00
LG-MH-0627,Railway Line & Freight Corridor - Nashik Sector,Railway Line & Freight Corridor,MH,Maharashtra,MH-NSK,Nashik,2402.9,2684,2862,7646.4,Final Handover,2022-03-14,2026-12-31,IN_PROGRESS,2023-01-10 10:00:00
LG-MN-0628,Urban Metro Rail - Churachandpur Sector,Urban Metro Rail,MN,Manipur,MN-CBR,Churachandpur,468.0,444,478,1140.9,R&R,2021-10-30,2026-12-31,IN_PROGRESS,2023-01-10 10:00:00
LG-ML-0629,Water Pipeline & Dam Infrastructure - East Khasi Hills (Shillong) Sector,Water Pipeline & Dam Infrastructure,ML,Meghalaya,ML-SHL,East Khasi Hills (Shillong),2342.2,1606,1744,6577.2,R&R,2024-11-21,2026-12-31,IN_PROGRESS,2023-01-10 10:00:00
LG-MZ-0630,Airport Expansion - Aizawl Sector,Airport Expansion,MZ,Mizoram,MZ-AIZ,Aizawl,427.3,303,250,1201.5,Survey,2021-12-26,2026-12-31,IN_PROGRESS,2023-01-10 10:00:00
LG-NL-0631,Urban Metro Rail - Kohima Sector,Urban Metro Rail,NL,Nagaland,NL-KHM,Kohima,794.8,635,646,2749.9,Approval,2022-12-03,2026-12-31,IN_PROGRESS,2023-01-10 10:00:00
LG-OD-0632,Port & Maritime Logistics - Khurda (Bhubaneswar) Sector,Port & Maritime Logistics,OD,Odisha,OD-KHD,Khurda (Bhubaneswar),2483.3,2043,1483,3926.7,Possession,2022-01-08,2026-12-31,IN_PROGRESS,2023-01-10 10:00:00
LG-PB-0633,Airport Expansion - Jalandhar Sector,Airport Expansion,PB,Punjab,PB-JAL,Jalandhar,1610.1,1307,991,3745.8,Notification,2021-02-13,2026-12-31,IN_PROGRESS,2023-01-10 10:00:00
LG-RJ-0634,Water Pipeline & Dam Infrastructure - Jaipur Sector,Water Pipeline & Dam Infrastructure,RJ,Rajasthan,RJ-JPR,Jaipur,429.8,376,331,828.6,Land Identification,2024-08-07,2026-12-31,IN_PROGRESS,2023-01-10 10:00:00
LG-SK-0635,Railway Line & Freight Corridor - Namchi (South Sikkim) Sector,Railway Line & Freight Corridor,SK,Sikkim,SK-NAM,Namchi (South Sikkim),2454.9,2729,2528,4841.6,Land Identification,2024-01-30,2026-12-31,IN_PROGRESS,2023-01-10 10:00:00
LG-TN-0636,Urban Metro Rail - Coimbatore Sector,Urban Metro Rail,TN,Tamil Nadu,TN-CBE,Coimbatore,2027.7,1180,984,6679.9,Survey,2022-05-31,2026-12-31,IN_PROGRESS,2023-01-10 10:00:00
LG-TS-0637,Airport Expansion - Khammam Sector,Airport Expansion,TS,Telangana,TS-KHM,Khammam,203.4,71,73,581.9,R&R,2022-02-18,2026-12-31,IN_PROGRESS,2023-01-10 10:00:00
LG-TR-0638,Water Pipeline & Dam Infrastructure - West Tripura (Agartala) Sector,Water Pipeline & Dam Infrastructure,TR,Tripura,TR-AGT,West Tripura (Agartala),1049.1,482,458,1394.2,Possession,2023-06-27,2026-12-31,IN_PROGRESS,2023-01-10 10:00:00
LG-UP-0639,Industrial Park & SEZ - Varanasi Sector,Industrial Park & SEZ,UP,Uttar Pradesh,UP-VNS,Varanasi,1511.0,921,849,1584.4,Legal Resolution,2024-07-04,2026-12-31,IN_PROGRESS,2023-01-10 10:00:00
LG-UK-0640,Port & Maritime Logistics - Dehradun Sector,Port & Maritime Logistics,UK,Uttarakhand,UK-DHR,Dehradun,926.8,1054,823,3033.1,Compensation,2021-08-11,2026-12-31,IN_PROGRESS,2023-01-10 10:00:00
LG-WB-0641,Urban Metro Rail - Kolkata Sector,Urban Metro Rail,WB,West Bengal,WB-KOL,Kolkata,584.7,214,206,936.2,Notification,2024-04-28,2026-12-31,IN_PROGRESS,2023-01-10 10:00:00
LG-AN-0642,Railway Line & Freight Corridor - South Andaman (Port Blair) Sector,Railway Line & Freight Corridor,AN,Andaman and Nicobar Islands,AN-SND,South Andaman (Port Blair),1026.0,801,857,3327.9,Legal Resolution,2024-09-28,2026-12-31,IN_PROGRESS,2023-01-10 10:00:00
LG-CH-0643,Urban Metro Rail - Chandigarh Sector,Urban Metro Rail,CH,Chandigarh,CH-CHD,Chandigarh,1906.8,2059,1632,5760.2,Approval,2021-08-24,2026-12-31,IN_PROGRESS,2023-01-10 10:00:00
LG-DH-0644,Airport Expansion - Daman Sector,Airport Expansion,DH,Dadra and Nagar Haveli and Daman and Diu,DH-DMN,Daman,2159.2,1612,1708,4748.8,Documentation,2021-02-01,2026-12-31,IN_PROGRESS,2023-01-10 10:00:00
LG-DL-0645,Industrial Park & SEZ - East Delhi Sector,Industrial Park & SEZ,DL,Delhi,DL-EDL,East Delhi,1844.6,1421,1432,2343.3,Possession,2021-10-12,2026-12-31,IN_PROGRESS,2023-01-10 10:00:00
LG-JK-0646,Urban Metro Rail - Srinagar Sector,Urban Metro Rail,JK,Jammu and Kashmir,JK-SGR,Srinagar,1672.7,1318,1436,4039.9,Notification,2023-11-06,2026-12-31,IN_PROGRESS,2023-01-10 10:00:00
LG-LA-0647,Water Pipeline & Dam Infrastructure - Leh Sector,Water Pipeline & Dam Infrastructure,LA,Ladakh,LA-LEH,Leh,274.6,310,246,623.0,Legal Resolution,2023-03-11,2026-12-31,IN_PROGRESS,2023-01-10 10:00:00
LG-LD-0648,Water Pipeline & Dam Infrastructure - Kavaratti Sector,Water Pipeline & Dam Infrastructure,LD,Lakshadweep,LD-KVT,Kavaratti,1810.4,793,819,3013.1,Possession,2022-02-06,2026-12-31,IN_PROGRESS,2023-01-10 10:00:00
LG-PY-0649,Highway Expansion - Puducherry Sector,Highway Expansion,PY,Puducherry,PY-PUD,Puducherry,1698.9,766,811,2166.0,Objection/Hearing,2023-02-07,2026-12-31,IN_PROGRESS,2023-01-10 10:00:00
LG-AP-0650,Railway Line & Freight Corridor - Vizianagaram Sector,Railway Line & Freight Corridor,AP,Andhra Pradesh,AP-VIZ,Vizianagaram,883.5,395,289,2330.2,Objection/Hearing,2022-01-18,2026-12-31,IN_PROGRESS,2023-01-10 10:00:00
LG-AR-0651,Airport Expansion - Changlang Sector,Airport Expansion,AR,Arunachal Pradesh,AR-CGL,Changlang,954.6,308,295,2101.2,Compensation,2024-02-19,2026-12-31,IN_PROGRESS,2023-01-10 10:00:00
LG-AS-0652,Solar & Renewable Energy Park - Dibrugarh Sector,Solar & Renewable Energy Park,AS,Assam,AS-DBR,Dibrugarh,1994.0,752,635,3719.3,Survey,2022-10-29,2026-12-31,IN_PROGRESS,2023-01-10 10:00:00
LG-BR-0653,Industrial Park & SEZ - Muzaffarpur Sector,Industrial Park & SEZ,BR,Bihar,BR-MZP,Muzaffarpur,1758.0,1545,1148,5917.5,Survey,2021-03-14,2026-12-31,IN_PROGRESS,2023-01-10 10:00:00
LG-CG-0654,Industrial Park & SEZ - Korba Sector,Industrial Park & SEZ,CG,Chhattisgarh,CG-KRB,Korba,2231.0,2547,2350,7283.8,Compensation,2023-05-03,2026-12-31,IN_PROGRESS,2023-01-10 10:00:00
LG-GA-0655,Port & Maritime Logistics - South Goa Sector,Port & Maritime Logistics,GA,Goa,GA-SGO,South Goa,1845.6,1254,1060,5795.8,Possession,2022-08-13,2026-12-31,IN_PROGRESS,2023-01-10 10:00:00
LG-GJ-0656,Railway Line & Freight Corridor - Surat Sector,Railway Line & Freight Corridor,GJ,Gujarat,GJ-SRT,Surat,2398.2,1002,1053,7636.7,Survey,2022-10-30,2026-12-31,IN_PROGRESS,2023-01-10 10:00:00
LG-HR-0657,Airport Expansion - Faridabad Sector,Airport Expansion,HR,Haryana,HR-FDB,Faridabad,1150.1,1004,879,3868.4,Final Handover,2023-04-27,2026-12-31,IN_PROGRESS,2023-01-10 10:00:00
LG-HP-0658,Railway Line & Freight Corridor - Shimla Sector,Railway Line & Freight Corridor,HP,Himachal Pradesh,HP-SML,Shimla,359.4,304,319,913.6,Final Handover,2022-09-17,2026-12-31,IN_PROGRESS,2023-01-10 10:00:00
LG-JH-0659,Water Pipeline & Dam Infrastructure - Dhanbad Sector,Water Pipeline & Dam Infrastructure,JH,Jharkhand,JH-DHN,Dhanbad,1187.4,634,690,2751.8,Notification,2023-09-18,2026-12-31,IN_PROGRESS,2023-01-10 10:00:00
LG-KA-0660,Water Pipeline & Dam Infrastructure - Bengaluru Urban Sector,Water Pipeline & Dam Infrastructure,KA,Karnataka,KA-BLR,Bengaluru Urban,480.1,341,268,958.2,Approval,2024-03-02,2026-12-31,IN_PROGRESS,2023-01-10 10:00:00
LG-KL-0661,Industrial Park & SEZ - Ernakulam (Kochi) Sector,Industrial Park & SEZ,KL,Kerala,KL-EKM,Ernakulam (Kochi),629.3,283,272,1697.0,Approval,2024-03-28,2026-12-31,IN_PROGRESS,2023-01-10 10:00:00
LG-MP-0662,Railway Line & Freight Corridor - Gwalior Sector,Railway Line & Freight Corridor,MP,Madhya Pradesh,MP-GWL,Gwalior,492.1,345,355,1537.2,Legal Resolution,2021-01-06,2026-12-31,IN_PROGRESS,2023-01-10 10:00:00
LG-MH-0663,Industrial Park & SEZ - Pune Sector,Industrial Park & SEZ,MH,Maharashtra,MH-PUN,Pune,415.6,428,428,443.1,Objection/Hearing,2023-03-25,2026-12-31,IN_PROGRESS,2023-01-10 10:00:00
LG-MN-0664,Port & Maritime Logistics - Churachandpur Sector,Port & Maritime Logistics,MN,Manipur,MN-CBR,Churachandpur,502.4,438,375,484.5,Land Identification,2022-02-18,2026-12-31,IN_PROGRESS,2023-01-10 10:00:00
LG-ML-0665,Highway Expansion - East Khasi Hills (Shillong) Sector,Highway Expansion,ML,Meghalaya,ML-SHL,East Khasi Hills (Shillong),1958.4,1720,1319,6467.7,Possession,2022-12-15,2026-12-31,IN_PROGRESS,2023-01-10 10:00:00
LG-MZ-0666,Airport Expansion - Aizawl Sector,Airport Expansion,MZ,Mizoram,MZ-AIZ,Aizawl,168.6,73,55,229.2,Survey,2024-11-07,2026-12-31,IN_PROGRESS,2023-01-10 10:00:00
LG-NL-0667,Port & Maritime Logistics - Kohima Sector,Port & Maritime Logistics,NL,Nagaland,NL-KHM,Kohima,1671.2,1893,1900,5544.2,Approval,2024-06-29,2026-12-31,IN_PROGRESS,2023-01-10 10:00:00
LG-OD-0668,Airport Expansion - Khurda (Bhubaneswar) Sector,Airport Expansion,OD,Odisha,OD-KHD,Khurda (Bhubaneswar),1582.1,674,562,1303.0,Final Handover,2022-10-31,2026-12-31,IN_PROGRESS,2023-01-10 10:00:00
LG-PB-0669,Highway Expansion - SAS Nagar (Mohali) Sector,Highway Expansion,PB,Punjab,PB-SAS,SAS Nagar (Mohali),1952.1,987,870,2309.5,Approval,2023-05-19,2026-12-31,IN_PROGRESS,2023-01-10 10:00:00
LG-RJ-0670,Water Pipeline & Dam Infrastructure - Jodhpur Sector,Water Pipeline & Dam Infrastructure,RJ,Rajasthan,RJ-JHD,Jodhpur,615.5,458,331,1488.0,Land Identification,2023-06-27,2026-12-31,IN_PROGRESS,2023-01-10 10:00:00
LG-SK-0671,Highway Expansion - Gangtok (East Sikkim) Sector,Highway Expansion,SK,Sikkim,SK-GNT,Gangtok (East Sikkim),1559.5,1742,1501,3337.7,Final Handover,2023-07-14,2026-12-31,IN_PROGRESS,2023-01-10 10:00:00
LG-TN-0672,Highway Expansion - Chengalpattu Sector,Highway Expansion,TN,Tamil Nadu,TN-CGL,Chengalpattu,320.9,256,257,947.5,R&R,2021-09-09,2026-12-31,IN_PROGRESS,2023-01-10 10:00:00
LG-TS-0673,Industrial Park & SEZ - Hyderabad Sector,Industrial Park & SEZ,TS,Telangana,TS-HYD,Hyderabad,1502.2,1624,1207,2591.8,Land Identification,2023-08-08,2026-12-31,IN_PROGRESS,2023-01-10 10:00:00
LG-TR-0674,Highway Expansion - West Tripura (Agartala) Sector,Highway Expansion,TR,Tripura,TR-AGT,West Tripura (Agartala),92.7,64,53,289.3,Final Handover,2022-12-29,2026-12-31,IN_PROGRESS,2023-01-10 10:00:00
LG-UP-0675,Railway Line & Freight Corridor - Agra Sector,Railway Line & Freight Corridor,UP,Uttar Pradesh,UP-AGR,Agra,1335.3,1398,1369,2780.8,Land Identification,2021-04-28,2026-12-31,IN_PROGRESS,2023-01-10 10:00:00
LG-UK-0676,Railway Line & Freight Corridor - Dehradun Sector,Railway Line & Freight Corridor,UK,Uttarakhand,UK-DHR,Dehradun,2060.3,1661,1627,5584.0,Notification,2024-03-21,2026-12-31,IN_PROGRESS,2023-01-10 10:00:00
LG-WB-0677,Urban Metro Rail - Kolkata Sector,Urban Metro Rail,WB,West Bengal,WB-KOL,Kolkata,1185.0,823,615,2274.4,Possession,2024-02-14,2026-12-31,IN_PROGRESS,2023-01-10 10:00:00
LG-AN-0678,Railway Line & Freight Corridor - South Andaman (Port Blair) Sector,Railway Line & Freight Corridor,AN,Andaman and Nicobar Islands,AN-SND,South Andaman (Port Blair),2489.4,1746,1232,6773.7,Notification,2021-12-05,2026-12-31,IN_PROGRESS,2023-01-10 10:00:00
LG-CH-0679,Railway Line & Freight Corridor - Chandigarh Sector,Railway Line & Freight Corridor,CH,Chandigarh,CH-CHD,Chandigarh,2131.6,2369,2175,7306.6,Survey,2022-04-27,2026-12-31,IN_PROGRESS,2023-01-10 10:00:00
LG-DH-0680,Solar & Renewable Energy Park - Silvassa Sector,Solar & Renewable Energy Park,DH,Dadra and Nagar Haveli and Daman and Diu,DH-SLV,Silvassa,795.1,337,338,1604.9,Objection/Hearing,2023-12-05,2026-12-31,IN_PROGRESS,2023-01-10 10:00:00
LG-DL-0681,Railway Line & Freight Corridor - East Delhi Sector,Railway Line & Freight Corridor,DL,Delhi,DL-EDL,East Delhi,783.9,519,522,2040.9,Documentation,2023-11-13,2026-12-31,IN_PROGRESS,2023-01-10 10:00:00
LG-JK-0682,Airport Expansion - Srinagar Sector,Airport Expansion,JK,Jammu and Kashmir,JK-SGR,Srinagar,325.6,222,199,745.6,Approval,2021-12-29,2026-12-31,IN_PROGRESS,2023-01-10 10:00:00
LG-LA-0683,Solar & Renewable Energy Park - Leh Sector,Solar & Renewable Energy Park,LA,Ladakh,LA-LEH,Leh,2342.1,1607,1295,5109.5,Documentation,2021-05-13,2026-12-31,IN_PROGRESS,2023-01-10 10:00:00
LG-LD-0684,Airport Expansion - Kavaratti Sector,Airport Expansion,LD,Lakshadweep,LD-KVT,Kavaratti,386.8,206,183,1344.0,R&R,2023-07-01,2026-12-31,IN_PROGRESS,2023-01-10 10:00:00
LG-PY-0685,Highway Expansion - Karaikal Sector,Highway Expansion,PY,Puducherry,PY-KKL,Karaikal,887.2,1049,752,1319.4,R&R,2023-11-13,2026-12-31,IN_PROGRESS,2023-01-10 10:00:00
LG-AP-0686,Solar & Renewable Energy Park - Guntur Sector,Solar & Renewable Energy Park,AP,Andhra Pradesh,AP-GNT,Guntur,119.2,96,82,115.7,Legal Resolution,2021-05-14,2026-12-31,IN_PROGRESS,2023-01-10 10:00:00
LG-AR-0687,Urban Metro Rail - Papum Pare Sector,Urban Metro Rail,AR,Arunachal Pradesh,AR-ITN,Papum Pare,2107.3,1812,1934,5251.0,Notification,2024-01-24,2026-12-31,IN_PROGRESS,2023-01-10 10:00:00
LG-AS-0688,Railway Line & Freight Corridor - Kamrup Metropolitan Sector,Railway Line & Freight Corridor,AS,Assam,AS-KMR,Kamrup Metropolitan,1553.6,1476,1434,1488.6,Final Handover,2023-09-06,2026-12-31,IN_PROGRESS,2023-01-10 10:00:00
LG-BR-0689,Railway Line & Freight Corridor - Gaya Sector,Railway Line & Freight Corridor,BR,Bihar,BR-GAY,Gaya,1310.9,699,593,1246.3,Legal Resolution,2021-01-16,2026-12-31,IN_PROGRESS,2023-01-10 10:00:00
LG-CG-0690,Airport Expansion - Korba Sector,Airport Expansion,CG,Chhattisgarh,CG-KRB,Korba,1268.9,437,443,1913.2,Land Identification,2022-09-29,2026-12-31,IN_PROGRESS,2023-01-10 10:00:00
LG-GA-0691,Airport Expansion - South Goa Sector,Airport Expansion,GA,Goa,GA-SGO,South Goa,1969.0,2104,1627,3801.3,Notification,2021-04-21,2026-12-31,IN_PROGRESS,2023-01-10 10:00:00
LG-GJ-0692,Water Pipeline & Dam Infrastructure - Rajkot Sector,Water Pipeline & Dam Infrastructure,GJ,Gujarat,GJ-RJK,Rajkot,1750.2,1271,1093,5009.6,Possession,2021-05-18,2026-12-31,IN_PROGRESS,2023-01-10 10:00:00
LG-HR-0693,Industrial Park & SEZ - Karnal Sector,Industrial Park & SEZ,HR,Haryana,HR-KRN,Karnal,529.9,196,182,1686.5,Objection/Hearing,2023-06-29,2026-12-31,IN_PROGRESS,2023-01-10 10:00:00
LG-HP-0694,Water Pipeline & Dam Infrastructure - Shimla Sector,Water Pipeline & Dam Infrastructure,HP,Himachal Pradesh,HP-SML,Shimla,888.3,610,596,2460.3,R&R,2021-04-09,2026-12-31,IN_PROGRESS,2023-01-10 10:00:00
LG-JH-0695,Airport Expansion - Ranchi Sector,Airport Expansion,JH,Jharkhand,JH-RNC,Ranchi,673.4,597,486,1388.2,Documentation,2022-02-08,2026-12-31,IN_PROGRESS,2023-01-10 10:00:00
LG-KA-0696,Industrial Park & SEZ - Belagavi Sector,Industrial Park & SEZ,KA,Karnataka,KA-BEL,Belagavi,125.2,135,124,228.4,Documentation,2021-05-30,2026-12-31,IN_PROGRESS,2023-01-10 10:00:00
LG-KL-0697,Solar & Renewable Energy Park - Ernakulam (Kochi) Sector,Solar & Renewable Energy Park,KL,Kerala,KL-EKM,Ernakulam (Kochi),1579.1,799,830,5019.9,Land Identification,2021-03-15,2026-12-31,IN_PROGRESS,2023-01-10 10:00:00
LG-MP-0698,Solar & Renewable Energy Park - Jabalpur Sector,Solar & Renewable Energy Park,MP,Madhya Pradesh,MP-JBP,Jabalpur,1097.4,1144,897,2463.4,Objection/Hearing,2024-11-10,2026-12-31,IN_PROGRESS,2023-01-10 10:00:00
LG-MH-0699,Airport Expansion - Nashik Sector,Airport Expansion,MH,Maharashtra,MH-NSK,Nashik,2019.6,1638,1425,4812.9,R&R,2021-11-14,2026-12-31,IN_PROGRESS,2023-01-10 10:00:00
LG-MN-0700,Solar & Renewable Energy Park - Churachandpur Sector,Solar & Renewable Energy Park,MN,Manipur,MN-CBR,Churachandpur,478.8,200,156,1102.8,Approval,2024-04-28,2026-12-31,IN_PROGRESS,2023-01-10 10:00:00
LG-ML-0701,Industrial Park & SEZ - East Khasi Hills (Shillong) Sector,Industrial Park & SEZ,ML,Meghalaya,ML-SHL,East Khasi Hills (Shillong),407.0,138,103,529.0,Documentation,2021-01-05,2026-12-31,IN_PROGRESS,2023-01-10 10:00:00
LG-MZ-0702,Highway Expansion - Lunglei Sector,Highway Expansion,MZ,Mizoram,MZ-LGL,Lunglei,2297.3,1175,1082,7597.4,Final Handover,2022-05-15,2026-12-31,IN_PROGRESS,2023-01-10 10:00:00
LG-NL-0703,Airport Expansion - Dimapur Sector,Airport Expansion,NL,Nagaland,NL-DMP,Dimapur,2294.2,695,713,3563.3,Objection/Hearing,2024-04-19,2026-12-31,IN_PROGRESS,2023-01-10 10:00:00
LG-OD-0704,Solar & Renewable Energy Park - Cuttack Sector,Solar & Renewable Energy Park,OD,Odisha,OD-CTC,Cuttack,53.9,37,30,101.2,Possession,2022-07-05,2026-12-31,IN_PROGRESS,2023-01-10 10:00:00
LG-PB-0705,Railway Line & Freight Corridor - SAS Nagar (Mohali) Sector,Railway Line & Freight Corridor,PB,Punjab,PB-SAS,SAS Nagar (Mohali),1207.6,1443,1391,2548.4,Possession,2021-05-29,2026-12-31,IN_PROGRESS,2023-01-10 10:00:00
LG-RJ-0706,Airport Expansion - Jodhpur Sector,Airport Expansion,RJ,Rajasthan,RJ-JHD,Jodhpur,86.0,101,93,70.2,Possession,2023-01-25,2026-12-31,IN_PROGRESS,2023-01-10 10:00:00
LG-SK-0707,Solar & Renewable Energy Park - Gangtok (East Sikkim) Sector,Solar & Renewable Energy Park,SK,Sikkim,SK-GNT,Gangtok (East Sikkim),275.2,259,223,322.5,Notification,2021-12-29,2026-12-31,IN_PROGRESS,2023-01-10 10:00:00
LG-TN-0708,Highway Expansion - Chengalpattu Sector,Highway Expansion,TN,Tamil Nadu,TN-CGL,Chengalpattu,831.5,832,624,2562.1,Documentation,2021-09-16,2026-12-31,IN_PROGRESS,2023-01-10 10:00:00
LG-TS-0709,Industrial Park & SEZ - Ranga Reddy Sector,Industrial Park & SEZ,TS,Telangana,TS-RNG,Ranga Reddy,2302.9,1957,2064,7348.1,Notification,2021-01-11,2026-12-31,IN_PROGRESS,2023-01-10 10:00:00
LG-TR-0710,Railway Line & Freight Corridor - Gomati Sector,Railway Line & Freight Corridor,TR,Tripura,TR-GMA,Gomati,194.3,119,110,521.6,Land Identification,2021-07-07,2026-12-31,IN_PROGRESS,2023-01-10 10:00:00
LG-UP-0711,Highway Expansion - Varanasi Sector,Highway Expansion,UP,Uttar Pradesh,UP-VNS,Varanasi,2061.0,870,624,4221.8,Compensation,2024-04-30,2026-12-31,IN_PROGRESS,2023-01-10 10:00:00
LG-UK-0712,Industrial Park & SEZ - Haridwar Sector,Industrial Park & SEZ,UK,Uttarakhand,UK-HRD,Haridwar,1508.2,831,738,1677.2,Survey,2024-07-02,2026-12-31,IN_PROGRESS,2023-01-10 10:00:00
LG-WB-0713,Railway Line & Freight Corridor - North 24 Parganas Sector,Railway Line & Freight Corridor,WB,West Bengal,WB-24P,North 24 Parganas,1197.3,678,737,3491.2,Objection/Hearing,2023-06-16,2026-12-31,IN_PROGRESS,2023-01-10 10:00:00
LG-AN-0714,Solar & Renewable Energy Park - South Andaman (Port Blair) Sector,Solar & Renewable Energy Park,AN,Andaman and Nicobar Islands,AN-SND,South Andaman (Port Blair),2330.8,1755,1612,7954.4,Objection/Hearing,2022-04-12,2026-12-31,IN_PROGRESS,2023-01-10 10:00:00
LG-CH-0715,Industrial Park & SEZ - Chandigarh Sector,Industrial Park & SEZ,CH,Chandigarh,CH-CHD,Chandigarh,554.7,257,264,1333.5,R&R,2022-11-14,2026-12-31,IN_PROGRESS,2023-01-10 10:00:00
LG-DH-0716,Industrial Park & SEZ - Daman Sector,Industrial Park & SEZ,DH,Dadra and Nagar Haveli and Daman and Diu,DH-DMN,Daman,854.9,483,520,2258.1,Land Identification,2024-11-07,2026-12-31,IN_PROGRESS,2023-01-10 10:00:00
LG-DL-0717,Port & Maritime Logistics - South Delhi Sector,Port & Maritime Logistics,DL,Delhi,DL-SDL,South Delhi,2186.2,772,589,4214.4,Land Identification,2021-06-11,2026-12-31,IN_PROGRESS,2023-01-10 10:00:00
LG-JK-0718,Urban Metro Rail - Jammu Sector,Urban Metro Rail,JK,Jammu and Kashmir,JK-JMU,Jammu,2119.1,1520,1398,7020.6,Possession,2024-10-12,2026-12-31,IN_PROGRESS,2023-01-10 10:00:00
LG-LA-0719,Highway Expansion - Kargil Sector,Highway Expansion,LA,Ladakh,LA-KRG,Kargil,1290.9,1199,1203,1257.2,R&R,2022-09-07,2026-12-31,IN_PROGRESS,2023-01-10 10:00:00
LG-LD-0720,Highway Expansion - Kavaratti Sector,Highway Expansion,LD,Lakshadweep,LD-KVT,Kavaratti,1628.1,1071,933,5320.3,R&R,2021-05-01,2026-12-31,IN_PROGRESS,2023-01-10 10:00:00
LG-PY-0721,Urban Metro Rail - Karaikal Sector,Urban Metro Rail,PY,Puducherry,PY-KKL,Karaikal,100.3,65,57,285.7,Documentation,2022-11-16,2026-12-31,IN_PROGRESS,2023-01-10 10:00:00
LG-AP-0722,Industrial Park & SEZ - Krishna Sector,Industrial Park & SEZ,AP,Andhra Pradesh,AP-KRS,Krishna,586.1,292,243,619.6,Land Identification,2021-03-07,2026-12-31,IN_PROGRESS,2023-01-10 10:00:00
LG-AR-0723,Solar & Renewable Energy Park - Papum Pare Sector,Solar & Renewable Energy Park,AR,Arunachal Pradesh,AR-ITN,Papum Pare,2246.1,1350,1471,7328.3,Objection/Hearing,2024-02-27,2026-12-31,IN_PROGRESS,2023-01-10 10:00:00
LG-AS-0724,Water Pipeline & Dam Infrastructure - Dibrugarh Sector,Water Pipeline & Dam Infrastructure,AS,Assam,AS-DBR,Dibrugarh,956.6,735,537,1958.4,Legal Resolution,2021-02-20,2026-12-31,IN_PROGRESS,2023-01-10 10:00:00
LG-BR-0725,Water Pipeline & Dam Infrastructure - Patna Sector,Water Pipeline & Dam Infrastructure,BR,Bihar,BR-PAT,Patna,1820.8,1671,1547,3588.9,Survey,2023-10-28,2026-12-31,IN_PROGRESS,2023-01-10 10:00:00
LG-CG-0726,Urban Metro Rail - Durg Sector,Urban Metro Rail,CG,Chhattisgarh,CG-DRG,Durg,1222.9,1209,1184,3811.6,Survey,2024-01-27,2026-12-31,IN_PROGRESS,2023-01-10 10:00:00
LG-GA-0727,Solar & Renewable Energy Park - North Goa Sector,Solar & Renewable Energy Park,GA,Goa,GA-NGO,North Goa,1364.8,1177,1218,1934.4,Final Handover,2021-11-15,2026-12-31,IN_PROGRESS,2023-01-10 10:00:00
LG-GJ-0728,Urban Metro Rail - Ahmedabad Sector,Urban Metro Rail,GJ,Gujarat,GJ-AMD,Ahmedabad,2447.8,1344,1324,2944.8,Documentation,2021-09-25,2026-12-31,IN_PROGRESS,2023-01-10 10:00:00
LG-HR-0729,Port & Maritime Logistics - Gurugram Sector,Port & Maritime Logistics,HR,Haryana,HR-GGM,Gurugram,1802.4,1505,1616,3583.0,Legal Resolution,2022-12-30,2026-12-31,IN_PROGRESS,2023-01-10 10:00:00
LG-HP-0730,Urban Metro Rail - Mandi Sector,Urban Metro Rail,HP,Himachal Pradesh,HP-MND,Mandi,342.4,344,277,1052.5,R&R,2022-07-20,2026-12-31,IN_PROGRESS,2023-01-10 10:00:00
LG-JH-0731,Water Pipeline & Dam Infrastructure - Bokaro Sector,Water Pipeline & Dam Infrastructure,JH,Jharkhand,JH-BKR,Bokaro,2387.4,2600,1862,3417.4,Compensation,2021-11-10,2026-12-31,IN_PROGRESS,2023-01-10 10:00:00
LG-KA-0732,Urban Metro Rail - Mysuru Sector,Urban Metro Rail,KA,Karnataka,KA-MYS,Mysuru,1440.5,877,719,3503.6,Documentation,2023-07-19,2026-12-31,IN_PROGRESS,2023-01-10 10:00:00
LG-KL-0733,Highway Expansion - Thiruvananthapuram Sector,Highway Expansion,KL,Kerala,KL-TVM,Thiruvananthapuram,1357.8,1009,1104,4570.4,Possession,2021-07-20,2026-12-31,IN_PROGRESS,2023-01-10 10:00:00
LG-MP-0734,Industrial Park & SEZ - Gwalior Sector,Industrial Park & SEZ,MP,Madhya Pradesh,MP-GWL,Gwalior,2228.0,2005,1695,3201.2,Approval,2022-06-18,2026-12-31,IN_PROGRESS,2023-01-10 10:00:00
LG-MH-0735,Water Pipeline & Dam Infrastructure - Nagpur Sector,Water Pipeline & Dam Infrastructure,MH,Maharashtra,MH-NGP,Nagpur,860.5,609,569,2767.6,Notification,2024-07-25,2026-12-31,IN_PROGRESS,2023-01-10 10:00:00
LG-MN-0736,Port & Maritime Logistics - Imphal East Sector,Port & Maritime Logistics,MN,Manipur,MN-IMP,Imphal East,2317.0,2648,2824,3770.1,Survey,2022-12-01,2026-12-31,IN_PROGRESS,2023-01-10 10:00:00
LG-ML-0737,Solar & Renewable Energy Park - East Khasi Hills (Shillong) Sector,Solar & Renewable Energy Park,ML,Meghalaya,ML-SHL,East Khasi Hills (Shillong),494.9,203,208,466.3,Final Handover,2022-06-27,2026-12-31,IN_PROGRESS,2023-01-10 10:00:00
LG-MZ-0738,Highway Expansion - Aizawl Sector,Highway Expansion,MZ,Mizoram,MZ-AIZ,Aizawl,1358.7,1246,932,4535.9,Objection/Hearing,2021-12-09,2026-12-31,IN_PROGRESS,2023-01-10 10:00:00
LG-NL-0739,Water Pipeline & Dam Infrastructure - Dimapur Sector,Water Pipeline & Dam Infrastructure,NL,Nagaland,NL-DMP,Dimapur,169.1,126,120,210.0,Final Handover,2024-10-17,2026-12-31,IN_PROGRESS,2023-01-10 10:00:00
LG-OD-0740,Highway Expansion - Khurda (Bhubaneswar) Sector,Highway Expansion,OD,Odisha,OD-KHD,Khurda (Bhubaneswar),2316.3,2006,1690,2806.8,Legal Resolution,2024-01-05,2026-12-31,IN_PROGRESS,2023-01-10 10:00:00
LG-PB-0741,Railway Line & Freight Corridor - Amritsar Sector,Railway Line & Freight Corridor,PB,Punjab,PB-ASR,Amritsar,1092.3,921,728,2565.7,Survey,2022-03-22,2026-12-31,IN_PROGRESS,2023-01-10 10:00:00
LG-RJ-0742,Water Pipeline & Dam Infrastructure - Jodhpur Sector,Water Pipeline & Dam Infrastructure,RJ,Rajasthan,RJ-JHD,Jodhpur,1971.0,1201,1186,6719.5,Objection/Hearing,2024-09-12,2026-12-31,IN_PROGRESS,2023-01-10 10:00:00
LG-SK-0743,Port & Maritime Logistics - Gangtok (East Sikkim) Sector,Port & Maritime Logistics,SK,Sikkim,SK-GNT,Gangtok (East Sikkim),602.5,303,263,1307.2,Land Identification,2023-08-20,2026-12-31,IN_PROGRESS,2023-01-10 10:00:00
LG-TN-0744,Urban Metro Rail - Tiruchirappalli Sector,Urban Metro Rail,TN,Tamil Nadu,TN-TRY,Tiruchirappalli,2237.7,1795,1658,7601.8,Survey,2023-10-07,2026-12-31,IN_PROGRESS,2023-01-10 10:00:00
LG-TS-0745,Highway Expansion - Ranga Reddy Sector,Highway Expansion,TS,Telangana,TS-RNG,Ranga Reddy,1605.1,1571,1283,5605.4,Objection/Hearing,2024-02-22,2026-12-31,IN_PROGRESS,2023-01-10 10:00:00
LG-TR-0746,Airport Expansion - West Tripura (Agartala) Sector,Airport Expansion,TR,Tripura,TR-AGT,West Tripura (Agartala),643.5,712,723,1346.7,Approval,2021-05-17,2026-12-31,IN_PROGRESS,2023-01-10 10:00:00
LG-UP-0747,Urban Metro Rail - Lucknow Sector,Urban Metro Rail,UP,Uttar Pradesh,UP-LKO,Lucknow,1948.2,890,858,4234.5,Notification,2024-09-21,2026-12-31,IN_PROGRESS,2023-01-10 10:00:00
LG-UK-0748,Solar & Renewable Energy Park - Haridwar Sector,Solar & Renewable Energy Park,UK,Uttarakhand,UK-HRD,Haridwar,226.5,183,195,390.5,Compensation,2022-07-11,2026-12-31,IN_PROGRESS,2023-01-10 10:00:00
LG-WB-0749,Airport Expansion - North 24 Parganas Sector,Airport Expansion,WB,West Bengal,WB-24P,North 24 Parganas,2442.2,2197,1600,7669.9,Legal Resolution,2021-07-16,2026-12-31,IN_PROGRESS,2023-01-10 10:00:00
LG-AN-0750,Urban Metro Rail - South Andaman (Port Blair) Sector,Urban Metro Rail,AN,Andaman and Nicobar Islands,AN-SND,South Andaman (Port Blair),231.8,158,167,330.2,Possession,2022-01-15,2026-12-31,IN_PROGRESS,2023-01-10 10:00:00
LG-CH-0751,Urban Metro Rail - Chandigarh Sector,Urban Metro Rail,CH,Chandigarh,CH-CHD,Chandigarh,332.5,127,128,561.2,Approval,2021-03-05,2026-12-31,IN_PROGRESS,2023-01-10 10:00:00
LG-DH-0752,Solar & Renewable Energy Park - Silvassa Sector,Solar & Renewable Energy Park,DH,Dadra and Nagar Haveli and Daman and Diu,DH-SLV,Silvassa,1225.8,1152,806,2373.6,R&R,2023-08-09,2026-12-31,IN_PROGRESS,2023-01-10 10:00:00
LG-DL-0753,Airport Expansion - New Delhi Sector,Airport Expansion,DL,Delhi,DL-NDL,New Delhi,648.4,378,297,867.4,Possession,2023-03-02,2026-12-31,IN_PROGRESS,2023-01-10 10:00:00
LG-JK-0754,Industrial Park & SEZ - Srinagar Sector,Industrial Park & SEZ,JK,Jammu and Kashmir,JK-SGR,Srinagar,951.6,379,345,1950.0,Final Handover,2022-02-27,2026-12-31,IN_PROGRESS,2023-01-10 10:00:00
LG-LA-0755,Urban Metro Rail - Kargil Sector,Urban Metro Rail,LA,Ladakh,LA-KRG,Kargil,803.1,426,310,2586.8,Possession,2021-09-06,2026-12-31,IN_PROGRESS,2023-01-10 10:00:00
LG-LD-0756,Industrial Park & SEZ - Kavaratti Sector,Industrial Park & SEZ,LD,Lakshadweep,LD-KVT,Kavaratti,600.1,500,450,688.0,Legal Resolution,2022-03-24,2026-12-31,IN_PROGRESS,2023-01-10 10:00:00
LG-PY-0757,Water Pipeline & Dam Infrastructure - Puducherry Sector,Water Pipeline & Dam Infrastructure,PY,Puducherry,PY-PUD,Puducherry,850.7,943,855,1123.2,Final Handover,2024-12-24,2026-12-31,IN_PROGRESS,2023-01-10 10:00:00
LG-AP-0758,Industrial Park & SEZ - Visakhapatnam Sector,Industrial Park & SEZ,AP,Andhra Pradesh,AP-VIS,Visakhapatnam,2248.2,2444,1815,6525.9,Approval,2023-08-04,2026-12-31,IN_PROGRESS,2023-01-10 10:00:00
LG-AR-0759,Port & Maritime Logistics - Tawang Sector,Port & Maritime Logistics,AR,Arunachal Pradesh,AR-TWG,Tawang,1021.5,509,371,3394.7,R&R,2023-01-30,2026-12-31,IN_PROGRESS,2023-01-10 10:00:00
LG-AS-0760,Highway Expansion - Kamrup Metropolitan Sector,Highway Expansion,AS,Assam,AS-KMR,Kamrup Metropolitan,788.1,706,695,1515.0,Final Handover,2024-09-09,2026-12-31,IN_PROGRESS,2023-01-10 10:00:00
LG-BR-0761,Solar & Renewable Energy Park - Bhagalpur Sector,Solar & Renewable Energy Park,BR,Bihar,BR-BGP,Bhagalpur,207.8,111,121,335.7,Objection/Hearing,2021-04-30,2026-12-31,IN_PROGRESS,2023-01-10 10:00:00
LG-CG-0762,Urban Metro Rail - Bilaspur Sector,Urban Metro Rail,CG,Chhattisgarh,CG-BLS,Bilaspur,542.6,416,316,1596.1,Land Identification,2021-10-07,2026-12-31,IN_PROGRESS,2023-01-10 10:00:00
LG-GA-0763,Port & Maritime Logistics - South Goa Sector,Port & Maritime Logistics,GA,Goa,GA-SGO,South Goa,2335.4,723,753,2763.7,Legal Resolution,2024-06-02,2026-12-31,IN_PROGRESS,2023-01-10 10:00:00
LG-GJ-0764,Highway Expansion - Surat Sector,Highway Expansion,GJ,Gujarat,GJ-SRT,Surat,361.3,204,148,1237.4,Possession,2021-02-03,2026-12-31,IN_PROGRESS,2023-01-10 10:00:00
LG-HR-0765,Port & Maritime Logistics - Karnal Sector,Port & Maritime Logistics,HR,Haryana,HR-KRN,Karnal,2070.9,1392,1320,6311.1,Documentation,2022-06-25,2026-12-31,IN_PROGRESS,2023-01-10 10:00:00
LG-HP-0766,Port & Maritime Logistics - Mandi Sector,Port & Maritime Logistics,HP,Himachal Pradesh,HP-MND,Mandi,993.9,976,793,1478.7,R&R,2021-10-29,2026-12-31,IN_PROGRESS,2023-01-10 10:00:00
LG-JH-0767,Highway Expansion - Bokaro Sector,Highway Expansion,JH,Jharkhand,JH-BKR,Bokaro,1690.5,1862,1972,3426.5,Land Identification,2023-09-20,2026-12-31,IN_PROGRESS,2023-01-10 10:00:00
LG-KA-0768,Solar & Renewable Energy Park - Belagavi Sector,Solar & Renewable Energy Park,KA,Karnataka,KA-BEL,Belagavi,661.9,530,409,567.9,Notification,2021-11-03,2026-12-31,IN_PROGRESS,2023-01-10 10:00:00
LG-KL-0769,Solar & Renewable Energy Park - Kozhikode Sector,Solar & Renewable Energy Park,KL,Kerala,KL-CLT,Kozhikode,1134.9,1264,894,2446.8,R&R,2023-10-20,2026-12-31,IN_PROGRESS,2023-01-10 10:00:00
LG-MP-0770,Airport Expansion - Indore Sector,Airport Expansion,MP,Madhya Pradesh,MP-IND,Indore,1096.5,978,747,3475.5,Objection/Hearing,2023-04-29,2026-12-31,IN_PROGRESS,2023-01-10 10:00:00
LG-MH-0771,Industrial Park & SEZ - Nagpur Sector,Industrial Park & SEZ,MH,Maharashtra,MH-NGP,Nagpur,419.7,233,169,1382.9,Compensation,2022-03-24,2026-12-31,IN_PROGRESS,2023-01-10 10:00:00
LG-MN-0772,Highway Expansion - Imphal East Sector,Highway Expansion,MN,Manipur,MN-IMP,Imphal East,1107.1,407,392,2749.4,Land Identification,2024-08-16,2026-12-31,IN_PROGRESS,2023-01-10 10:00:00
LG-ML-0773,Railway Line & Freight Corridor - East Khasi Hills (Shillong) Sector,Railway Line & Freight Corridor,ML,Meghalaya,ML-SHL,East Khasi Hills (Shillong),961.7,544,525,3063.3,Objection/Hearing,2024-01-08,2026-12-31,IN_PROGRESS,2023-01-10 10:00:00
LG-MZ-0774,Highway Expansion - Aizawl Sector,Highway Expansion,MZ,Mizoram,MZ-AIZ,Aizawl,1996.8,918,983,6533.6,Legal Resolution,2023-06-25,2026-12-31,IN_PROGRESS,2023-01-10 10:00:00
LG-NL-0775,Airport Expansion - Kohima Sector,Airport Expansion,NL,Nagaland,NL-KHM,Kohima,2031.2,936,727,1718.8,Survey,2021-04-04,2026-12-31,IN_PROGRESS,2023-01-10 10:00:00
LG-OD-0776,Railway Line & Freight Corridor - Sundargarh (Rourkela) Sector,Railway Line & Freight Corridor,OD,Odisha,OD-SNG,Sundargarh (Rourkela),1646.6,1255,978,4586.5,Land Identification,2021-04-27,2026-12-31,IN_PROGRESS,2023-01-10 10:00:00
LG-PB-0777,Highway Expansion - Jalandhar Sector,Highway Expansion,PB,Punjab,PB-JAL,Jalandhar,850.3,392,312,1895.8,Approval,2024-02-01,2026-12-31,IN_PROGRESS,2023-01-10 10:00:00
LG-RJ-0778,Industrial Park & SEZ - Jodhpur Sector,Industrial Park & SEZ,RJ,Rajasthan,RJ-JHD,Jodhpur,2117.4,2527,1977,6679.6,Possession,2023-03-01,2026-12-31,IN_PROGRESS,2023-01-10 10:00:00
LG-SK-0779,Highway Expansion - Gangtok (East Sikkim) Sector,Highway Expansion,SK,Sikkim,SK-GNT,Gangtok (East Sikkim),2434.2,1146,1106,7146.8,Approval,2022-04-08,2026-12-31,IN_PROGRESS,2023-01-10 10:00:00
LG-TN-0780,Industrial Park & SEZ - Madurai Sector,Industrial Park & SEZ,TN,Tamil Nadu,TN-MDU,Madurai,65.4,72,65,70.1,Final Handover,2022-06-30,2026-12-31,IN_PROGRESS,2023-01-10 10:00:00
LG-TS-0781,Industrial Park & SEZ - Hyderabad Sector,Industrial Park & SEZ,TS,Telangana,TS-HYD,Hyderabad,1768.7,1130,1105,5340.3,R&R,2023-02-27,2026-12-31,IN_PROGRESS,2023-01-10 10:00:00
LG-TR-0782,Industrial Park & SEZ - Gomati Sector,Industrial Park & SEZ,TR,Tripura,TR-GMA,Gomati,1469.4,1244,1092,3664.7,Documentation,2024-06-18,2026-12-31,IN_PROGRESS,2023-01-10 10:00:00
LG-UP-0783,Urban Metro Rail - Lucknow Sector,Urban Metro Rail,UP,Uttar Pradesh,UP-LKO,Lucknow,2016.7,2060,2139,2226.2,Legal Resolution,2022-05-12,2026-12-31,IN_PROGRESS,2023-01-10 10:00:00
LG-UK-0784,Airport Expansion - Nainital Sector,Airport Expansion,UK,Uttarakhand,UK-NTL,Nainital,2195.8,1304,1001,6711.2,Land Identification,2021-12-02,2026-12-31,IN_PROGRESS,2023-01-10 10:00:00
LG-WB-0785,Port & Maritime Logistics - Kolkata Sector,Port & Maritime Logistics,WB,West Bengal,WB-KOL,Kolkata,1232.0,1108,1015,1773.8,Possession,2023-08-29,2026-12-31,IN_PROGRESS,2023-01-10 10:00:00
LG-AN-0786,Airport Expansion - South Andaman (Port Blair) Sector,Airport Expansion,AN,Andaman and Nicobar Islands,AN-SND,South Andaman (Port Blair),299.5,329,332,527.4,Approval,2021-02-05,2026-12-31,IN_PROGRESS,2023-01-10 10:00:00
LG-CH-0787,Highway Expansion - Chandigarh Sector,Highway Expansion,CH,Chandigarh,CH-CHD,Chandigarh,326.8,318,277,1045.5,Survey,2021-04-08,2026-12-31,IN_PROGRESS,2023-01-10 10:00:00
LG-DH-0788,Industrial Park & SEZ - Silvassa Sector,Industrial Park & SEZ,DH,Dadra and Nagar Haveli and Daman and Diu,DH-SLV,Silvassa,1979.1,818,678,3422.5,Possession,2023-06-13,2026-12-31,IN_PROGRESS,2023-01-10 10:00:00
LG-DL-0789,Solar & Renewable Energy Park - South Delhi Sector,Solar & Renewable Energy Park,DL,Delhi,DL-SDL,South Delhi,1727.6,1024,961,4184.4,Objection/Hearing,2021-12-16,2026-12-31,IN_PROGRESS,2023-01-10 10:00:00
LG-JK-0790,Urban Metro Rail - Srinagar Sector,Urban Metro Rail,JK,Jammu and Kashmir,JK-SGR,Srinagar,1016.2,907,978,3366.1,Survey,2023-08-26,2026-12-31,IN_PROGRESS,2023-01-10 10:00:00
LG-LA-0791,Port & Maritime Logistics - Leh Sector,Port & Maritime Logistics,LA,Ladakh,LA-LEH,Leh,392.9,421,311,437.0,R&R,2022-11-03,2026-12-31,IN_PROGRESS,2023-01-10 10:00:00
LG-LD-0792,Industrial Park & SEZ - Kavaratti Sector,Industrial Park & SEZ,LD,Lakshadweep,LD-KVT,Kavaratti,779.0,846,839,2417.7,Notification,2021-08-18,2026-12-31,IN_PROGRESS,2023-01-10 10:00:00
LG-PY-0793,Railway Line & Freight Corridor - Puducherry Sector,Railway Line & Freight Corridor,PY,Puducherry,PY-PUD,Puducherry,1348.1,915,960,1328.3,Approval,2022-05-06,2026-12-31,IN_PROGRESS,2023-01-10 10:00:00
LG-AP-0794,Port & Maritime Logistics - Vizianagaram Sector,Port & Maritime Logistics,AP,Andhra Pradesh,AP-VIZ,Vizianagaram,1726.5,1005,752,4604.7,Compensation,2022-11-01,2026-12-31,IN_PROGRESS,2023-01-10 10:00:00
LG-AR-0795,Airport Expansion - Tawang Sector,Airport Expansion,AR,Arunachal Pradesh,AR-TWG,Tawang,2337.1,1947,1672,7751.7,Notification,2022-04-05,2026-12-31,IN_PROGRESS,2023-01-10 10:00:00
LG-AS-0796,Water Pipeline & Dam Infrastructure - Silchar (Cachar) Sector,Water Pipeline & Dam Infrastructure,AS,Assam,AS-SLR,Silchar (Cachar),608.3,191,202,1854.2,Final Handover,2024-12-22,2026-12-31,IN_PROGRESS,2023-01-10 10:00:00
LG-BR-0797,Port & Maritime Logistics - Bhagalpur Sector,Port & Maritime Logistics,BR,Bihar,BR-BGP,Bhagalpur,1123.2,904,949,3397.1,Legal Resolution,2022-11-04,2026-12-31,IN_PROGRESS,2023-01-10 10:00:00
LG-CG-0798,Railway Line & Freight Corridor - Korba Sector,Railway Line & Freight Corridor,CG,Chhattisgarh,CG-KRB,Korba,1182.2,1340,1340,2634.7,Notification,2022-11-05,2026-12-31,IN_PROGRESS,2023-01-10 10:00:00
LG-GA-0799,Railway Line & Freight Corridor - North Goa Sector,Railway Line & Freight Corridor,GA,Goa,GA-NGO,North Goa,1466.4,1244,1361,4476.3,Survey,2022-07-18,2026-12-31,IN_PROGRESS,2023-01-10 10:00:00
LG-GJ-0800,Urban Metro Rail - Surat Sector,Urban Metro Rail,GJ,Gujarat,GJ-SRT,Surat,2066.6,1314,1249,5319.2,R&R,2024-01-08,2026-12-31,IN_PROGRESS,2023-01-10 10:00:00
LG-HR-0801,Solar & Renewable Energy Park - Karnal Sector,Solar & Renewable Energy Park,HR,Haryana,HR-KRN,Karnal,379.3,409,343,552.7,Compensation,2021-03-28,2026-12-31,IN_PROGRESS,2023-01-10 10:00:00
LG-HP-0802,Water Pipeline & Dam Infrastructure - Mandi Sector,Water Pipeline & Dam Infrastructure,HP,Himachal Pradesh,HP-MND,Mandi,553.8,543,410,1100.8,Approval,2024-11-14,2026-12-31,IN_PROGRESS,2023-01-10 10:00:00
LG-JH-0803,Airport Expansion - Dhanbad Sector,Airport Expansion,JH,Jharkhand,JH-DHN,Dhanbad,2060.0,1061,949,2682.2,Objection/Hearing,2021-08-25,2026-12-31,IN_PROGRESS,2023-01-10 10:00:00
LG-KA-0804,Airport Expansion - Belagavi Sector,Airport Expansion,KA,Karnataka,KA-BEL,Belagavi,61.5,69,56,135.8,Compensation,2022-06-07,2026-12-31,IN_PROGRESS,2023-01-10 10:00:00
LG-KL-0805,Highway Expansion - Kozhikode Sector,Highway Expansion,KL,Kerala,KL-CLT,Kozhikode,2439.5,2846,2034,6359.9,R&R,2021-01-03,2026-12-31,IN_PROGRESS,2023-01-10 10:00:00
LG-MP-0806,Highway Expansion - Indore Sector,Highway Expansion,MP,Madhya Pradesh,MP-IND,Indore,1459.6,1193,856,3119.6,Notification,2024-11-24,2026-12-31,IN_PROGRESS,2023-01-10 10:00:00
LG-MH-0807,Water Pipeline & Dam Infrastructure - Nagpur Sector,Water Pipeline & Dam Infrastructure,MH,Maharashtra,MH-NGP,Nagpur,382.7,283,249,1224.0,Land Identification,2024-08-07,2026-12-31,IN_PROGRESS,2023-01-10 10:00:00
LG-MN-0808,Urban Metro Rail - Imphal East Sector,Urban Metro Rail,MN,Manipur,MN-IMP,Imphal East,575.4,319,283,482.0,Notification,2021-07-13,2026-12-31,IN_PROGRESS,2023-01-10 10:00:00
LG-ML-0809,Railway Line & Freight Corridor - West Garo Hills (Tura) Sector,Railway Line & Freight Corridor,ML,Meghalaya,ML-TUA,West Garo Hills (Tura),1655.3,750,785,5321.8,Possession,2021-03-13,2026-12-31,IN_PROGRESS,2023-01-10 10:00:00
LG-MZ-0810,Highway Expansion - Aizawl Sector,Highway Expansion,MZ,Mizoram,MZ-AIZ,Aizawl,1572.4,1482,1220,5311.3,Documentation,2021-10-23,2026-12-31,IN_PROGRESS,2023-01-10 10:00:00
LG-NL-0811,Solar & Renewable Energy Park - Kohima Sector,Solar & Renewable Energy Park,NL,Nagaland,NL-KHM,Kohima,2089.3,1931,1871,2643.9,Survey,2021-08-09,2026-12-31,IN_PROGRESS,2023-01-10 10:00:00
LG-OD-0812,Urban Metro Rail - Sundargarh (Rourkela) Sector,Urban Metro Rail,OD,Odisha,OD-SNG,Sundargarh (Rourkela),1007.8,1030,1018,996.9,Objection/Hearing,2022-02-07,2026-12-31,IN_PROGRESS,2023-01-10 10:00:00
LG-PB-0813,Water Pipeline & Dam Infrastructure - Ludhiana Sector,Water Pipeline & Dam Infrastructure,PB,Punjab,PB-LDH,Ludhiana,470.6,180,140,1409.5,Possession,2021-03-26,2026-12-31,IN_PROGRESS,2023-01-10 10:00:00
LG-RJ-0814,Water Pipeline & Dam Infrastructure - Jaipur Sector,Water Pipeline & Dam Infrastructure,RJ,Rajasthan,RJ-JPR,Jaipur,2093.9,1485,1221,3976.5,Documentation,2022-04-07,2026-12-31,IN_PROGRESS,2023-01-10 10:00:00
LG-SK-0815,Solar & Renewable Energy Park - Gangtok (East Sikkim) Sector,Solar & Renewable Energy Park,SK,Sikkim,SK-GNT,Gangtok (East Sikkim),797.5,830,845,1659.6,Documentation,2023-02-09,2026-12-31,IN_PROGRESS,2023-01-10 10:00:00
LG-TN-0816,Port & Maritime Logistics - Tiruchirappalli Sector,Port & Maritime Logistics,TN,Tamil Nadu,TN-TRY,Tiruchirappalli,324.3,108,80,762.9,Survey,2022-10-17,2026-12-31,IN_PROGRESS,2023-01-10 10:00:00
LG-TS-0817,Industrial Park & SEZ - Khammam Sector,Industrial Park & SEZ,TS,Telangana,TS-KHM,Khammam,574.0,368,266,474.2,R&R,2022-07-06,2026-12-31,IN_PROGRESS,2023-01-10 10:00:00
LG-TR-0818,Airport Expansion - West Tripura (Agartala) Sector,Airport Expansion,TR,Tripura,TR-AGT,West Tripura (Agartala),1539.4,1473,1106,2051.9,Objection/Hearing,2022-04-17,2026-12-31,IN_PROGRESS,2023-01-10 10:00:00
LG-UP-0819,Railway Line & Freight Corridor - Gautam Buddha Nagar (Noida) Sector,Railway Line & Freight Corridor,UP,Uttar Pradesh,UP-GBN,Gautam Buddha Nagar (Noida),2494.8,1195,1183,6618.9,Documentation,2021-01-30,2026-12-31,IN_PROGRESS,2023-01-10 10:00:00
LG-UK-0820,Railway Line & Freight Corridor - Nainital Sector,Railway Line & Freight Corridor,UK,Uttarakhand,UK-NTL,Nainital,347.2,141,143,299.5,Survey,2023-02-27,2026-12-31,IN_PROGRESS,2023-01-10 10:00:00
LG-WB-0821,Water Pipeline & Dam Infrastructure - Paschim Medinipur Sector,Water Pipeline & Dam Infrastructure,WB,West Bengal,WB-PAS,Paschim Medinipur,2499.9,1624,1163,2155.6,Possession,2024-04-22,2026-12-31,IN_PROGRESS,2023-01-10 10:00:00
LG-AN-0822,Industrial Park & SEZ - South Andaman (Port Blair) Sector,Industrial Park & SEZ,AN,Andaman and Nicobar Islands,AN-SND,South Andaman (Port Blair),2433.3,1144,919,7517.0,Land Identification,2021-05-21,2026-12-31,IN_PROGRESS,2023-01-10 10:00:00
LG-CH-0823,Solar & Renewable Energy Park - Chandigarh Sector,Solar & Renewable Energy Park,CH,Chandigarh,CH-CHD,Chandigarh,2209.0,2096,2146,5980.0,R&R,2021-07-07,2026-12-31,IN_PROGRESS,2023-01-10 10:00:00
LG-DH-0824,Industrial Park & SEZ - Silvassa Sector,Industrial Park & SEZ,DH,Dadra and Nagar Haveli and Daman and Diu,DH-SLV,Silvassa,1195.5,1208,1018,4090.4,Compensation,2022-10-01,2026-12-31,IN_PROGRESS,2023-01-10 10:00:00
LG-DL-0825,Industrial Park & SEZ - South Delhi Sector,Industrial Park & SEZ,DL,Delhi,DL-SDL,South Delhi,1976.4,2326,1950,1676.6,Final Handover,2023-03-26,2026-12-31,IN_PROGRESS,2023-01-10 10:00:00
LG-JK-0826,Urban Metro Rail - Srinagar Sector,Urban Metro Rail,JK,Jammu and Kashmir,JK-SGR,Srinagar,2459.8,1019,1012,8112.7,Compensation,2021-05-21,2026-12-31,IN_PROGRESS,2023-01-10 10:00:00
LG-LA-0827,Solar & Renewable Energy Park - Leh Sector,Solar & Renewable Energy Park,LA,Ladakh,LA-LEH,Leh,987.9,1155,857,1025.3,Approval,2021-01-15,2026-12-31,IN_PROGRESS,2023-01-10 10:00:00
LG-LD-0828,Industrial Park & SEZ - Kavaratti Sector,Industrial Park & SEZ,LD,Lakshadweep,LD-KVT,Kavaratti,1015.9,1207,1090,3136.8,Compensation,2022-12-21,2026-12-31,IN_PROGRESS,2023-01-10 10:00:00
LG-PY-0829,Urban Metro Rail - Puducherry Sector,Urban Metro Rail,PY,Puducherry,PY-PUD,Puducherry,935.9,311,338,1023.8,R&R,2022-09-14,2026-12-31,IN_PROGRESS,2023-01-10 10:00:00
LG-AP-0830,Port & Maritime Logistics - Guntur Sector,Port & Maritime Logistics,AP,Andhra Pradesh,AP-GNT,Guntur,450.9,239,242,381.6,Compensation,2024-09-13,2026-12-31,IN_PROGRESS,2023-01-10 10:00:00
LG-AR-0831,Port & Maritime Logistics - Papum Pare Sector,Port & Maritime Logistics,AR,Arunachal Pradesh,AR-ITN,Papum Pare,1709.1,1726,1553,5354.3,Documentation,2021-05-13,2026-12-31,IN_PROGRESS,2023-01-10 10:00:00
LG-AS-0832,Railway Line & Freight Corridor - Silchar (Cachar) Sector,Railway Line & Freight Corridor,AS,Assam,AS-SLR,Silchar (Cachar),2015.3,942,984,2256.8,Compensation,2021-04-15,2026-12-31,IN_PROGRESS,2023-01-10 10:00:00
LG-BR-0833,Railway Line & Freight Corridor - Patna Sector,Railway Line & Freight Corridor,BR,Bihar,BR-PAT,Patna,269.2,147,158,367.9,Legal Resolution,2021-08-28,2026-12-31,IN_PROGRESS,2023-01-10 10:00:00
LG-CG-0834,Solar & Renewable Energy Park - Raipur Sector,Solar & Renewable Energy Park,CG,Chhattisgarh,CG-RPR,Raipur,291.4,257,266,733.6,R&R,2022-11-05,2026-12-31,IN_PROGRESS,2023-01-10 10:00:00
LG-GA-0835,Urban Metro Rail - North Goa Sector,Urban Metro Rail,GA,Goa,GA-NGO,North Goa,1196.5,1377,1022,1046.0,R&R,2021-08-16,2026-12-31,IN_PROGRESS,2023-01-10 10:00:00
LG-GJ-0836,Highway Expansion - Ahmedabad Sector,Highway Expansion,GJ,Gujarat,GJ-AMD,Ahmedabad,496.0,276,194,1364.8,R&R,2023-01-21,2026-12-31,IN_PROGRESS,2023-01-10 10:00:00
LG-HR-0837,Airport Expansion - Karnal Sector,Airport Expansion,HR,Haryana,HR-KRN,Karnal,1401.1,1488,1196,3641.8,Land Identification,2023-03-08,2026-12-31,IN_PROGRESS,2023-01-10 10:00:00
LG-HP-0838,Highway Expansion - Kangra Sector,Highway Expansion,HP,Himachal Pradesh,HP-KNG,Kangra,583.1,365,398,1970.0,Final Handover,2023-12-07,2026-12-31,IN_PROGRESS,2023-01-10 10:00:00
LG-JH-0839,Highway Expansion - Ranchi Sector,Highway Expansion,JH,Jharkhand,JH-RNC,Ranchi,825.2,417,316,1480.7,Survey,2023-02-12,2026-12-31,IN_PROGRESS,2023-01-10 10:00:00
LG-KA-0840,Airport Expansion - Belagavi Sector,Airport Expansion,KA,Karnataka,KA-BEL,Belagavi,686.0,819,734,2068.1,Possession,2023-05-20,2026-12-31,IN_PROGRESS,2023-01-10 10:00:00
LG-KL-0841,Railway Line & Freight Corridor - Thrissur Sector,Railway Line & Freight Corridor,KL,Kerala,KL-TCR,Thrissur,886.3,472,401,2955.8,Land Identification,2024-10-07,2026-12-31,IN_PROGRESS,2023-01-10 10:00:00
LG-MP-0842,Highway Expansion - Indore Sector,Highway Expansion,MP,Madhya Pradesh,MP-IND,Indore,2075.9,1489,1257,6175.5,Final Handover,2023-09-12,2026-12-31,IN_PROGRESS,2023-01-10 10:00:00
LG-MH-0843,Highway Expansion - Thane Sector,Highway Expansion,MH,Maharashtra,MH-THN,Thane,446.9,203,163,1264.6,Final Handover,2023-12-18,2026-12-31,IN_PROGRESS,2023-01-10 10:00:00
LG-MN-0844,Urban Metro Rail - Churachandpur Sector,Urban Metro Rail,MN,Manipur,MN-CBR,Churachandpur,1830.2,2141,1842,3527.6,Documentation,2023-01-04,2026-12-31,IN_PROGRESS,2023-01-10 10:00:00
LG-ML-0845,Solar & Renewable Energy Park - East Khasi Hills (Shillong) Sector,Solar & Renewable Energy Park,ML,Meghalaya,ML-SHL,East Khasi Hills (Shillong),64.8,65,63,216.9,Possession,2021-10-24,2026-12-31,IN_PROGRESS,2023-01-10 10:00:00
LG-MZ-0846,Highway Expansion - Aizawl Sector,Highway Expansion,MZ,Mizoram,MZ-AIZ,Aizawl,641.0,643,516,1975.4,Legal Resolution,2022-03-07,2026-12-31,IN_PROGRESS,2023-01-10 10:00:00
LG-NL-0847,Railway Line & Freight Corridor - Dimapur Sector,Railway Line & Freight Corridor,NL,Nagaland,NL-DMP,Dimapur,1086.2,381,311,2677.8,R&R,2023-02-01,2026-12-31,IN_PROGRESS,2023-01-10 10:00:00
LG-OD-0848,Airport Expansion - Cuttack Sector,Airport Expansion,OD,Odisha,OD-CTC,Cuttack,2487.5,2949,3001,2083.5,Notification,2022-01-13,2026-12-31,IN_PROGRESS,2023-01-10 10:00:00
LG-PB-0849,Highway Expansion - Ludhiana Sector,Highway Expansion,PB,Punjab,PB-LDH,Ludhiana,763.5,365,282,2332.4,Documentation,2022-06-04,2026-12-31,IN_PROGRESS,2023-01-10 10:00:00
LG-RJ-0850,Highway Expansion - Udaipur Sector,Highway Expansion,RJ,Rajasthan,RJ-UDP,Udaipur,432.9,266,263,1302.0,R&R,2022-10-28,2026-12-31,IN_PROGRESS,2023-01-10 10:00:00
LG-SK-0851,Highway Expansion - Namchi (South Sikkim) Sector,Highway Expansion,SK,Sikkim,SK-NAM,Namchi (South Sikkim),357.3,245,212,667.0,Objection/Hearing,2021-12-18,2026-12-31,IN_PROGRESS,2023-01-10 10:00:00
LG-TN-0852,Highway Expansion - Chengalpattu Sector,Highway Expansion,TN,Tamil Nadu,TN-CGL,Chengalpattu,465.6,368,355,1532.0,Possession,2021-12-18,2026-12-31,IN_PROGRESS,2023-01-10 10:00:00
LG-TS-0853,Railway Line & Freight Corridor - Warangal Sector,Railway Line & Freight Corridor,TS,Telangana,TS-WGL,Warangal,149.8,154,163,445.6,Objection/Hearing,2021-05-02,2026-12-31,IN_PROGRESS,2023-01-10 10:00:00
LG-TR-0854,Solar & Renewable Energy Park - West Tripura (Agartala) Sector,Solar & Renewable Energy Park,TR,Tripura,TR-AGT,West Tripura (Agartala),2132.0,1395,1067,4162.2,Land Identification,2024-01-06,2026-12-31,IN_PROGRESS,2023-01-10 10:00:00
LG-UP-0855,Industrial Park & SEZ - Agra Sector,Industrial Park & SEZ,UP,Uttar Pradesh,UP-AGR,Agra,2380.9,966,769,5095.9,Approval,2021-06-04,2026-12-31,IN_PROGRESS,2023-01-10 10:00:00
LG-UK-0856,Urban Metro Rail - Dehradun Sector,Urban Metro Rail,UK,Uttarakhand,UK-DHR,Dehradun,294.7,187,184,337.7,Compensation,2022-07-16,2026-12-31,IN_PROGRESS,2023-01-10 10:00:00
LG-WB-0857,Port & Maritime Logistics - Howrah Sector,Port & Maritime Logistics,WB,West Bengal,WB-HWR,Howrah,2192.7,1191,924,5928.9,Survey,2022-12-26,2026-12-31,IN_PROGRESS,2023-01-10 10:00:00
LG-AN-0858,Port & Maritime Logistics - South Andaman (Port Blair) Sector,Port & Maritime Logistics,AN,Andaman and Nicobar Islands,AN-SND,South Andaman (Port Blair),1746.4,918,690,5974.5,R&R,2024-01-22,2026-12-31,IN_PROGRESS,2023-01-10 10:00:00
LG-CH-0859,Urban Metro Rail - Chandigarh Sector,Urban Metro Rail,CH,Chandigarh,CH-CHD,Chandigarh,2207.5,2167,2027,7643.9,Compensation,2022-12-27,2026-12-31,IN_PROGRESS,2023-01-10 10:00:00
LG-DH-0860,Port & Maritime Logistics - Daman Sector,Port & Maritime Logistics,DH,Dadra and Nagar Haveli and Daman and Diu,DH-DMN,Daman,1763.7,1657,1476,3337.3,Documentation,2021-02-06,2026-12-31,IN_PROGRESS,2023-01-10 10:00:00
LG-DL-0861,Industrial Park & SEZ - New Delhi Sector,Industrial Park & SEZ,DL,Delhi,DL-NDL,New Delhi,914.0,928,996,1732.5,Notification,2023-07-05,2026-12-31,IN_PROGRESS,2023-01-10 10:00:00
LG-JK-0862,Airport Expansion - Srinagar Sector,Airport Expansion,JK,Jammu and Kashmir,JK-SGR,Srinagar,1016.3,1065,934,1181.8,Compensation,2021-01-01,2026-12-31,IN_PROGRESS,2023-01-10 10:00:00
LG-LA-0863,Urban Metro Rail - Leh Sector,Urban Metro Rail,LA,Ladakh,LA-LEH,Leh,651.7,643,588,833.9,Documentation,2022-09-03,2026-12-31,IN_PROGRESS,2023-01-10 10:00:00
LG-LD-0864,Highway Expansion - Kavaratti Sector,Highway Expansion,LD,Lakshadweep,LD-KVT,Kavaratti,1211.3,838,630,1889.3,R&R,2024-12-31,2026-12-31,IN_PROGRESS,2023-01-10 10:00:00
LG-PY-0865,Solar & Renewable Energy Park - Karaikal Sector,Solar & Renewable Energy Park,PY,Puducherry,PY-KKL,Karaikal,1795.8,2098,1720,5988.0,Survey,2023-03-08,2026-12-31,IN_PROGRESS,2023-01-10 10:00:00
LG-AP-0866,Highway Expansion - Chittoor Sector,Highway Expansion,AP,Andhra Pradesh,AP-CTR,Chittoor,2056.0,2245,2297,4272.6,Objection/Hearing,2021-07-24,2026-12-31,IN_PROGRESS,2023-01-10 10:00:00
LG-AR-0867,Port & Maritime Logistics - Tawang Sector,Port & Maritime Logistics,AR,Arunachal Pradesh,AR-TWG,Tawang,2000.5,1502,1284,2980.6,Possession,2021-01-23,2026-12-31,IN_PROGRESS,2023-01-10 10:00:00
LG-AS-0868,Highway Expansion - Kamrup Metropolitan Sector,Highway Expansion,AS,Assam,AS-KMR,Kamrup Metropolitan,2449.2,741,619,5271.5,Objection/Hearing,2024-07-05,2026-12-31,IN_PROGRESS,2023-01-10 10:00:00
LG-BR-0869,Railway Line & Freight Corridor - Bhagalpur Sector,Railway Line & Freight Corridor,BR,Bihar,BR-BGP,Bhagalpur,769.3,546,591,1700.8,Notification,2022-03-11,2026-12-31,IN_PROGRESS,2023-01-10 10:00:00
LG-CG-0870,Port & Maritime Logistics - Raipur Sector,Port & Maritime Logistics,CG,Chhattisgarh,CG-RPR,Raipur,1664.8,1821,1338,3007.4,R&R,2024-06-01,2026-12-31,IN_PROGRESS,2023-01-10 10:00:00
LG-GA-0871,Highway Expansion - South Goa Sector,Highway Expansion,GA,Goa,GA-SGO,South Goa,876.8,291,285,1753.0,Compensation,2024-04-27,2026-12-31,IN_PROGRESS,2023-01-10 10:00:00
LG-GJ-0872,Airport Expansion - Rajkot Sector,Airport Expansion,GJ,Gujarat,GJ-RJK,Rajkot,856.3,644,535,2067.1,Land Identification,2023-03-05,2026-12-31,IN_PROGRESS,2023-01-10 10:00:00
LG-HR-0873,Railway Line & Freight Corridor - Faridabad Sector,Railway Line & Freight Corridor,HR,Haryana,HR-FDB,Faridabad,1751.4,617,591,4054.1,Survey,2024-01-22,2026-12-31,IN_PROGRESS,2023-01-10 10:00:00
LG-HP-0874,Railway Line & Freight Corridor - Mandi Sector,Railway Line & Freight Corridor,HP,Himachal Pradesh,HP-MND,Mandi,1698.6,1375,1257,2091.5,Survey,2024-02-25,2026-12-31,IN_PROGRESS,2023-01-10 10:00:00
LG-JH-0875,Railway Line & Freight Corridor - Jamshedpur (East Singhbhum) Sector,Railway Line & Freight Corridor,JH,Jharkhand,JH-JSH,Jamshedpur (East Singhbhum),1702.7,874,726,4520.9,Final Handover,2024-05-16,2026-12-31,IN_PROGRESS,2023-01-10 10:00:00
LG-KA-0876,Urban Metro Rail - Dakshina Kannada (Mangaluru) Sector,Urban Metro Rail,KA,Karnataka,KA-DKN,Dakshina Kannada (Mangaluru),1425.5,1085,1096,3675.6,Approval,2021-04-22,2026-12-31,IN_PROGRESS,2023-01-10 10:00:00
LG-KL-0877,Railway Line & Freight Corridor - Thiruvananthapuram Sector,Railway Line & Freight Corridor,KL,Kerala,KL-TVM,Thiruvananthapuram,980.1,1044,1099,2321.3,Final Handover,2021-10-18,2026-12-31,IN_PROGRESS,2023-01-10 10:00:00
LG-MP-0878,Railway Line & Freight Corridor - Bhopal Sector,Railway Line & Freight Corridor,MP,Madhya Pradesh,MP-BPL,Bhopal,1162.9,769,700,2816.2,Compensation,2024-02-01,2026-12-31,IN_PROGRESS,2023-01-10 10:00:00
LG-MH-0879,Highway Expansion - Thane Sector,Highway Expansion,MH,Maharashtra,MH-THN,Thane,1086.3,904,673,2628.4,Compensation,2021-08-14,2026-12-31,IN_PROGRESS,2023-01-10 10:00:00
LG-MN-0880,Urban Metro Rail - Churachandpur Sector,Urban Metro Rail,MN,Manipur,MN-CBR,Churachandpur,848.9,709,675,1100.6,Notification,2022-11-16,2026-12-31,IN_PROGRESS,2023-01-10 10:00:00
LG-ML-0881,Water Pipeline & Dam Infrastructure - East Khasi Hills (Shillong) Sector,Water Pipeline & Dam Infrastructure,ML,Meghalaya,ML-SHL,East Khasi Hills (Shillong),942.4,290,266,1431.4,Legal Resolution,2023-04-10,2026-12-31,IN_PROGRESS,2023-01-10 10:00:00
LG-MZ-0882,Water Pipeline & Dam Infrastructure - Aizawl Sector,Water Pipeline & Dam Infrastructure,MZ,Mizoram,MZ-AIZ,Aizawl,1984.9,1986,1611,1675.1,Approval,2023-03-31,2026-12-31,IN_PROGRESS,2023-01-10 10:00:00
LG-NL-0883,Highway Expansion - Dimapur Sector,Highway Expansion,NL,Nagaland,NL-DMP,Dimapur,983.8,1009,950,2447.0,R&R,2023-04-16,2026-12-31,IN_PROGRESS,2023-01-10 10:00:00
LG-OD-0884,Highway Expansion - Cuttack Sector,Highway Expansion,OD,Odisha,OD-CTC,Cuttack,990.4,652,708,3329.0,Possession,2024-04-09,2026-12-31,IN_PROGRESS,2023-01-10 10:00:00
LG-PB-0885,Highway Expansion - SAS Nagar (Mohali) Sector,Highway Expansion,PB,Punjab,PB-SAS,SAS Nagar (Mohali),787.7,411,374,734.1,Notification,2024-05-30,2026-12-31,IN_PROGRESS,2023-01-10 10:00:00
LG-RJ-0886,Industrial Park & SEZ - Kota Sector,Industrial Park & SEZ,RJ,Rajasthan,RJ-KTA,Kota,2108.2,2006,2161,7131.6,Notification,2024-08-28,2026-12-31,IN_PROGRESS,2023-01-10 10:00:00
LG-SK-0887,Solar & Renewable Energy Park - Namchi (South Sikkim) Sector,Solar & Renewable Energy Park,SK,Sikkim,SK-NAM,Namchi (South Sikkim),441.4,444,477,514.5,Land Identification,2022-11-06,2026-12-31,IN_PROGRESS,2023-01-10 10:00:00
LG-TN-0888,Highway Expansion - Tiruchirappalli Sector,Highway Expansion,TN,Tamil Nadu,TN-TRY,Tiruchirappalli,1640.1,1757,1512,1895.3,Land Identification,2021-06-24,2026-12-31,IN_PROGRESS,2023-01-10 10:00:00
LG-TS-0889,Port & Maritime Logistics - Ranga Reddy Sector,Port & Maritime Logistics,TS,Telangana,TS-RNG,Ranga Reddy,602.6,220,171,1556.7,Objection/Hearing,2023-04-09,2026-12-31,IN_PROGRESS,2023-01-10 10:00:00
LG-TR-0890,Urban Metro Rail - West Tripura (Agartala) Sector,Urban Metro Rail,TR,Tripura,TR-AGT,West Tripura (Agartala),1313.3,622,549,1723.9,Documentation,2022-08-25,2026-12-31,IN_PROGRESS,2023-01-10 10:00:00
LG-UP-0891,Water Pipeline & Dam Infrastructure - Lucknow Sector,Water Pipeline & Dam Infrastructure,UP,Uttar Pradesh,UP-LKO,Lucknow,1063.2,391,392,1055.2,Legal Resolution,2024-07-13,2026-12-31,IN_PROGRESS,2023-01-10 10:00:00
LG-UK-0892,Railway Line & Freight Corridor - Nainital Sector,Railway Line & Freight Corridor,UK,Uttarakhand,UK-NTL,Nainital,1417.9,877,614,2460.1,Survey,2021-07-15,2026-12-31,IN_PROGRESS,2023-01-10 10:00:00
LG-WB-0893,Solar & Renewable Energy Park - Kolkata Sector,Solar & Renewable Energy Park,WB,West Bengal,WB-KOL,Kolkata,831.4,482,441,2875.6,Approval,2024-05-22,2026-12-31,IN_PROGRESS,2023-01-10 10:00:00
LG-AN-0894,Water Pipeline & Dam Infrastructure - South Andaman (Port Blair) Sector,Water Pipeline & Dam Infrastructure,AN,Andaman and Nicobar Islands,AN-SND,South Andaman (Port Blair),1358.7,422,361,1664.6,Objection/Hearing,2021-07-05,2026-12-31,IN_PROGRESS,2023-01-10 10:00:00
LG-CH-0895,Airport Expansion - Chandigarh Sector,Airport Expansion,CH,Chandigarh,CH-CHD,Chandigarh,1244.1,939,1019,2870.9,Land Identification,2024-05-06,2026-12-31,IN_PROGRESS,2023-01-10 10:00:00
LG-DH-0896,Railway Line & Freight Corridor - Daman Sector,Railway Line & Freight Corridor,DH,Dadra and Nagar Haveli and Daman and Diu,DH-DMN,Daman,871.5,477,398,807.9,Documentation,2023-03-29,2026-12-31,IN_PROGRESS,2023-01-10 10:00:00
LG-DL-0897,Solar & Renewable Energy Park - South Delhi Sector,Solar & Renewable Energy Park,DL,Delhi,DL-SDL,South Delhi,775.9,740,801,739.5,R&R,2024-10-22,2026-12-31,IN_PROGRESS,2023-01-10 10:00:00
LG-JK-0898,Airport Expansion - Srinagar Sector,Airport Expansion,JK,Jammu and Kashmir,JK-SGR,Srinagar,490.5,291,292,890.3,Land Identification,2023-01-15,2026-12-31,IN_PROGRESS,2023-01-10 10:00:00
LG-LA-0899,Airport Expansion - Leh Sector,Airport Expansion,LA,Ladakh,LA-LEH,Leh,629.4,413,328,1912.7,Objection/Hearing,2021-04-01,2026-12-31,IN_PROGRESS,2023-01-10 10:00:00
LG-LD-0900,Port & Maritime Logistics - Kavaratti Sector,Port & Maritime Logistics,LD,Lakshadweep,LD-KVT,Kavaratti,381.4,323,269,1014.2,Legal Resolution,2023-01-30,2026-12-31,IN_PROGRESS,2023-01-10 10:00:00
LG-PY-0901,Solar & Renewable Energy Park - Karaikal Sector,Solar & Renewable Energy Park,PY,Puducherry,PY-KKL,Karaikal,2454.6,2040,1539,4078.0,R&R,2024-05-23,2026-12-31,IN_PROGRESS,2023-01-10 10:00:00
LG-AP-0902,Port & Maritime Logistics - Guntur Sector,Port & Maritime Logistics,AP,Andhra Pradesh,AP-GNT,Guntur,1025.4,682,713,2473.5,Final Handover,2023-01-30,2026-12-31,IN_PROGRESS,2023-01-10 10:00:00
LG-AR-0903,Industrial Park & SEZ - Changlang Sector,Industrial Park & SEZ,AR,Arunachal Pradesh,AR-CGL,Changlang,1906.5,2119,1827,2200.0,Objection/Hearing,2021-05-09,2026-12-31,IN_PROGRESS,2023-01-10 10:00:00
LG-AS-0904,Solar & Renewable Energy Park - Dibrugarh Sector,Solar & Renewable Energy Park,AS,Assam,AS-DBR,Dibrugarh,790.4,385,360,1288.7,Possession,2022-06-28,2026-12-31,IN_PROGRESS,2023-01-10 10:00:00
LG-BR-0905,Airport Expansion - Bhagalpur Sector,Airport Expansion,BR,Bihar,BR-BGP,Bhagalpur,2412.8,2757,2864,4566.1,Approval,2023-05-30,2026-12-31,IN_PROGRESS,2023-01-10 10:00:00
LG-CG-0906,Water Pipeline & Dam Infrastructure - Korba Sector,Water Pipeline & Dam Infrastructure,CG,Chhattisgarh,CG-KRB,Korba,2013.2,764,615,6261.0,Final Handover,2021-07-25,2026-12-31,IN_PROGRESS,2023-01-10 10:00:00
LG-GA-0907,Industrial Park & SEZ - North Goa Sector,Industrial Park & SEZ,GA,Goa,GA-NGO,North Goa,2047.9,2337,2473,4182.9,Possession,2024-04-30,2026-12-31,IN_PROGRESS,2023-01-10 10:00:00
LG-GJ-0908,Urban Metro Rail - Rajkot Sector,Urban Metro Rail,GJ,Gujarat,GJ-RJK,Rajkot,608.5,619,561,968.7,Approval,2022-09-01,2026-12-31,IN_PROGRESS,2023-01-10 10:00:00
LG-HR-0909,Urban Metro Rail - Gurugram Sector,Urban Metro Rail,HR,Haryana,HR-GGM,Gurugram,1400.2,698,496,3829.4,Compensation,2022-08-06,2026-12-31,IN_PROGRESS,2023-01-10 10:00:00
LG-HP-0910,Airport Expansion - Kangra Sector,Airport Expansion,HP,Himachal Pradesh,HP-KNG,Kangra,2325.0,2225,1582,6898.7,Land Identification,2022-03-01,2026-12-31,IN_PROGRESS,2023-01-10 10:00:00
LG-JH-0911,Highway Expansion - Dhanbad Sector,Highway Expansion,JH,Jharkhand,JH-DHN,Dhanbad,1704.7,1843,1638,4855.4,R&R,2021-12-09,2026-12-31,IN_PROGRESS,2023-01-10 10:00:00
LG-KA-0912,Solar & Renewable Energy Park - Belagavi Sector,Solar & Renewable Energy Park,KA,Karnataka,KA-BEL,Belagavi,821.9,605,565,889.4,Approval,2024-04-17,2026-12-31,IN_PROGRESS,2023-01-10 10:00:00
LG-KL-0913,Solar & Renewable Energy Park - Thiruvananthapuram Sector,Solar & Renewable Energy Park,KL,Kerala,KL-TVM,Thiruvananthapuram,1513.2,1544,1208,4575.3,Compensation,2022-08-31,2026-12-31,IN_PROGRESS,2023-01-10 10:00:00
LG-MP-0914,Highway Expansion - Jabalpur Sector,Highway Expansion,MP,Madhya Pradesh,MP-JBP,Jabalpur,60.0,21,20,118.8,Documentation,2021-10-09,2026-12-31,IN_PROGRESS,2023-01-10 10:00:00
LG-MH-0915,Urban Metro Rail - Pune Sector,Urban Metro Rail,MH,Maharashtra,MH-PUN,Pune,1153.1,1013,972,1102.5,Final Handover,2024-01-25,2026-12-31,IN_PROGRESS,2023-01-10 10:00:00
LG-MN-0916,Airport Expansion - Churachandpur Sector,Airport Expansion,MN,Manipur,MN-CBR,Churachandpur,110.0,100,90,291.9,Possession,2022-07-06,2026-12-31,IN_PROGRESS,2023-01-10 10:00:00
LG-ML-0917,Airport Expansion - West Garo Hills (Tura) Sector,Airport Expansion,ML,Meghalaya,ML-TUA,West Garo Hills (Tura),374.4,145,120,1210.2,Legal Resolution,2024-11-02,2026-12-31,IN_PROGRESS,2023-01-10 10:00:00
LG-MZ-0918,Port & Maritime Logistics - Lunglei Sector,Port & Maritime Logistics,MZ,Mizoram,MZ-LGL,Lunglei,1326.5,1364,1395,4126.4,Notification,2024-10-31,2026-12-31,IN_PROGRESS,2023-01-10 10:00:00
LG-NL-0919,Airport Expansion - Dimapur Sector,Airport Expansion,NL,Nagaland,NL-DMP,Dimapur,91.6,91,94,276.2,Land Identification,2021-05-11,2026-12-31,IN_PROGRESS,2023-01-10 10:00:00
LG-OD-0920,Railway Line & Freight Corridor - Sundargarh (Rourkela) Sector,Railway Line & Freight Corridor,OD,Odisha,OD-SNG,Sundargarh (Rourkela),570.8,514,362,1643.6,Final Handover,2021-05-16,2026-12-31,IN_PROGRESS,2023-01-10 10:00:00
LG-PB-0921,Water Pipeline & Dam Infrastructure - SAS Nagar (Mohali) Sector,Water Pipeline & Dam Infrastructure,PB,Punjab,PB-SAS,SAS Nagar (Mohali),782.9,593,648,1837.6,Legal Resolution,2024-08-04,2026-12-31,IN_PROGRESS,2023-01-10 10:00:00
LG-RJ-0922,Railway Line & Freight Corridor - Jodhpur Sector,Railway Line & Freight Corridor,RJ,Rajasthan,RJ-JHD,Jodhpur,916.7,712,776,1079.7,R&R,2022-07-29,2026-12-31,IN_PROGRESS,2023-01-10 10:00:00
LG-SK-0923,Solar & Renewable Energy Park - Namchi (South Sikkim) Sector,Solar & Renewable Energy Park,SK,Sikkim,SK-NAM,Namchi (South Sikkim),2483.9,2280,2254,3338.3,R&R,2023-12-06,2026-12-31,IN_PROGRESS,2023-01-10 10:00:00
LG-TN-0924,Solar & Renewable Energy Park - Tiruchirappalli Sector,Solar & Renewable Energy Park,TN,Tamil Nadu,TN-TRY,Tiruchirappalli,456.1,309,275,1507.8,Approval,2021-07-22,2026-12-31,IN_PROGRESS,2023-01-10 10:00:00
LG-TS-0925,Port & Maritime Logistics - Khammam Sector,Port & Maritime Logistics,TS,Telangana,TS-KHM,Khammam,2063.2,1664,1440,4707.5,Land Identification,2023-05-11,2026-12-31,IN_PROGRESS,2023-01-10 10:00:00
LG-TR-0926,Port & Maritime Logistics - Gomati Sector,Port & Maritime Logistics,TR,Tripura,TR-GMA,Gomati,2068.6,2245,2213,5160.7,Legal Resolution,2021-04-24,2026-12-31,IN_PROGRESS,2023-01-10 10:00:00
LG-UP-0927,Water Pipeline & Dam Infrastructure - Lucknow Sector,Water Pipeline & Dam Infrastructure,UP,Uttar Pradesh,UP-LKO,Lucknow,1884.9,1350,980,4475.9,Objection/Hearing,2023-10-09,2026-12-31,IN_PROGRESS,2023-01-10 10:00:00
LG-UK-0928,Railway Line & Freight Corridor - Haridwar Sector,Railway Line & Freight Corridor,UK,Uttarakhand,UK-HRD,Haridwar,492.0,561,569,1194.1,Final Handover,2022-11-15,2026-12-31,IN_PROGRESS,2023-01-10 10:00:00
LG-WB-0929,Railway Line & Freight Corridor - Kolkata Sector,Railway Line & Freight Corridor,WB,West Bengal,WB-KOL,Kolkata,165.3,136,107,480.1,Possession,2024-02-11,2026-12-31,IN_PROGRESS,2023-01-10 10:00:00
LG-AN-0930,Airport Expansion - South Andaman (Port Blair) Sector,Airport Expansion,AN,Andaman and Nicobar Islands,AN-SND,South Andaman (Port Blair),2162.5,2172,2271,7548.6,Approval,2022-11-24,2026-12-31,IN_PROGRESS,2023-01-10 10:00:00
LG-CH-0931,Urban Metro Rail - Chandigarh Sector,Urban Metro Rail,CH,Chandigarh,CH-CHD,Chandigarh,1315.6,1236,1003,1211.3,Objection/Hearing,2023-11-09,2026-12-31,IN_PROGRESS,2023-01-10 10:00:00
LG-DH-0932,Railway Line & Freight Corridor - Silvassa Sector,Railway Line & Freight Corridor,DH,Dadra and Nagar Haveli and Daman and Diu,DH-SLV,Silvassa,1872.0,1543,1350,5908.6,Possession,2023-07-04,2026-12-31,IN_PROGRESS,2023-01-10 10:00:00
LG-DL-0933,Solar & Renewable Energy Park - East Delhi Sector,Solar & Renewable Energy Park,DL,Delhi,DL-EDL,East Delhi,2045.3,735,578,2380.2,Objection/Hearing,2023-09-10,2026-12-31,IN_PROGRESS,2023-01-10 10:00:00
LG-JK-0934,Highway Expansion - Srinagar Sector,Highway Expansion,JK,Jammu and Kashmir,JK-SGR,Srinagar,384.9,402,334,690.7,Final Handover,2022-09-16,2026-12-31,IN_PROGRESS,2023-01-10 10:00:00
LG-LA-0935,Solar & Renewable Energy Park - Kargil Sector,Solar & Renewable Energy Park,LA,Ladakh,LA-KRG,Kargil,1997.0,2120,2085,3693.8,Survey,2022-12-09,2026-12-31,IN_PROGRESS,2023-01-10 10:00:00
LG-LD-0936,Railway Line & Freight Corridor - Kavaratti Sector,Railway Line & Freight Corridor,LD,Lakshadweep,LD-KVT,Kavaratti,1631.5,1873,1978,1740.8,Notification,2022-07-15,2026-12-31,IN_PROGRESS,2023-01-10 10:00:00
LG-PY-0937,Industrial Park & SEZ - Puducherry Sector,Industrial Park & SEZ,PY,Puducherry,PY-PUD,Puducherry,1090.6,1164,976,3619.3,Land Identification,2024-03-23,2026-12-31,IN_PROGRESS,2023-01-10 10:00:00
LG-AP-0938,Airport Expansion - Krishna Sector,Airport Expansion,AP,Andhra Pradesh,AP-KRS,Krishna,2292.4,1261,1291,7538.9,Documentation,2021-09-20,2026-12-31,IN_PROGRESS,2023-01-10 10:00:00
LG-AR-0939,Railway Line & Freight Corridor - Tawang Sector,Railway Line & Freight Corridor,AR,Arunachal Pradesh,AR-TWG,Tawang,852.1,743,602,1610.2,Notification,2022-08-25,2026-12-31,IN_PROGRESS,2023-01-10 10:00:00
LG-AS-0940,Airport Expansion - Dibrugarh Sector,Airport Expansion,AS,Assam,AS-DBR,Dibrugarh,584.6,474,480,1030.7,Final Handover,2023-02-21,2026-12-31,IN_PROGRESS,2023-01-10 10:00:00
LG-BR-0941,Industrial Park & SEZ - Patna Sector,Industrial Park & SEZ,BR,Bihar,BR-PAT,Patna,1870.2,1124,815,5142.0,Approval,2022-07-10,2026-12-31,IN_PROGRESS,2023-01-10 10:00:00
LG-CG-0942,Port & Maritime Logistics - Raipur Sector,Port & Maritime Logistics,CG,Chhattisgarh,CG-RPR,Raipur,1732.3,975,1005,2081.9,Survey,2021-08-23,2026-12-31,IN_PROGRESS,2023-01-10 10:00:00
LG-GA-0943,Airport Expansion - South Goa Sector,Airport Expansion,GA,Goa,GA-SGO,South Goa,282.2,134,131,838.7,R&R,2021-04-16,2026-12-31,IN_PROGRESS,2023-01-10 10:00:00
LG-GJ-0944,Water Pipeline & Dam Infrastructure - Ahmedabad Sector,Water Pipeline & Dam Infrastructure,GJ,Gujarat,GJ-AMD,Ahmedabad,2006.2,742,654,1850.5,Final Handover,2023-04-11,2026-12-31,IN_PROGRESS,2023-01-10 10:00:00
LG-HR-0945,Airport Expansion - Gurugram Sector,Airport Expansion,HR,Haryana,HR-GGM,Gurugram,131.4,61,44,445.3,Compensation,2022-11-18,2026-12-31,IN_PROGRESS,2023-01-10 10:00:00
LG-HP-0946,Industrial Park & SEZ - Kangra Sector,Industrial Park & SEZ,HP,Himachal Pradesh,HP-KNG,Kangra,96.8,114,98,310.8,Approval,2023-11-30,2026-12-31,IN_PROGRESS,2023-01-10 10:00:00
LG-JH-0947,Railway Line & Freight Corridor - Ranchi Sector,Railway Line & Freight Corridor,JH,Jharkhand,JH-RNC,Ranchi,329.0,160,146,448.9,Possession,2021-07-26,2026-12-31,IN_PROGRESS,2023-01-10 10:00:00
LG-KA-0948,Solar & Renewable Energy Park - Mysuru Sector,Solar & Renewable Energy Park,KA,Karnataka,KA-MYS,Mysuru,504.9,333,335,810.1,Legal Resolution,2023-05-27,2026-12-31,IN_PROGRESS,2023-01-10 10:00:00
LG-KL-0949,Water Pipeline & Dam Infrastructure - Ernakulam (Kochi) Sector,Water Pipeline & Dam Infrastructure,KL,Kerala,KL-EKM,Ernakulam (Kochi),2084.4,1293,1336,2185.9,Documentation,2023-02-25,2026-12-31,IN_PROGRESS,2023-01-10 10:00:00
LG-MP-0950,Urban Metro Rail - Jabalpur Sector,Urban Metro Rail,MP,Madhya Pradesh,MP-JBP,Jabalpur,660.6,702,687,812.5,Legal Resolution,2022-07-09,2026-12-31,IN_PROGRESS,2023-01-10 10:00:00
LG-MH-0951,Water Pipeline & Dam Infrastructure - Thane Sector,Water Pipeline & Dam Infrastructure,MH,Maharashtra,MH-THN,Thane,2313.3,1007,746,4816.3,Documentation,2024-08-05,2026-12-31,IN_PROGRESS,2023-01-10 10:00:00
LG-MN-0952,Urban Metro Rail - Churachandpur Sector,Urban Metro Rail,MN,Manipur,MN-CBR,Churachandpur,1559.0,1522,1527,4561.3,Survey,2023-05-01,2026-12-31,IN_PROGRESS,2023-01-10 10:00:00
LG-ML-0953,Water Pipeline & Dam Infrastructure - East Khasi Hills (Shillong) Sector,Water Pipeline & Dam Infrastructure,ML,Meghalaya,ML-SHL,East Khasi Hills (Shillong),1743.3,1738,1754,5833.2,Notification,2024-01-04,2026-12-31,IN_PROGRESS,2023-01-10 10:00:00
LG-MZ-0954,Port & Maritime Logistics - Aizawl Sector,Port & Maritime Logistics,MZ,Mizoram,MZ-AIZ,Aizawl,1624.0,1712,1711,5646.7,Final Handover,2021-12-03,2026-12-31,IN_PROGRESS,2023-01-10 10:00:00
LG-NL-0955,Solar & Renewable Energy Park - Dimapur Sector,Solar & Renewable Energy Park,NL,Nagaland,NL-DMP,Dimapur,1439.5,546,471,4997.7,Land Identification,2023-04-24,2026-12-31,IN_PROGRESS,2023-01-10 10:00:00
LG-OD-0956,Railway Line & Freight Corridor - Khurda (Bhubaneswar) Sector,Railway Line & Freight Corridor,OD,Odisha,OD-KHD,Khurda (Bhubaneswar),527.0,267,290,728.2,Final Handover,2023-05-09,2026-12-31,IN_PROGRESS,2023-01-10 10:00:00
LG-PB-0957,Railway Line & Freight Corridor - Ludhiana Sector,Railway Line & Freight Corridor,PB,Punjab,PB-LDH,Ludhiana,1031.1,1214,1130,2802.5,Final Handover,2024-09-08,2026-12-31,IN_PROGRESS,2023-01-10 10:00:00
LG-RJ-0958,Highway Expansion - Jaipur Sector,Highway Expansion,RJ,Rajasthan,RJ-JPR,Jaipur,653.8,281,304,1881.8,Notification,2023-10-25,2026-12-31,IN_PROGRESS,2023-01-10 10:00:00
LG-SK-0959,Highway Expansion - Namchi (South Sikkim) Sector,Highway Expansion,SK,Sikkim,SK-NAM,Namchi (South Sikkim),245.6,247,182,661.9,Survey,2023-10-12,2026-12-31,IN_PROGRESS,2023-01-10 10:00:00
LG-TN-0960,Solar & Renewable Energy Park - Chennai Sector,Solar & Renewable Energy Park,TN,Tamil Nadu,TN-CHE,Chennai,275.4,115,105,853.2,Notification,2022-10-12,2026-12-31,IN_PROGRESS,2023-01-10 10:00:00
LG-TS-0961,Water Pipeline & Dam Infrastructure - Hyderabad Sector,Water Pipeline & Dam Infrastructure,TS,Telangana,TS-HYD,Hyderabad,789.1,926,891,1438.7,Possession,2022-08-10,2026-12-31,IN_PROGRESS,2023-01-10 10:00:00
LG-TR-0962,Port & Maritime Logistics - Gomati Sector,Port & Maritime Logistics,TR,Tripura,TR-GMA,Gomati,459.7,271,271,984.4,Notification,2021-06-03,2026-12-31,IN_PROGRESS,2023-01-10 10:00:00
LG-UP-0963,Highway Expansion - Gautam Buddha Nagar (Noida) Sector,Highway Expansion,UP,Uttar Pradesh,UP-GBN,Gautam Buddha Nagar (Noida),125.0,49,53,336.5,Objection/Hearing,2023-06-06,2026-12-31,IN_PROGRESS,2023-01-10 10:00:00
LG-UK-0964,Solar & Renewable Energy Park - Dehradun Sector,Solar & Renewable Energy Park,UK,Uttarakhand,UK-DHR,Dehradun,987.8,303,214,904.5,Notification,2024-09-01,2026-12-31,IN_PROGRESS,2023-01-10 10:00:00
LG-WB-0965,Airport Expansion - Paschim Medinipur Sector,Airport Expansion,WB,West Bengal,WB-PAS,Paschim Medinipur,1376.7,486,393,4714.4,Survey,2023-09-23,2026-12-31,IN_PROGRESS,2023-01-10 10:00:00
LG-AN-0966,Port & Maritime Logistics - South Andaman (Port Blair) Sector,Port & Maritime Logistics,AN,Andaman and Nicobar Islands,AN-SND,South Andaman (Port Blair),2172.5,1680,1416,5292.6,Possession,2022-09-01,2026-12-31,IN_PROGRESS,2023-01-10 10:00:00
LG-CH-0967,Urban Metro Rail - Chandigarh Sector,Urban Metro Rail,CH,Chandigarh,CH-CHD,Chandigarh,830.8,832,729,991.3,Final Handover,2023-12-23,2026-12-31,IN_PROGRESS,2023-01-10 10:00:00
LG-DH-0968,Railway Line & Freight Corridor - Silvassa Sector,Railway Line & Freight Corridor,DH,Dadra and Nagar Haveli and Daman and Diu,DH-SLV,Silvassa,1574.0,1761,1734,2659.2,Notification,2021-06-08,2026-12-31,IN_PROGRESS,2023-01-10 10:00:00
LG-DL-0969,Highway Expansion - New Delhi Sector,Highway Expansion,DL,Delhi,DL-NDL,New Delhi,994.5,975,876,3246.4,Final Handover,2024-12-25,2026-12-31,IN_PROGRESS,2023-01-10 10:00:00
LG-JK-0970,Port & Maritime Logistics - Jammu Sector,Port & Maritime Logistics,JK,Jammu and Kashmir,JK-JMU,Jammu,1501.3,863,869,3409.1,Notification,2022-01-18,2026-12-31,IN_PROGRESS,2023-01-10 10:00:00
LG-LA-0971,Water Pipeline & Dam Infrastructure - Kargil Sector,Water Pipeline & Dam Infrastructure,LA,Ladakh,LA-KRG,Kargil,2239.5,839,694,4477.3,Survey,2022-04-02,2026-12-31,IN_PROGRESS,2023-01-10 10:00:00
LG-LD-0972,Industrial Park & SEZ - Kavaratti Sector,Industrial Park & SEZ,LD,Lakshadweep,LD-KVT,Kavaratti,841.6,916,644,1314.0,Documentation,2022-05-08,2026-12-31,IN_PROGRESS,2023-01-10 10:00:00
LG-PY-0973,Water Pipeline & Dam Infrastructure - Karaikal Sector,Water Pipeline & Dam Infrastructure,PY,Puducherry,PY-KKL,Karaikal,740.4,859,920,1360.3,Legal Resolution,2024-02-28,2026-12-31,IN_PROGRESS,2023-01-10 10:00:00
LG-AP-0974,Airport Expansion - Vizianagaram Sector,Airport Expansion,AP,Andhra Pradesh,AP-VIZ,Vizianagaram,604.6,333,354,711.9,Compensation,2023-03-15,2026-12-31,IN_PROGRESS,2023-01-10 10:00:00
LG-AR-0975,Port & Maritime Logistics - Papum Pare Sector,Port & Maritime Logistics,AR,Arunachal Pradesh,AR-ITN,Papum Pare,1727.0,1435,1521,3164.9,Approval,2023-08-31,2026-12-31,IN_PROGRESS,2023-01-10 10:00:00
LG-AS-0976,Railway Line & Freight Corridor - Kamrup Metropolitan Sector,Railway Line & Freight Corridor,AS,Assam,AS-KMR,Kamrup Metropolitan,1462.3,1284,1007,3613.8,Legal Resolution,2024-05-22,2026-12-31,IN_PROGRESS,2023-01-10 10:00:00
LG-BR-0977,Highway Expansion - Muzaffarpur Sector,Highway Expansion,BR,Bihar,BR-MZP,Muzaffarpur,1831.4,1504,1426,5908.1,Approval,2021-01-01,2026-12-31,IN_PROGRESS,2023-01-10 10:00:00
LG-CG-0978,Water Pipeline & Dam Infrastructure - Bilaspur Sector,Water Pipeline & Dam Infrastructure,CG,Chhattisgarh,CG-BLS,Bilaspur,81.5,78,73,273.1,Objection/Hearing,2022-02-06,2026-12-31,IN_PROGRESS,2023-01-10 10:00:00
LG-GA-0979,Port & Maritime Logistics - North Goa Sector,Port & Maritime Logistics,GA,Goa,GA-NGO,North Goa,1218.1,425,410,3596.2,Possession,2021-05-03,2026-12-31,IN_PROGRESS,2023-01-10 10:00:00
LG-GJ-0980,Port & Maritime Logistics - Ahmedabad Sector,Port & Maritime Logistics,GJ,Gujarat,GJ-AMD,Ahmedabad,1485.1,541,408,4471.0,R&R,2022-08-06,2026-12-31,IN_PROGRESS,2023-01-10 10:00:00
LG-HR-0981,Urban Metro Rail - Faridabad Sector,Urban Metro Rail,HR,Haryana,HR-FDB,Faridabad,1772.4,648,490,3510.9,Possession,2024-09-11,2026-12-31,IN_PROGRESS,2023-01-10 10:00:00
LG-HP-0982,Industrial Park & SEZ - Shimla Sector,Industrial Park & SEZ,HP,Himachal Pradesh,HP-SML,Shimla,151.0,58,46,475.8,Compensation,2022-12-25,2026-12-31,IN_PROGRESS,2023-01-10 10:00:00
LG-JH-0983,Water Pipeline & Dam Infrastructure - Jamshedpur (East Singhbhum) Sector,Water Pipeline & Dam Infrastructure,JH,Jharkhand,JH-JSH,Jamshedpur (East Singhbhum),2377.9,1495,1281,7875.5,Compensation,2024-06-10,2026-12-31,IN_PROGRESS,2023-01-10 10:00:00
LG-KA-0984,Port & Maritime Logistics - Belagavi Sector,Port & Maritime Logistics,KA,Karnataka,KA-BEL,Belagavi,988.5,1122,1170,1172.4,Final Handover,2021-04-22,2026-12-31,IN_PROGRESS,2023-01-10 10:00:00
LG-KL-0985,Solar & Renewable Energy Park - Thiruvananthapuram Sector,Solar & Renewable Energy Park,KL,Kerala,KL-TVM,Thiruvananthapuram,1120.9,1125,954,909.9,Documentation,2022-02-06,2026-12-31,IN_PROGRESS,2023-01-10 10:00:00
LG-MP-0986,Highway Expansion - Jabalpur Sector,Highway Expansion,MP,Madhya Pradesh,MP-JBP,Jabalpur,1174.4,567,544,2619.1,Survey,2022-08-23,2026-12-31,IN_PROGRESS,2023-01-10 10:00:00
LG-MH-0987,Industrial Park & SEZ - Pune Sector,Industrial Park & SEZ,MH,Maharashtra,MH-PUN,Pune,2129.3,2140,2189,4154.5,Land Identification,2021-08-20,2026-12-31,IN_PROGRESS,2023-01-10 10:00:00
LG-MN-0988,Urban Metro Rail - Imphal East Sector,Urban Metro Rail,MN,Manipur,MN-IMP,Imphal East,1086.0,766,712,936.1,R&R,2021-12-07,2026-12-31,IN_PROGRESS,2023-01-10 10:00:00
LG-ML-0989,Airport Expansion - West Garo Hills (Tura) Sector,Airport Expansion,ML,Meghalaya,ML-TUA,West Garo Hills (Tura),735.8,694,500,2311.2,Documentation,2022-06-20,2026-12-31,IN_PROGRESS,2023-01-10 10:00:00
LG-MZ-0990,Highway Expansion - Aizawl Sector,Highway Expansion,MZ,Mizoram,MZ-AIZ,Aizawl,581.0,448,404,1467.1,Land Identification,2022-08-09,2026-12-31,IN_PROGRESS,2023-01-10 10:00:00
LG-NL-0991,Water Pipeline & Dam Infrastructure - Kohima Sector,Water Pipeline & Dam Infrastructure,NL,Nagaland,NL-KHM,Kohima,810.2,476,429,1079.3,Possession,2024-08-02,2026-12-31,IN_PROGRESS,2023-01-10 10:00:00
LG-OD-0992,Urban Metro Rail - Ganjam Sector,Urban Metro Rail,OD,Odisha,OD-GJM,Ganjam,1235.1,484,356,2208.0,Compensation,2023-05-19,2026-12-31,IN_PROGRESS,2023-01-10 10:00:00
LG-PB-0993,Highway Expansion - Jalandhar Sector,Highway Expansion,PB,Punjab,PB-JAL,Jalandhar,865.5,1022,800,1135.4,Objection/Hearing,2024-08-11,2026-12-31,IN_PROGRESS,2023-01-10 10:00:00
LG-RJ-0994,Railway Line & Freight Corridor - Jaipur Sector,Railway Line & Freight Corridor,RJ,Rajasthan,RJ-JPR,Jaipur,1719.2,1350,1089,3349.6,R&R,2023-09-21,2026-12-31,IN_PROGRESS,2023-01-10 10:00:00
LG-SK-0995,Industrial Park & SEZ - Gangtok (East Sikkim) Sector,Industrial Park & SEZ,SK,Sikkim,SK-GNT,Gangtok (East Sikkim),833.8,906,768,1342.0,Survey,2022-05-04,2026-12-31,IN_PROGRESS,2023-01-10 10:00:00
LG-TN-0996,Railway Line & Freight Corridor - Chennai Sector,Railway Line & Freight Corridor,TN,Tamil Nadu,TN-CHE,Chennai,2203.1,1654,1250,2525.5,Legal Resolution,2024-08-29,2026-12-31,IN_PROGRESS,2023-01-10 10:00:00
LG-TS-0997,Water Pipeline & Dam Infrastructure - Khammam Sector,Water Pipeline & Dam Infrastructure,TS,Telangana,TS-KHM,Khammam,2464.4,947,897,8145.8,Compensation,2021-09-04,2026-12-31,IN_PROGRESS,2023-01-10 10:00:00
LG-TR-0998,Industrial Park & SEZ - Gomati Sector,Industrial Park & SEZ,TR,Tripura,TR-GMA,Gomati,445.6,464,377,523.0,Final Handover,2023-02-17,2026-12-31,IN_PROGRESS,2023-01-10 10:00:00
LG-UP-0999,Highway Expansion - Varanasi Sector,Highway Expansion,UP,Uttar Pradesh,UP-VNS,Varanasi,1917.5,1152,1169,4571.7,Survey,2022-11-05,2026-12-31,IN_PROGRESS,2023-01-10 10:00:00
LG-UK-1000,Port & Maritime Logistics - Haridwar Sector,Port & Maritime Logistics,UK,Uttarakhand,UK-HRD,Haridwar,1514.8,1631,1740,2043.4,Objection/Hearing,2022-08-15,2026-12-31,IN_PROGRESS,2023-01-10 10:00:00
LG-WB-1001,Urban Metro Rail - Kolkata Sector,Urban Metro Rail,WB,West Bengal,WB-KOL,Kolkata,274.5,328,294,322.4,Final Handover,2023-04-15,2026-12-31,IN_PROGRESS,2023-01-10 10:00:00
LG-AN-1002,Highway Expansion - South Andaman (Port Blair) Sector,Highway Expansion,AN,Andaman and Nicobar Islands,AN-SND,South Andaman (Port Blair),261.6,235,199,221.6,Survey,2024-04-21,2026-12-31,IN_PROGRESS,2023-01-10 10:00:00
LG-CH-1003,Highway Expansion - Chandigarh Sector,Highway Expansion,CH,Chandigarh,CH-CHD,Chandigarh,269.1,94,92,643.5,R&R,2024-05-03,2026-12-31,IN_PROGRESS,2023-01-10 10:00:00
LG-DH-1004,Highway Expansion - Daman Sector,Highway Expansion,DH,Dadra and Nagar Haveli and Daman and Diu,DH-DMN,Daman,1573.0,797,852,4258.0,Final Handover,2023-06-28,2026-12-31,IN_PROGRESS,2023-01-10 10:00:00
LG-DL-1005,Solar & Renewable Energy Park - East Delhi Sector,Solar & Renewable Energy Park,DL,Delhi,DL-EDL,East Delhi,1934.3,2054,2154,6307.1,Approval,2021-05-31,2026-12-31,IN_PROGRESS,2023-01-10 10:00:00
LG-JK-1006,Railway Line & Freight Corridor - Srinagar Sector,Railway Line & Freight Corridor,JK,Jammu and Kashmir,JK-SGR,Srinagar,1416.4,1683,1680,1668.3,Compensation,2024-05-26,2026-12-31,IN_PROGRESS,2023-01-10 10:00:00
LG-LA-1007,Airport Expansion - Leh Sector,Airport Expansion,LA,Ladakh,LA-LEH,Leh,2320.8,1599,1455,6022.4,Objection/Hearing,2021-02-20,2026-12-31,IN_PROGRESS,2023-01-10 10:00:00
LG-LD-1008,Water Pipeline & Dam Infrastructure - Kavaratti Sector,Water Pipeline & Dam Infrastructure,LD,Lakshadweep,LD-KVT,Kavaratti,1626.8,613,525,4890.1,Documentation,2022-01-19,2026-12-31,IN_PROGRESS,2023-01-10 10:00:00
LG-PY-1009,Airport Expansion - Karaikal Sector,Airport Expansion,PY,Puducherry,PY-KKL,Karaikal,776.1,616,477,1788.1,R&R,2021-02-20,2026-12-31,IN_PROGRESS,2023-01-10 10:00:00
LG-AP-1010,Port & Maritime Logistics - Kurnool Sector,Port & Maritime Logistics,AP,Andhra Pradesh,AP-KRN,Kurnool,2013.5,1572,1377,5135.2,Notification,2023-12-13,2026-12-31,IN_PROGRESS,2023-01-10 10:00:00
LG-AR-1011,Urban Metro Rail - Changlang Sector,Urban Metro Rail,AR,Arunachal Pradesh,AR-CGL,Changlang,94.1,36,37,161.6,Land Identification,2021-05-11,2026-12-31,IN_PROGRESS,2023-01-10 10:00:00
LG-AS-1012,Highway Expansion - Dibrugarh Sector,Highway Expansion,AS,Assam,AS-DBR,Dibrugarh,83.4,96,91,71.2,Documentation,2022-06-20,2026-12-31,IN_PROGRESS,2023-01-10 10:00:00
LG-BR-1013,Solar & Renewable Energy Park - Muzaffarpur Sector,Solar & Renewable Energy Park,BR,Bihar,BR-MZP,Muzaffarpur,1008.0,904,848,3259.4,Final Handover,2023-10-13,2026-12-31,IN_PROGRESS,2023-01-10 10:00:00
LG-CG-1014,Port & Maritime Logistics - Korba Sector,Port & Maritime Logistics,CG,Chhattisgarh,CG-KRB,Korba,2322.3,1771,1711,7329.1,R&R,2022-02-11,2026-12-31,IN_PROGRESS,2023-01-10 10:00:00
LG-GA-1015,Port & Maritime Logistics - South Goa Sector,Port & Maritime Logistics,GA,Goa,GA-SGO,South Goa,1335.1,406,366,3263.2,Approval,2021-11-22,2026-12-31,IN_PROGRESS,2023-01-10 10:00:00
LG-GJ-1016,Port & Maritime Logistics - Ahmedabad Sector,Port & Maritime Logistics,GJ,Gujarat,GJ-AMD,Ahmedabad,2486.6,817,629,3796.2,Legal Resolution,2021-12-05,2026-12-31,IN_PROGRESS,2023-01-10 10:00:00
LG-HR-1017,Urban Metro Rail - Gurugram Sector,Urban Metro Rail,HR,Haryana,HR-GGM,Gurugram,1427.5,464,403,2433.5,Objection/Hearing,2021-08-14,2026-12-31,IN_PROGRESS,2023-01-10 10:00:00
LG-HP-1018,Urban Metro Rail - Shimla Sector,Urban Metro Rail,HP,Himachal Pradesh,HP-SML,Shimla,1889.0,1621,1674,3197.4,Survey,2021-07-25,2026-12-31,IN_PROGRESS,2023-01-10 10:00:00
LG-JH-1019,Railway Line & Freight Corridor - Dhanbad Sector,Railway Line & Freight Corridor,JH,Jharkhand,JH-DHN,Dhanbad,1745.2,1345,1208,3886.6,R&R,2024-10-18,2026-12-31,IN_PROGRESS,2023-01-10 10:00:00
LG-KA-1020,Highway Expansion - Belagavi Sector,Highway Expansion,KA,Karnataka,KA-BEL,Belagavi,2313.3,1564,1391,5247.3,Survey,2023-05-02,2026-12-31,IN_PROGRESS,2023-01-10 10:00:00
LG-KL-1021,Railway Line & Freight Corridor - Kozhikode Sector,Railway Line & Freight Corridor,KL,Kerala,KL-CLT,Kozhikode,1302.4,1309,1147,1603.8,Possession,2024-06-26,2026-12-31,IN_PROGRESS,2023-01-10 10:00:00
LG-MP-1022,Industrial Park & SEZ - Indore Sector,Industrial Park & SEZ,MP,Madhya Pradesh,MP-IND,Indore,2290.2,2137,1853,3239.3,Survey,2021-12-21,2026-12-31,IN_PROGRESS,2023-01-10 10:00:00
LG-MH-1023,Industrial Park & SEZ - Mumbai Suburban Sector,Industrial Park & SEZ,MH,Maharashtra,MH-MUM,Mumbai Suburban,1404.8,1414,1124,2058.1,Documentation,2023-08-24,2026-12-31,IN_PROGRESS,2023-01-10 10:00:00
LG-MN-1024,Highway Expansion - Imphal East Sector,Highway Expansion,MN,Manipur,MN-IMP,Imphal East,1729.9,1851,1787,4117.5,Legal Resolution,2021-09-01,2026-12-31,IN_PROGRESS,2023-01-10 10:00:00
LG-ML-1025,Industrial Park & SEZ - West Garo Hills (Tura) Sector,Industrial Park & SEZ,ML,Meghalaya,ML-TUA,West Garo Hills (Tura),1729.0,648,467,3733.3,Approval,2024-06-20,2026-12-31,IN_PROGRESS,2023-01-10 10:00:00
LG-MZ-1026,Water Pipeline & Dam Infrastructure - Lunglei Sector,Water Pipeline & Dam Infrastructure,MZ,Mizoram,MZ-LGL,Lunglei,52.4,46,38,126.1,Possession,2021-06-15,2026-12-31,IN_PROGRESS,2023-01-10 10:00:00
LG-NL-1027,Industrial Park & SEZ - Kohima Sector,Industrial Park & SEZ,NL,Nagaland,NL-KHM,Kohima,1506.4,1133,998,2818.2,Approval,2024-08-21,2026-12-31,IN_PROGRESS,2023-01-10 10:00:00
LG-OD-1028,Water Pipeline & Dam Infrastructure - Cuttack Sector,Water Pipeline & Dam Infrastructure,OD,Odisha,OD-CTC,Cuttack,472.7,162,162,506.0,Approval,2022-07-30,2026-12-31,IN_PROGRESS,2023-01-10 10:00:00
LG-PB-1029,Airport Expansion - Ludhiana Sector,Airport Expansion,PB,Punjab,PB-LDH,Ludhiana,594.5,628,499,1383.1,Final Handover,2024-10-25,2026-12-31,IN_PROGRESS,2023-01-10 10:00:00
LG-RJ-1030,Highway Expansion - Jaipur Sector,Highway Expansion,RJ,Rajasthan,RJ-JPR,Jaipur,2418.0,2712,2393,4765.9,Notification,2024-02-23,2026-12-31,IN_PROGRESS,2023-01-10 10:00:00
LG-SK-1031,Airport Expansion - Namchi (South Sikkim) Sector,Airport Expansion,SK,Sikkim,SK-NAM,Namchi (South Sikkim),1533.5,655,562,2628.1,Survey,2024-05-13,2026-12-31,IN_PROGRESS,2023-01-10 10:00:00
LG-TN-1032,Water Pipeline & Dam Infrastructure - Chengalpattu Sector,Water Pipeline & Dam Infrastructure,TN,Tamil Nadu,TN-CGL,Chengalpattu,1382.6,1584,1344,2951.8,Legal Resolution,2021-07-21,2026-12-31,IN_PROGRESS,2023-01-10 10:00:00
LG-TS-1033,Airport Expansion - Khammam Sector,Airport Expansion,TS,Telangana,TS-KHM,Khammam,551.7,273,223,1454.2,Survey,2023-07-26,2026-12-31,IN_PROGRESS,2023-01-10 10:00:00
LG-TR-1034,Water Pipeline & Dam Infrastructure - Gomati Sector,Water Pipeline & Dam Infrastructure,TR,Tripura,TR-GMA,Gomati,2321.1,1148,1056,6741.4,Approval,2021-01-07,2026-12-31,IN_PROGRESS,2023-01-10 10:00:00
LG-UP-1035,Water Pipeline & Dam Infrastructure - Gautam Buddha Nagar (Noida) Sector,Water Pipeline & Dam Infrastructure,UP,Uttar Pradesh,UP-GBN,Gautam Buddha Nagar (Noida),2340.9,1509,1417,3643.4,Land Identification,2022-06-26,2026-12-31,IN_PROGRESS,2023-01-10 10:00:00
LG-UK-1036,Highway Expansion - Haridwar Sector,Highway Expansion,UK,Uttarakhand,UK-HRD,Haridwar,2127.6,1558,1512,4722.7,R&R,2024-09-05,2026-12-31,IN_PROGRESS,2023-01-10 10:00:00
LG-WB-1037,Airport Expansion - Howrah Sector,Airport Expansion,WB,West Bengal,WB-HWR,Howrah,922.1,888,817,2068.5,Survey,2021-01-20,2026-12-31,IN_PROGRESS,2023-01-10 10:00:00
LG-AN-1038,Solar & Renewable Energy Park - South Andaman (Port Blair) Sector,Solar & Renewable Energy Park,AN,Andaman and Nicobar Islands,AN-SND,South Andaman (Port Blair),1541.6,764,814,3344.1,Survey,2024-03-21,2026-12-31,IN_PROGRESS,2023-01-10 10:00:00
LG-CH-1039,Railway Line & Freight Corridor - Chandigarh Sector,Railway Line & Freight Corridor,CH,Chandigarh,CH-CHD,Chandigarh,1003.1,1025,1000,1944.3,Survey,2022-05-11,2026-12-31,IN_PROGRESS,2023-01-10 10:00:00
LG-DH-1040,Urban Metro Rail - Silvassa Sector,Urban Metro Rail,DH,Dadra and Nagar Haveli and Daman and Diu,DH-SLV,Silvassa,1716.2,1931,1775,5223.0,Documentation,2023-09-14,2026-12-31,IN_PROGRESS,2023-01-10 10:00:00
LG-DL-1041,Water Pipeline & Dam Infrastructure - East Delhi Sector,Water Pipeline & Dam Infrastructure,DL,Delhi,DL-EDL,East Delhi,2175.7,2411,2560,2365.0,Documentation,2024-12-18,2026-12-31,IN_PROGRESS,2023-01-10 10:00:00
LG-JK-1042,Highway Expansion - Srinagar Sector,Highway Expansion,JK,Jammu and Kashmir,JK-SGR,Srinagar,2242.2,2289,2149,4949.8,Objection/Hearing,2024-06-27,2026-12-31,IN_PROGRESS,2023-01-10 10:00:00
LG-LA-1043,Airport Expansion - Leh Sector,Airport Expansion,LA,Ladakh,LA-LEH,Leh,1031.1,369,387,1425.6,Possession,2023-08-22,2026-12-31,IN_PROGRESS,2023-01-10 10:00:00
LG-LD-1044,Railway Line & Freight Corridor - Kavaratti Sector,Railway Line & Freight Corridor,LD,Lakshadweep,LD-KVT,Kavaratti,1736.4,1341,1363,4773.3,Land Identification,2023-04-24,2026-12-31,IN_PROGRESS,2023-01-10 10:00:00
LG-PY-1045,Industrial Park & SEZ - Puducherry Sector,Industrial Park & SEZ,PY,Puducherry,PY-PUD,Puducherry,1748.2,909,940,3134.9,Possession,2022-09-23,2026-12-31,IN_PROGRESS,2023-01-10 10:00:00
LG-AP-1046,Railway Line & Freight Corridor - Krishna Sector,Railway Line & Freight Corridor,AP,Andhra Pradesh,AP-KRS,Krishna,2248.3,1620,1341,6842.0,Documentation,2022-09-07,2026-12-31,IN_PROGRESS,2023-01-10 10:00:00
LG-AR-1047,Highway Expansion - Papum Pare Sector,Highway Expansion,AR,Arunachal Pradesh,AR-ITN,Papum Pare,1603.7,732,653,4362.1,Compensation,2024-04-09,2026-12-31,IN_PROGRESS,2023-01-10 10:00:00
LG-AS-1048,Solar & Renewable Energy Park - Dibrugarh Sector,Solar & Renewable Energy Park,AS,Assam,AS-DBR,Dibrugarh,1651.6,1771,1448,3009.3,Final Handover,2021-12-30,2026-12-31,IN_PROGRESS,2023-01-10 10:00:00
LG-BR-1049,Solar & Renewable Energy Park - Muzaffarpur Sector,Solar & Renewable Energy Park,BR,Bihar,BR-MZP,Muzaffarpur,480.5,251,232,882.2,Possession,2021-10-01,2026-12-31,IN_PROGRESS,2023-01-10 10:00:00
LG-CG-1050,Solar & Renewable Energy Park - Korba Sector,Solar & Renewable Energy Park,CG,Chhattisgarh,CG-KRB,Korba,850.6,502,370,2659.9,Compensation,2022-11-04,2026-12-31,IN_PROGRESS,2023-01-10 10:00:00
LG-GA-1051,Airport Expansion - South Goa Sector,Airport Expansion,GA,Goa,GA-SGO,South Goa,1315.0,907,798,2965.3,Possession,2022-06-13,2026-12-31,IN_PROGRESS,2023-01-10 10:00:00
LG-GJ-1052,Railway Line & Freight Corridor - Rajkot Sector,Railway Line & Freight Corridor,GJ,Gujarat,GJ-RJK,Rajkot,875.0,640,539,1720.9,Objection/Hearing,2021-01-01,2026-12-31,IN_PROGRESS,2023-01-10 10:00:00
LG-HR-1053,Port & Maritime Logistics - Panchkula Sector,Port & Maritime Logistics,HR,Haryana,HR-PKL,Panchkula,1910.7,601,501,3638.3,Possession,2022-04-15,2026-12-31,IN_PROGRESS,2023-01-10 10:00:00
LG-HP-1054,Port & Maritime Logistics - Shimla Sector,Port & Maritime Logistics,HP,Himachal Pradesh,HP-SML,Shimla,2184.7,2619,2281,2764.9,Compensation,2022-09-09,2026-12-31,IN_PROGRESS,2023-01-10 10:00:00
LG-JH-1055,Water Pipeline & Dam Infrastructure - Jamshedpur (East Singhbhum) Sector,Water Pipeline & Dam Infrastructure,JH,Jharkhand,JH-JSH,Jamshedpur (East Singhbhum),1395.7,892,743,4760.0,Possession,2024-08-21,2026-12-31,IN_PROGRESS,2023-01-10 10:00:00
LG-KA-1056,Urban Metro Rail - Bengaluru Urban Sector,Urban Metro Rail,KA,Karnataka,KA-BLR,Bengaluru Urban,1881.0,929,763,2933.2,Final Handover,2024-05-03,2026-12-31,IN_PROGRESS,2023-01-10 10:00:00
LG-KL-1057,Water Pipeline & Dam Infrastructure - Thiruvananthapuram Sector,Water Pipeline & Dam Infrastructure,KL,Kerala,KL-TVM,Thiruvananthapuram,2212.8,2333,2459,3571.3,Objection/Hearing,2023-08-03,2026-12-31,IN_PROGRESS,2023-01-10 10:00:00
LG-MP-1058,Industrial Park & SEZ - Jabalpur Sector,Industrial Park & SEZ,MP,Madhya Pradesh,MP-JBP,Jabalpur,1489.2,1583,1390,3039.7,Notification,2021-02-26,2026-12-31,IN_PROGRESS,2023-01-10 10:00:00
LG-MH-1059,Railway Line & Freight Corridor - Nagpur Sector,Railway Line & Freight Corridor,MH,Maharashtra,MH-NGP,Nagpur,236.3,231,232,604.9,Approval,2021-05-02,2026-12-31,IN_PROGRESS,2023-01-10 10:00:00
LG-MN-1060,Airport Expansion - Churachandpur Sector,Airport Expansion,MN,Manipur,MN-CBR,Churachandpur,945.4,574,443,1267.6,Final Handover,2021-09-24,2026-12-31,IN_PROGRESS,2023-01-10 10:00:00
LG-ML-1061,Airport Expansion - West Garo Hills (Tura) Sector,Airport Expansion,ML,Meghalaya,ML-TUA,West Garo Hills (Tura),240.6,202,203,518.5,Possession,2023-03-29,2026-12-31,IN_PROGRESS,2023-01-10 10:00:00
LG-MZ-1062,Water Pipeline & Dam Infrastructure - Lunglei Sector,Water Pipeline & Dam Infrastructure,MZ,Mizoram,MZ-LGL,Lunglei,1688.9,933,825,4012.1,Compensation,2024-10-06,2026-12-31,IN_PROGRESS,2023-01-10 10:00:00
LG-NL-1063,Urban Metro Rail - Kohima Sector,Urban Metro Rail,NL,Nagaland,NL-KHM,Kohima,58.8,27,26,125.8,Notification,2021-02-05,2026-12-31,IN_PROGRESS,2023-01-10 10:00:00
LG-OD-1064,Railway Line & Freight Corridor - Cuttack Sector,Railway Line & Freight Corridor,OD,Odisha,OD-CTC,Cuttack,670.7,643,578,840.2,Legal Resolution,2022-09-05,2026-12-31,IN_PROGRESS,2023-01-10 10:00:00
LG-PB-1065,Airport Expansion - SAS Nagar (Mohali) Sector,Airport Expansion,PB,Punjab,PB-SAS,SAS Nagar (Mohali),809.7,874,785,1309.0,Approval,2021-07-04,2026-12-31,IN_PROGRESS,2023-01-10 10:00:00
LG-RJ-1066,Industrial Park & SEZ - Udaipur Sector,Industrial Park & SEZ,RJ,Rajasthan,RJ-UDP,Udaipur,1749.7,1294,1217,3023.6,Possession,2024-06-23,2026-12-31,IN_PROGRESS,2023-01-10 10:00:00
LG-SK-1067,Railway Line & Freight Corridor - Gangtok (East Sikkim) Sector,Railway Line & Freight Corridor,SK,Sikkim,SK-GNT,Gangtok (East Sikkim),1489.6,863,867,3492.0,R&R,2021-03-26,2026-12-31,IN_PROGRESS,2023-01-10 10:00:00
LG-TN-1068,Railway Line & Freight Corridor - Chennai Sector,Railway Line & Freight Corridor,TN,Tamil Nadu,TN-CHE,Chennai,474.8,362,275,1539.5,Notification,2021-07-05,2026-12-31,IN_PROGRESS,2023-01-10 10:00:00
LG-TS-1069,Railway Line & Freight Corridor - Khammam Sector,Railway Line & Freight Corridor,TS,Telangana,TS-KHM,Khammam,1695.7,661,475,5934.1,Compensation,2023-01-09,2026-12-31,IN_PROGRESS,2023-01-10 10:00:00
LG-TR-1070,Port & Maritime Logistics - Gomati Sector,Port & Maritime Logistics,TR,Tripura,TR-GMA,Gomati,424.1,286,278,1409.8,Survey,2021-02-16,2026-12-31,IN_PROGRESS,2023-01-10 10:00:00
LG-UP-1071,Water Pipeline & Dam Infrastructure - Lucknow Sector,Water Pipeline & Dam Infrastructure,UP,Uttar Pradesh,UP-LKO,Lucknow,921.8,805,618,2684.1,Possession,2024-03-10,2026-12-31,IN_PROGRESS,2023-01-10 10:00:00
LG-UK-1072,Port & Maritime Logistics - Nainital Sector,Port & Maritime Logistics,UK,Uttarakhand,UK-NTL,Nainital,1256.1,1236,1137,2550.9,Approval,2021-11-20,2026-12-31,IN_PROGRESS,2023-01-10 10:00:00
LG-WB-1073,Highway Expansion - North 24 Parganas Sector,Highway Expansion,WB,West Bengal,WB-24P,North 24 Parganas,861.4,1030,1085,2556.4,Land Identification,2024-12-17,2026-12-31,IN_PROGRESS,2023-01-10 10:00:00
LG-AN-1074,Port & Maritime Logistics - South Andaman (Port Blair) Sector,Port & Maritime Logistics,AN,Andaman and Nicobar Islands,AN-SND,South Andaman (Port Blair),152.1,124,99,155.9,R&R,2024-04-11,2026-12-31,IN_PROGRESS,2023-01-10 10:00:00
LG-CH-1075,Airport Expansion - Chandigarh Sector,Airport Expansion,CH,Chandigarh,CH-CHD,Chandigarh,1758.3,1969,1861,5345.0,Survey,2022-02-26,2026-12-31,IN_PROGRESS,2023-01-10 10:00:00
LG-DH-1076,Urban Metro Rail - Daman Sector,Urban Metro Rail,DH,Dadra and Nagar Haveli and Daman and Diu,DH-DMN,Daman,1296.9,631,472,3562.3,Notification,2023-12-04,2026-12-31,IN_PROGRESS,2023-01-10 10:00:00
LG-DL-1077,Airport Expansion - New Delhi Sector,Airport Expansion,DL,Delhi,DL-NDL,New Delhi,1211.9,1061,1090,2053.8,Approval,2021-09-16,2026-12-31,IN_PROGRESS,2023-01-10 10:00:00
LG-JK-1078,Industrial Park & SEZ - Srinagar Sector,Industrial Park & SEZ,JK,Jammu and Kashmir,JK-SGR,Srinagar,1806.4,2006,2014,1985.4,Approval,2021-11-12,2026-12-31,IN_PROGRESS,2023-01-10 10:00:00
LG-LA-1079,Water Pipeline & Dam Infrastructure - Leh Sector,Water Pipeline & Dam Infrastructure,LA,Ladakh,LA-LEH,Leh,2435.2,2339,2174,7411.7,Legal Resolution,2022-11-17,2026-12-31,IN_PROGRESS,2023-01-10 10:00:00
LG-LD-1080,Solar & Renewable Energy Park - Kavaratti Sector,Solar & Renewable Energy Park,LD,Lakshadweep,LD-KVT,Kavaratti,2428.3,1571,1657,8030.6,Compensation,2023-06-28,2026-12-31,IN_PROGRESS,2023-01-10 10:00:00
LG-PY-1081,Urban Metro Rail - Karaikal Sector,Urban Metro Rail,PY,Puducherry,PY-KKL,Karaikal,2341.6,719,735,5450.0,Approval,2022-12-20,2026-12-31,IN_PROGRESS,2023-01-10 10:00:00
LG-AP-1082,Urban Metro Rail - Krishna Sector,Urban Metro Rail,AP,Andhra Pradesh,AP-KRS,Krishna,798.0,715,548,1460.5,R&R,2021-04-10,2026-12-31,IN_PROGRESS,2023-01-10 10:00:00
LG-AR-1083,Urban Metro Rail - Changlang Sector,Urban Metro Rail,AR,Arunachal Pradesh,AR-CGL,Changlang,968.1,1058,909,3353.8,Legal Resolution,2021-08-02,2026-12-31,IN_PROGRESS,2023-01-10 10:00:00
LG-AS-1084,Railway Line & Freight Corridor - Silchar (Cachar) Sector,Railway Line & Freight Corridor,AS,Assam,AS-SLR,Silchar (Cachar),312.4,287,282,942.4,Objection/Hearing,2023-04-18,2026-12-31,IN_PROGRESS,2023-01-10 10:00:00
LG-BR-1085,Railway Line & Freight Corridor - Gaya Sector,Railway Line & Freight Corridor,BR,Bihar,BR-GAY,Gaya,2289.8,1482,1284,3176.8,Possession,2023-01-30,2026-12-31,IN_PROGRESS,2023-01-10 10:00:00
LG-CG-1086,Solar & Renewable Energy Park - Durg Sector,Solar & Renewable Energy Park,CG,Chhattisgarh,CG-DRG,Durg,285.1,164,166,489.1,Final Handover,2021-07-25,2026-12-31,IN_PROGRESS,2023-01-10 10:00:00
LG-GA-1087,Solar & Renewable Energy Park - South Goa Sector,Solar & Renewable Energy Park,GA,Goa,GA-SGO,South Goa,1826.9,981,998,2498.6,Notification,2022-04-01,2026-12-31,IN_PROGRESS,2023-01-10 10:00:00
LG-GJ-1088,Port & Maritime Logistics - Ahmedabad Sector,Port & Maritime Logistics,GJ,Gujarat,GJ-AMD,Ahmedabad,565.7,472,418,1971.0,Final Handover,2021-04-08,2026-12-31,IN_PROGRESS,2023-01-10 10:00:00
LG-HR-1089,Airport Expansion - Panchkula Sector,Airport Expansion,HR,Haryana,HR-PKL,Panchkula,673.7,337,272,2296.8,Final Handover,2023-09-27,2026-12-31,IN_PROGRESS,2023-01-10 10:00:00
LG-HP-1090,Water Pipeline & Dam Infrastructure - Kangra Sector,Water Pipeline & Dam Infrastructure,HP,Himachal Pradesh,HP-KNG,Kangra,1879.8,1073,960,6213.7,Survey,2024-08-31,2026-12-31,IN_PROGRESS,2023-01-10 10:00:00
LG-JH-1091,Railway Line & Freight Corridor - Bokaro Sector,Railway Line & Freight Corridor,JH,Jharkhand,JH-BKR,Bokaro,673.5,795,769,1428.3,Approval,2022-08-19,2026-12-31,IN_PROGRESS,2023-01-10 10:00:00
LG-KA-1092,Railway Line & Freight Corridor - Bengaluru Urban Sector,Railway Line & Freight Corridor,KA,Karnataka,KA-BLR,Bengaluru Urban,1177.3,1005,716,3632.2,Survey,2023-06-17,2026-12-31,IN_PROGRESS,2023-01-10 10:00:00
LG-KL-1093,Airport Expansion - Ernakulam (Kochi) Sector,Airport Expansion,KL,Kerala,KL-EKM,Ernakulam (Kochi),1140.7,1037,872,1522.2,Compensation,2023-09-24,2026-12-31,IN_PROGRESS,2023-01-10 10:00:00
LG-MP-1094,Urban Metro Rail - Bhopal Sector,Urban Metro Rail,MP,Madhya Pradesh,MP-BPL,Bhopal,1549.6,568,440,3765.1,Notification,2021-12-04,2026-12-31,IN_PROGRESS,2023-01-10 10:00:00
LG-MH-1095,Highway Expansion - Mumbai Suburban Sector,Highway Expansion,MH,Maharashtra,MH-MUM,Mumbai Suburban,2289.7,2074,1641,4083.3,Final Handover,2023-06-14,2026-12-31,IN_PROGRESS,2023-01-10 10:00:00
LG-MN-1096,Railway Line & Freight Corridor - Churachandpur Sector,Railway Line & Freight Corridor,MN,Manipur,MN-CBR,Churachandpur,266.7,110,82,354.6,Documentation,2021-06-04,2026-12-31,IN_PROGRESS,2023-01-10 10:00:00
LG-ML-1097,Water Pipeline & Dam Infrastructure - West Garo Hills (Tura) Sector,Water Pipeline & Dam Infrastructure,ML,Meghalaya,ML-TUA,West Garo Hills (Tura),2411.2,2088,1689,7884.0,Approval,2022-01-06,2026-12-31,IN_PROGRESS,2023-01-10 10:00:00
LG-MZ-1098,Urban Metro Rail - Aizawl Sector,Urban Metro Rail,MZ,Mizoram,MZ-AIZ,Aizawl,1139.2,1317,1147,1836.9,Survey,2024-01-05,2026-12-31,IN_PROGRESS,2023-01-10 10:00:00
LG-NL-1099,Water Pipeline & Dam Infrastructure - Kohima Sector,Water Pipeline & Dam Infrastructure,NL,Nagaland,NL-KHM,Kohima,464.0,225,192,616.2,R&R,2023-09-14,2026-12-31,IN_PROGRESS,2023-01-10 10:00:00
LG-OD-1100,Water Pipeline & Dam Infrastructure - Ganjam Sector,Water Pipeline & Dam Infrastructure,OD,Odisha,OD-GJM,Ganjam,1738.2,624,540,5888.8,Legal Resolution,2021-10-29,2026-12-31,IN_PROGRESS,2023-01-10 10:00:00
LG-PB-1101,Airport Expansion - Jalandhar Sector,Airport Expansion,PB,Punjab,PB-JAL,Jalandhar,678.9,466,381,1622.4,Survey,2023-04-02,2026-12-31,IN_PROGRESS,2023-01-10 10:00:00
LG-RJ-1102,Water Pipeline & Dam Infrastructure - Jaipur Sector,Water Pipeline & Dam Infrastructure,RJ,Rajasthan,RJ-JPR,Jaipur,1722.6,708,515,5393.7,R&R,2024-03-21,2026-12-31,IN_PROGRESS,2023-01-10 10:00:00
LG-SK-1103,Industrial Park & SEZ - Namchi (South Sikkim) Sector,Industrial Park & SEZ,SK,Sikkim,SK-NAM,Namchi (South Sikkim),1033.7,313,240,2008.8,Land Identification,2024-02-02,2026-12-31,IN_PROGRESS,2023-01-10 10:00:00
LG-TN-1104,Water Pipeline & Dam Infrastructure - Madurai Sector,Water Pipeline & Dam Infrastructure,TN,Tamil Nadu,TN-MDU,Madurai,636.3,650,676,1333.7,Objection/Hearing,2022-06-04,2026-12-31,IN_PROGRESS,2023-01-10 10:00:00
LG-TS-1105,Highway Expansion - Khammam Sector,Highway Expansion,TS,Telangana,TS-KHM,Khammam,2332.7,1411,1415,5663.4,Survey,2023-10-07,2026-12-31,IN_PROGRESS,2023-01-10 10:00:00
LG-TR-1106,Urban Metro Rail - Gomati Sector,Urban Metro Rail,TR,Tripura,TR-GMA,Gomati,1913.9,1661,1555,2610.3,Legal Resolution,2023-02-28,2026-12-31,IN_PROGRESS,2023-01-10 10:00:00
LG-UP-1107,Urban Metro Rail - Lucknow Sector,Urban Metro Rail,UP,Uttar Pradesh,UP-LKO,Lucknow,603.2,324,329,1701.5,Legal Resolution,2022-11-14,2026-12-31,IN_PROGRESS,2023-01-10 10:00:00
LG-UK-1108,Airport Expansion - Haridwar Sector,Airport Expansion,UK,Uttarakhand,UK-HRD,Haridwar,97.9,59,48,206.2,Legal Resolution,2024-05-02,2026-12-31,IN_PROGRESS,2023-01-10 10:00:00
LG-WB-1109,Airport Expansion - Howrah Sector,Airport Expansion,WB,West Bengal,WB-HWR,Howrah,886.5,385,356,1800.5,Documentation,2023-03-05,2026-12-31,IN_PROGRESS,2023-01-10 10:00:00
LG-AN-1110,Airport Expansion - South Andaman (Port Blair) Sector,Airport Expansion,AN,Andaman and Nicobar Islands,AN-SND,South Andaman (Port Blair),215.8,165,176,628.2,Legal Resolution,2021-03-11,2026-12-31,IN_PROGRESS,2023-01-10 10:00:00
LG-CH-1111,Highway Expansion - Chandigarh Sector,Highway Expansion,CH,Chandigarh,CH-CHD,Chandigarh,2368.6,2329,2551,2682.8,R&R,2024-05-07,2026-12-31,IN_PROGRESS,2023-01-10 10:00:00
LG-DH-1112,Airport Expansion - Daman Sector,Airport Expansion,DH,Dadra and Nagar Haveli and Daman and Diu,DH-DMN,Daman,1436.7,1690,1661,3787.3,Land Identification,2023-03-28,2026-12-31,IN_PROGRESS,2023-01-10 10:00:00
LG-DL-1113,Port & Maritime Logistics - South Delhi Sector,Port & Maritime Logistics,DL,Delhi,DL-SDL,South Delhi,753.8,551,594,1102.5,Survey,2024-03-31,2026-12-31,IN_PROGRESS,2023-01-10 10:00:00
LG-JK-1114,Water Pipeline & Dam Infrastructure - Jammu Sector,Water Pipeline & Dam Infrastructure,JK,Jammu and Kashmir,JK-JMU,Jammu,1383.7,449,346,1961.3,Possession,2021-09-24,2026-12-31,IN_PROGRESS,2023-01-10 10:00:00
LG-LA-1115,Water Pipeline & Dam Infrastructure - Leh Sector,Water Pipeline & Dam Infrastructure,LA,Ladakh,LA-LEH,Leh,547.3,557,406,1622.1,Notification,2024-03-08,2026-12-31,IN_PROGRESS,2023-01-10 10:00:00
LG-LD-1116,Solar & Renewable Energy Park - Kavaratti Sector,Solar & Renewable Energy Park,LD,Lakshadweep,LD-KVT,Kavaratti,879.3,326,350,1052.8,Documentation,2024-12-11,2026-12-31,IN_PROGRESS,2023-01-10 10:00:00
LG-PY-1117,Port & Maritime Logistics - Karaikal Sector,Port & Maritime Logistics,PY,Puducherry,PY-KKL,Karaikal,1643.1,519,383,2073.6,Final Handover,2024-10-25,2026-12-31,IN_PROGRESS,2023-01-10 10:00:00
LG-AP-1118,Urban Metro Rail - Vizianagaram Sector,Urban Metro Rail,AP,Andhra Pradesh,AP-VIZ,Vizianagaram,1024.8,959,675,955.4,Survey,2022-06-16,2026-12-31,IN_PROGRESS,2023-01-10 10:00:00
LG-AR-1119,Industrial Park & SEZ - Tawang Sector,Industrial Park & SEZ,AR,Arunachal Pradesh,AR-TWG,Tawang,117.9,49,35,135.9,Survey,2024-02-26,2026-12-31,IN_PROGRESS,2023-01-10 10:00:00
LG-AS-1120,Port & Maritime Logistics - Silchar (Cachar) Sector,Port & Maritime Logistics,AS,Assam,AS-SLR,Silchar (Cachar),2290.5,2358,1723,7041.6,Possession,2024-08-15,2026-12-31,IN_PROGRESS,2023-01-10 10:00:00
LG-BR-1121,Railway Line & Freight Corridor - Gaya Sector,Railway Line & Freight Corridor,BR,Bihar,BR-GAY,Gaya,485.7,431,465,1657.8,Legal Resolution,2023-07-10,2026-12-31,IN_PROGRESS,2023-01-10 10:00:00
LG-CG-1122,Port & Maritime Logistics - Korba Sector,Port & Maritime Logistics,CG,Chhattisgarh,CG-KRB,Korba,1217.6,735,633,3311.5,Notification,2022-04-02,2026-12-31,IN_PROGRESS,2023-01-10 10:00:00
LG-GA-1123,Highway Expansion - North Goa Sector,Highway Expansion,GA,Goa,GA-NGO,North Goa,1440.7,444,322,3871.6,Legal Resolution,2022-04-13,2026-12-31,IN_PROGRESS,2023-01-10 10:00:00
LG-GJ-1124,Highway Expansion - Vadodara Sector,Highway Expansion,GJ,Gujarat,GJ-VDR,Vadodara,2285.3,2081,1580,3319.8,Survey,2023-08-01,2026-12-31,IN_PROGRESS,2023-01-10 10:00:00
LG-HR-1125,Water Pipeline & Dam Infrastructure - Panchkula Sector,Water Pipeline & Dam Infrastructure,HR,Haryana,HR-PKL,Panchkula,2012.8,900,837,5074.1,Final Handover,2022-10-24,2026-12-31,IN_PROGRESS,2023-01-10 10:00:00
LG-HP-1126,Urban Metro Rail - Mandi Sector,Urban Metro Rail,HP,Himachal Pradesh,HP-MND,Mandi,401.0,323,300,1082.1,Final Handover,2021-04-24,2026-12-31,IN_PROGRESS,2023-01-10 10:00:00
LG-JH-1127,Highway Expansion - Jamshedpur (East Singhbhum) Sector,Highway Expansion,JH,Jharkhand,JH-JSH,Jamshedpur (East Singhbhum),1850.0,1292,1092,5791.1,Possession,2022-04-06,2026-12-31,IN_PROGRESS,2023-01-10 10:00:00
LG-KA-1128,Urban Metro Rail - Bengaluru Urban Sector,Urban Metro Rail,KA,Karnataka,KA-BLR,Bengaluru Urban,653.4,745,590,1123.2,Final Handover,2024-10-23,2026-12-31,IN_PROGRESS,2023-01-10 10:00:00
LG-KL-1129,Highway Expansion - Kozhikode Sector,Highway Expansion,KL,Kerala,KL-CLT,Kozhikode,844.3,308,221,1242.0,Documentation,2022-10-31,2026-12-31,IN_PROGRESS,2023-01-10 10:00:00
LG-MP-1130,Port & Maritime Logistics - Jabalpur Sector,Port & Maritime Logistics,MP,Madhya Pradesh,MP-JBP,Jabalpur,1013.5,369,345,1238.4,Objection/Hearing,2021-06-29,2026-12-31,IN_PROGRESS,2023-01-10 10:00:00
LG-MH-1131,Railway Line & Freight Corridor - Nagpur Sector,Railway Line & Freight Corridor,MH,Maharashtra,MH-NGP,Nagpur,1560.4,1696,1261,4163.8,Objection/Hearing,2023-01-04,2026-12-31,IN_PROGRESS,2023-01-10 10:00:00
LG-MN-1132,Airport Expansion - Churachandpur Sector,Airport Expansion,MN,Manipur,MN-CBR,Churachandpur,631.7,264,277,506.7,Compensation,2021-05-30,2026-12-31,IN_PROGRESS,2023-01-10 10:00:00
LG-ML-1133,Railway Line & Freight Corridor - East Khasi Hills (Shillong) Sector,Railway Line & Freight Corridor,ML,Meghalaya,ML-SHL,East Khasi Hills (Shillong),2295.3,2269,1967,2431.5,Land Identification,2022-03-20,2026-12-31,IN_PROGRESS,2023-01-10 10:00:00
LG-MZ-1134,Airport Expansion - Lunglei Sector,Airport Expansion,MZ,Mizoram,MZ-LGL,Lunglei,2330.9,795,667,2086.2,Possession,2023-02-21,2026-12-31,IN_PROGRESS,2023-01-10 10:00:00
LG-NL-1135,Solar & Renewable Energy Park - Dimapur Sector,Solar & Renewable Energy Park,NL,Nagaland,NL-DMP,Dimapur,93.5,71,70,254.5,Land Identification,2023-12-29,2026-12-31,IN_PROGRESS,2023-01-10 10:00:00
LG-OD-1136,Airport Expansion - Sundargarh (Rourkela) Sector,Airport Expansion,OD,Odisha,OD-SNG,Sundargarh (Rourkela),1228.0,992,1068,2238.7,R&R,2023-05-06,2026-12-31,IN_PROGRESS,2023-01-10 10:00:00
LG-PB-1137,Urban Metro Rail - SAS Nagar (Mohali) Sector,Urban Metro Rail,PB,Punjab,PB-SAS,SAS Nagar (Mohali),1492.0,644,636,1736.2,R&R,2022-12-10,2026-12-31,IN_PROGRESS,2023-01-10 10:00:00
LG-RJ-1138,Highway Expansion - Jodhpur Sector,Highway Expansion,RJ,Rajasthan,RJ-JHD,Jodhpur,2137.7,917,885,2509.5,Objection/Hearing,2022-08-18,2026-12-31,IN_PROGRESS,2023-01-10 10:00:00
LG-SK-1139,Urban Metro Rail - Namchi (South Sikkim) Sector,Urban Metro Rail,SK,Sikkim,SK-NAM,Namchi (South Sikkim),82.3,83,83,121.1,Approval,2024-10-06,2026-12-31,IN_PROGRESS,2023-01-10 10:00:00
LG-TN-1140,Solar & Renewable Energy Park - Madurai Sector,Solar & Renewable Energy Park,TN,Tamil Nadu,TN-MDU,Madurai,1062.6,689,623,2274.6,Approval,2023-01-06,2026-12-31,IN_PROGRESS,2023-01-10 10:00:00
LG-TS-1141,Airport Expansion - Warangal Sector,Airport Expansion,TS,Telangana,TS-WGL,Warangal,1871.7,1322,1373,6315.7,Documentation,2023-01-07,2026-12-31,IN_PROGRESS,2023-01-10 10:00:00
LG-TR-1142,Industrial Park & SEZ - West Tripura (Agartala) Sector,Industrial Park & SEZ,TR,Tripura,TR-AGT,West Tripura (Agartala),582.9,241,219,928.9,Notification,2023-09-23,2026-12-31,IN_PROGRESS,2023-01-10 10:00:00
LG-UP-1143,Airport Expansion - Agra Sector,Airport Expansion,UP,Uttar Pradesh,UP-AGR,Agra,518.9,188,196,743.9,Survey,2022-09-07,2026-12-31,IN_PROGRESS,2023-01-10 10:00:00
LG-UK-1144,Railway Line & Freight Corridor - Dehradun Sector,Railway Line & Freight Corridor,UK,Uttarakhand,UK-DHR,Dehradun,2085.5,2154,2200,5135.0,Objection/Hearing,2023-02-14,2026-12-31,IN_PROGRESS,2023-01-10 10:00:00
LG-WB-1145,Railway Line & Freight Corridor - Kolkata Sector,Railway Line & Freight Corridor,WB,West Bengal,WB-KOL,Kolkata,2362.5,2833,2620,2550.6,Land Identification,2022-12-02,2026-12-31,IN_PROGRESS,2023-01-10 10:00:00
LG-AN-1146,Water Pipeline & Dam Infrastructure - South Andaman (Port Blair) Sector,Water Pipeline & Dam Infrastructure,AN,Andaman and Nicobar Islands,AN-SND,South Andaman (Port Blair),295.2,264,237,655.9,Survey,2021-02-14,2026-12-31,IN_PROGRESS,2023-01-10 10:00:00
LG-CH-1147,Solar & Renewable Energy Park - Chandigarh Sector,Solar & Renewable Energy Park,CH,Chandigarh,CH-CHD,Chandigarh,682.8,590,557,2333.7,Legal Resolution,2021-01-08,2026-12-31,IN_PROGRESS,2023-01-10 10:00:00
LG-DH-1148,Port & Maritime Logistics - Silvassa Sector,Port & Maritime Logistics,DH,Dadra and Nagar Haveli and Daman and Diu,DH-SLV,Silvassa,622.7,223,213,574.6,Legal Resolution,2023-03-24,2026-12-31,IN_PROGRESS,2023-01-10 10:00:00
LG-DL-1149,Solar & Renewable Energy Park - New Delhi Sector,Solar & Renewable Energy Park,DL,Delhi,DL-NDL,New Delhi,1130.0,1305,1122,2732.9,R&R,2023-02-15,2026-12-31,IN_PROGRESS,2023-01-10 10:00:00
LG-JK-1150,Water Pipeline & Dam Infrastructure - Jammu Sector,Water Pipeline & Dam Infrastructure,JK,Jammu and Kashmir,JK-JMU,Jammu,2376.7,2349,1852,4984.6,Possession,2022-09-27,2026-12-31,IN_PROGRESS,2023-01-10 10:00:00
LG-LA-1151,Solar & Renewable Energy Park - Kargil Sector,Solar & Renewable Energy Park,LA,Ladakh,LA-KRG,Kargil,261.0,306,257,807.2,Compensation,2023-07-06,2026-12-31,IN_PROGRESS,2023-01-10 10:00:00
LG-LD-1152,Port & Maritime Logistics - Kavaratti Sector,Port & Maritime Logistics,LD,Lakshadweep,LD-KVT,Kavaratti,647.3,194,208,614.7,Possession,2024-11-23,2026-12-31,IN_PROGRESS,2023-01-10 10:00:00
LG-PY-1153,Industrial Park & SEZ - Karaikal Sector,Industrial Park & SEZ,PY,Puducherry,PY-KKL,Karaikal,2326.3,1108,1106,5379.4,Objection/Hearing,2023-12-14,2026-12-31,IN_PROGRESS,2023-01-10 10:00:00
LG-AP-1154,Airport Expansion - Chittoor Sector,Airport Expansion,AP,Andhra Pradesh,AP-CTR,Chittoor,1128.8,372,261,2011.9,Final Handover,2021-07-27,2026-12-31,IN_PROGRESS,2023-01-10 10:00:00
LG-AR-1155,Water Pipeline & Dam Infrastructure - Papum Pare Sector,Water Pipeline & Dam Infrastructure,AR,Arunachal Pradesh,AR-ITN,Papum Pare,88.2,100,96,220.2,Objection/Hearing,2023-01-09,2026-12-31,IN_PROGRESS,2023-01-10 10:00:00
LG-AS-1156,Highway Expansion - Silchar (Cachar) Sector,Highway Expansion,AS,Assam,AS-SLR,Silchar (Cachar),1571.8,717,784,1287.5,Final Handover,2021-06-14,2026-12-31,IN_PROGRESS,2023-01-10 10:00:00
LG-BR-1157,Urban Metro Rail - Gaya Sector,Urban Metro Rail,BR,Bihar,BR-GAY,Gaya,1350.6,773,841,4115.2,Possession,2021-04-15,2026-12-31,IN_PROGRESS,2023-01-10 10:00:00
LG-CG-1158,Airport Expansion - Bilaspur Sector,Airport Expansion,CG,Chhattisgarh,CG-BLS,Bilaspur,2147.4,2458,2673,5919.4,Survey,2024-05-25,2026-12-31,IN_PROGRESS,2023-01-10 10:00:00
LG-GA-1159,Highway Expansion - North Goa Sector,Highway Expansion,GA,Goa,GA-NGO,North Goa,431.1,289,290,1148.3,Compensation,2024-05-29,2026-12-31,IN_PROGRESS,2023-01-10 10:00:00
LG-GJ-1160,Industrial Park & SEZ - Surat Sector,Industrial Park & SEZ,GJ,Gujarat,GJ-SRT,Surat,2444.9,1041,1103,2940.7,Final Handover,2023-04-04,2026-12-31,IN_PROGRESS,2023-01-10 10:00:00
LG-HR-1161,Airport Expansion - Faridabad Sector,Airport Expansion,HR,Haryana,HR-FDB,Faridabad,1928.5,1844,1611,2131.0,Survey,2021-06-02,2026-12-31,IN_PROGRESS,2023-01-10 10:00:00
LG-HP-1162,Industrial Park & SEZ - Kangra Sector,Industrial Park & SEZ,HP,Himachal Pradesh,HP-KNG,Kangra,1961.0,1524,1633,1844.8,Objection/Hearing,2024-03-27,2026-12-31,IN_PROGRESS,2023-01-10 10:00:00
LG-JH-1163,Industrial Park & SEZ - Ranchi Sector,Industrial Park & SEZ,JH,Jharkhand,JH-RNC,Ranchi,1575.1,961,910,3674.7,Legal Resolution,2023-08-18,2026-12-31,IN_PROGRESS,2023-01-10 10:00:00
LG-KA-1164,Airport Expansion - Mysuru Sector,Airport Expansion,KA,Karnataka,KA-MYS,Mysuru,2409.8,1712,1347,5361.3,Documentation,2022-12-29,2026-12-31,IN_PROGRESS,2023-01-10 10:00:00
LG-KL-1165,Industrial Park & SEZ - Ernakulam (Kochi) Sector,Industrial Park & SEZ,KL,Kerala,KL-EKM,Ernakulam (Kochi),1589.3,1898,1752,3465.4,Approval,2021-12-17,2026-12-31,IN_PROGRESS,2023-01-10 10:00:00
LG-MP-1166,Highway Expansion - Gwalior Sector,Highway Expansion,MP,Madhya Pradesh,MP-GWL,Gwalior,1398.5,592,525,4251.3,Survey,2023-06-14,2026-12-31,IN_PROGRESS,2023-01-10 10:00:00
LG-MH-1167,Solar & Renewable Energy Park - Nashik Sector,Solar & Renewable Energy Park,MH,Maharashtra,MH-NSK,Nashik,1789.5,744,781,2436.5,Land Identification,2021-01-27,2026-12-31,IN_PROGRESS,2023-01-10 10:00:00
LG-MN-1168,Urban Metro Rail - Churachandpur Sector,Urban Metro Rail,MN,Manipur,MN-CBR,Churachandpur,1457.1,1723,1735,1722.5,R&R,2021-03-03,2026-12-31,IN_PROGRESS,2023-01-10 10:00:00
LG-ML-1169,Railway Line & Freight Corridor - West Garo Hills (Tura) Sector,Railway Line & Freight Corridor,ML,Meghalaya,ML-TUA,West Garo Hills (Tura),2360.0,1535,1342,3569.6,Legal Resolution,2021-01-09,2026-12-31,IN_PROGRESS,2023-01-10 10:00:00
LG-MZ-1170,Railway Line & Freight Corridor - Lunglei Sector,Railway Line & Freight Corridor,MZ,Mizoram,MZ-LGL,Lunglei,341.6,104,106,876.7,Compensation,2024-06-14,2026-12-31,IN_PROGRESS,2023-01-10 10:00:00
LG-NL-1171,Solar & Renewable Energy Park - Dimapur Sector,Solar & Renewable Energy Park,NL,Nagaland,NL-DMP,Dimapur,625.8,706,703,2113.7,Notification,2023-10-15,2026-12-31,IN_PROGRESS,2023-01-10 10:00:00
LG-OD-1172,Airport Expansion - Cuttack Sector,Airport Expansion,OD,Odisha,OD-CTC,Cuttack,148.9,55,48,332.8,Land Identification,2022-05-03,2026-12-31,IN_PROGRESS,2023-01-10 10:00:00
LG-PB-1173,Industrial Park & SEZ - Amritsar Sector,Industrial Park & SEZ,PB,Punjab,PB-ASR,Amritsar,1542.4,1702,1441,4159.5,Notification,2024-09-15,2026-12-31,IN_PROGRESS,2023-01-10 10:00:00
LG-RJ-1174,Solar & Renewable Energy Park - Jaipur Sector,Solar & Renewable Energy Park,RJ,Rajasthan,RJ-JPR,Jaipur,1908.6,1376,1497,3805.4,Notification,2022-10-28,2026-12-31,IN_PROGRESS,2023-01-10 10:00:00
LG-SK-1175,Highway Expansion - Namchi (South Sikkim) Sector,Highway Expansion,SK,Sikkim,SK-NAM,Namchi (South Sikkim),69.0,52,42,135.8,Survey,2021-09-24,2026-12-31,IN_PROGRESS,2023-01-10 10:00:00
LG-TN-1176,Industrial Park & SEZ - Tiruchirappalli Sector,Industrial Park & SEZ,TN,Tamil Nadu,TN-TRY,Tiruchirappalli,1193.0,1037,1111,3196.1,Land Identification,2022-03-28,2026-12-31,IN_PROGRESS,2023-01-10 10:00:00
LG-TS-1177,Airport Expansion - Khammam Sector,Airport Expansion,TS,Telangana,TS-KHM,Khammam,1756.9,607,645,4102.1,Final Handover,2021-01-09,2026-12-31,IN_PROGRESS,2023-01-10 10:00:00
LG-TR-1178,Port & Maritime Logistics - Gomati Sector,Port & Maritime Logistics,TR,Tripura,TR-GMA,Gomati,747.8,380,382,2274.8,Possession,2021-08-12,2026-12-31,IN_PROGRESS,2023-01-10 10:00:00
LG-UP-1179,Port & Maritime Logistics - Varanasi Sector,Port & Maritime Logistics,UP,Uttar Pradesh,UP-VNS,Varanasi,1070.8,1271,1170,1950.7,R&R,2022-09-26,2026-12-31,IN_PROGRESS,2023-01-10 10:00:00
LG-UK-1180,Highway Expansion - Haridwar Sector,Highway Expansion,UK,Uttarakhand,UK-HRD,Haridwar,1622.7,490,442,2252.9,Possession,2021-11-17,2026-12-31,IN_PROGRESS,2023-01-10 10:00:00
LG-WB-1181,Airport Expansion - North 24 Parganas Sector,Airport Expansion,WB,West Bengal,WB-24P,North 24 Parganas,821.9,363,288,2198.4,Objection/Hearing,2021-09-01,2026-12-31,IN_PROGRESS,2023-01-10 10:00:00
LG-AN-1182,Port & Maritime Logistics - South Andaman (Port Blair) Sector,Port & Maritime Logistics,AN,Andaman and Nicobar Islands,AN-SND,South Andaman (Port Blair),952.0,880,963,869.3,Documentation,2021-03-17,2026-12-31,IN_PROGRESS,2023-01-10 10:00:00
LG-CH-1183,Industrial Park & SEZ - Chandigarh Sector,Industrial Park & SEZ,CH,Chandigarh,CH-CHD,Chandigarh,1220.1,1170,1186,3752.3,Objection/Hearing,2021-03-02,2026-12-31,IN_PROGRESS,2023-01-10 10:00:00
LG-DH-1184,Port & Maritime Logistics - Silvassa Sector,Port & Maritime Logistics,DH,Dadra and Nagar Haveli and Daman and Diu,DH-SLV,Silvassa,175.1,205,160,297.4,Land Identification,2023-10-21,2026-12-31,IN_PROGRESS,2023-01-10 10:00:00
LG-DL-1185,Urban Metro Rail - South Delhi Sector,Urban Metro Rail,DL,Delhi,DL-SDL,South Delhi,1030.8,659,635,3105.8,Documentation,2023-05-19,2026-12-31,IN_PROGRESS,2023-01-10 10:00:00
LG-JK-1186,Port & Maritime Logistics - Srinagar Sector,Port & Maritime Logistics,JK,Jammu and Kashmir,JK-SGR,Srinagar,1711.6,779,562,4068.2,Approval,2022-06-02,2026-12-31,IN_PROGRESS,2023-01-10 10:00:00
LG-LA-1187,Urban Metro Rail - Kargil Sector,Urban Metro Rail,LA,Ladakh,LA-KRG,Kargil,111.0,41,31,214.0,Land Identification,2024-02-20,2026-12-31,IN_PROGRESS,2023-01-10 10:00:00
LG-LD-1188,Highway Expansion - Kavaratti Sector,Highway Expansion,LD,Lakshadweep,LD-KVT,Kavaratti,1030.6,448,437,2267.4,Land Identification,2021-06-12,2026-12-31,IN_PROGRESS,2023-01-10 10:00:00
LG-PY-1189,Airport Expansion - Puducherry Sector,Airport Expansion,PY,Puducherry,PY-PUD,Puducherry,2221.0,2566,2247,5943.2,Notification,2022-12-03,2026-12-31,IN_PROGRESS,2023-01-10 10:00:00
LG-AP-1190,Railway Line & Freight Corridor - Kurnool Sector,Railway Line & Freight Corridor,AP,Andhra Pradesh,AP-KRN,Kurnool,398.6,340,306,807.2,Documentation,2024-01-23,2026-12-31,IN_PROGRESS,2023-01-10 10:00:00
LG-AR-1191,Highway Expansion - Tawang Sector,Highway Expansion,AR,Arunachal Pradesh,AR-TWG,Tawang,870.0,831,713,1906.5,Approval,2021-06-02,2026-12-31,IN_PROGRESS,2023-01-10 10:00:00
LG-AS-1192,Port & Maritime Logistics - Dibrugarh Sector,Port & Maritime Logistics,AS,Assam,AS-DBR,Dibrugarh,633.6,402,391,649.2,Compensation,2021-02-06,2026-12-31,IN_PROGRESS,2023-01-10 10:00:00
LG-BR-1193,Port & Maritime Logistics - Patna Sector,Port & Maritime Logistics,BR,Bihar,BR-PAT,Patna,467.8,342,328,1289.4,Land Identification,2023-08-24,2026-12-31,IN_PROGRESS,2023-01-10 10:00:00
LG-CG-1194,Highway Expansion - Raipur Sector,Highway Expansion,CG,Chhattisgarh,CG-RPR,Raipur,1706.9,590,438,3924.5,Objection/Hearing,2021-02-27,2026-12-31,IN_PROGRESS,2023-01-10 10:00:00
LG-GA-1195,Solar & Renewable Energy Park - South Goa Sector,Solar & Renewable Energy Park,GA,Goa,GA-SGO,South Goa,1638.6,1486,1428,5116.1,Objection/Hearing,2024-08-03,2026-12-31,IN_PROGRESS,2023-01-10 10:00:00
LG-GJ-1196,Water Pipeline & Dam Infrastructure - Surat Sector,Water Pipeline & Dam Infrastructure,GJ,Gujarat,GJ-SRT,Surat,764.7,877,889,2368.4,Survey,2022-01-20,2026-12-31,IN_PROGRESS,2023-01-10 10:00:00
LG-HR-1197,Port & Maritime Logistics - Gurugram Sector,Port & Maritime Logistics,HR,Haryana,HR-GGM,Gurugram,891.6,882,902,1815.4,Possession,2024-09-08,2026-12-31,IN_PROGRESS,2023-01-10 10:00:00
LG-HP-1198,Solar & Renewable Energy Park - Kangra Sector,Solar & Renewable Energy Park,HP,Himachal Pradesh,HP-KNG,Kangra,860.2,695,647,1702.5,Documentation,2022-06-14,2026-12-31,IN_PROGRESS,2023-01-10 10:00:00
LG-JH-1199,Urban Metro Rail - Dhanbad Sector,Urban Metro Rail,JH,Jharkhand,JH-DHN,Dhanbad,2055.3,757,637,4845.5,Survey,2023-10-22,2026-12-31,IN_PROGRESS,2023-01-10 10:00:00
LG-KA-1200,Highway Expansion - Mysuru Sector,Highway Expansion,KA,Karnataka,KA-MYS,Mysuru,870.6,521,478,1081.9,Possession,2023-11-25,2026-12-31,IN_PROGRESS,2023-01-10 10:00:00
LG-KL-1201,Railway Line & Freight Corridor - Thrissur Sector,Railway Line & Freight Corridor,KL,Kerala,KL-TCR,Thrissur,1230.4,975,780,2560.4,Documentation,2021-06-15,2026-12-31,IN_PROGRESS,2023-01-10 10:00:00
LG-MP-1202,Water Pipeline & Dam Infrastructure - Gwalior Sector,Water Pipeline & Dam Infrastructure,MP,Madhya Pradesh,MP-GWL,Gwalior,2354.7,1407,1141,5143.5,Legal Resolution,2022-08-27,2026-12-31,IN_PROGRESS,2023-01-10 10:00:00
LG-MH-1203,Urban Metro Rail - Mumbai Suburban Sector,Urban Metro Rail,MH,Maharashtra,MH-MUM,Mumbai Suburban,665.4,736,667,581.2,Documentation,2022-07-25,2026-12-31,IN_PROGRESS,2023-01-10 10:00:00
LG-MN-1204,Highway Expansion - Imphal East Sector,Highway Expansion,MN,Manipur,MN-IMP,Imphal East,2416.9,2490,1771,4667.0,Possession,2022-06-01,2026-12-31,IN_PROGRESS,2023-01-10 10:00:00
LG-ML-1205,Airport Expansion - East Khasi Hills (Shillong) Sector,Airport Expansion,ML,Meghalaya,ML-SHL,East Khasi Hills (Shillong),1607.6,716,586,5071.9,Objection/Hearing,2023-05-07,2026-12-31,IN_PROGRESS,2023-01-10 10:00:00
LG-MZ-1206,Port & Maritime Logistics - Lunglei Sector,Port & Maritime Logistics,MZ,Mizoram,MZ-LGL,Lunglei,1575.3,1196,1082,2862.5,Objection/Hearing,2023-06-06,2026-12-31,IN_PROGRESS,2023-01-10 10:00:00
LG-NL-1207,Airport Expansion - Dimapur Sector,Airport Expansion,NL,Nagaland,NL-DMP,Dimapur,1493.9,1409,1282,2446.2,R&R,2023-10-25,2026-12-31,IN_PROGRESS,2023-01-10 10:00:00
LG-OD-1208,Highway Expansion - Cuttack Sector,Highway Expansion,OD,Odisha,OD-CTC,Cuttack,559.6,385,328,1107.2,Notification,2021-09-17,2026-12-31,IN_PROGRESS,2023-01-10 10:00:00
LG-PB-1209,Water Pipeline & Dam Infrastructure - SAS Nagar (Mohali) Sector,Water Pipeline & Dam Infrastructure,PB,Punjab,PB-SAS,SAS Nagar (Mohali),1424.5,1492,1305,1447.3,Land Identification,2023-04-13,2026-12-31,IN_PROGRESS,2023-01-10 10:00:00
LG-RJ-1210,Water Pipeline & Dam Infrastructure - Kota Sector,Water Pipeline & Dam Infrastructure,RJ,Rajasthan,RJ-KTA,Kota,1628.6,1612,1164,2756.6,Objection/Hearing,2023-12-23,2026-12-31,IN_PROGRESS,2023-01-10 10:00:00
LG-SK-1211,Port & Maritime Logistics - Gangtok (East Sikkim) Sector,Port & Maritime Logistics,SK,Sikkim,SK-GNT,Gangtok (East Sikkim),888.3,498,430,2158.4,Final Handover,2022-04-02,2026-12-31,IN_PROGRESS,2023-01-10 10:00:00
LG-TN-1212,Airport Expansion - Madurai Sector,Airport Expansion,TN,Tamil Nadu,TN-MDU,Madurai,1541.4,874,949,3376.0,Notification,2024-10-06,2026-12-31,IN_PROGRESS,2023-01-10 10:00:00
LG-TS-1213,Port & Maritime Logistics - Warangal Sector,Port & Maritime Logistics,TS,Telangana,TS-WGL,Warangal,1477.6,1231,1276,5007.6,Compensation,2022-07-17,2026-12-31,IN_PROGRESS,2023-01-10 10:00:00
LG-TR-1214,Industrial Park & SEZ - Gomati Sector,Industrial Park & SEZ,TR,Tripura,TR-GMA,Gomati,1383.5,723,628,3439.8,Objection/Hearing,2024-01-28,2026-12-31,IN_PROGRESS,2023-01-10 10:00:00
LG-UP-1215,Port & Maritime Logistics - Lucknow Sector,Port & Maritime Logistics,UP,Uttar Pradesh,UP-LKO,Lucknow,2318.7,1459,1273,5742.7,Legal Resolution,2024-11-28,2026-12-31,IN_PROGRESS,2023-01-10 10:00:00
LG-UK-1216,Port & Maritime Logistics - Haridwar Sector,Port & Maritime Logistics,UK,Uttarakhand,UK-HRD,Haridwar,2194.6,2548,2075,2196.0,Approval,2024-07-02,2026-12-31,IN_PROGRESS,2023-01-10 10:00:00
LG-WB-1217,Port & Maritime Logistics - Howrah Sector,Port & Maritime Logistics,WB,West Bengal,WB-HWR,Howrah,414.9,424,303,1235.8,Documentation,2023-08-28,2026-12-31,IN_PROGRESS,2023-01-10 10:00:00
LG-AN-1218,Solar & Renewable Energy Park - South Andaman (Port Blair) Sector,Solar & Renewable Energy Park,AN,Andaman and Nicobar Islands,AN-SND,South Andaman (Port Blair),73.5,68,63,257.0,Compensation,2022-04-24,2026-12-31,IN_PROGRESS,2023-01-10 10:00:00
LG-CH-1219,Water Pipeline & Dam Infrastructure - Chandigarh Sector,Water Pipeline & Dam Infrastructure,CH,Chandigarh,CH-CHD,Chandigarh,1539.1,812,612,5016.6,Approval,2021-11-12,2026-12-31,IN_PROGRESS,2023-01-10 10:00:00
LG-DH-1220,Water Pipeline & Dam Infrastructure - Daman Sector,Water Pipeline & Dam Infrastructure,DH,Dadra and Nagar Haveli and Daman and Diu,DH-DMN,Daman,1097.4,740,572,1586.7,Documentation,2021-08-26,2026-12-31,IN_PROGRESS,2023-01-10 10:00:00
LG-DL-1221,Railway Line & Freight Corridor - South Delhi Sector,Railway Line & Freight Corridor,DL,Delhi,DL-SDL,South Delhi,1467.1,1334,1094,2601.5,Approval,2021-08-28,2026-12-31,IN_PROGRESS,2023-01-10 10:00:00
LG-JK-1222,Water Pipeline & Dam Infrastructure - Jammu Sector,Water Pipeline & Dam Infrastructure,JK,Jammu and Kashmir,JK-JMU,Jammu,181.9,103,110,577.7,Survey,2023-09-19,2026-12-31,IN_PROGRESS,2023-01-10 10:00:00
LG-LA-1223,Solar & Renewable Energy Park - Leh Sector,Solar & Renewable Energy Park,LA,Ladakh,LA-LEH,Leh,2384.1,1280,1084,2086.3,Legal Resolution,2021-06-06,2026-12-31,IN_PROGRESS,2023-01-10 10:00:00
LG-LD-1224,Highway Expansion - Kavaratti Sector,Highway Expansion,LD,Lakshadweep,LD-KVT,Kavaratti,2096.4,1878,2035,4528.9,Survey,2021-07-10,2026-12-31,IN_PROGRESS,2023-01-10 10:00:00
LG-PY-1225,Highway Expansion - Puducherry Sector,Highway Expansion,PY,Puducherry,PY-PUD,Puducherry,896.2,758,652,2162.0,Compensation,2023-03-25,2026-12-31,IN_PROGRESS,2023-01-10 10:00:00
LG-AP-1226,Urban Metro Rail - Vizianagaram Sector,Urban Metro Rail,AP,Andhra Pradesh,AP-VIZ,Vizianagaram,780.7,827,843,1480.8,R&R,2023-10-03,2026-12-31,IN_PROGRESS,2023-01-10 10:00:00
LG-AR-1227,Industrial Park & SEZ - Changlang Sector,Industrial Park & SEZ,AR,Arunachal Pradesh,AR-CGL,Changlang,1730.4,1376,1149,2666.1,Objection/Hearing,2021-08-19,2026-12-31,IN_PROGRESS,2023-01-10 10:00:00
LG-AS-1228,Airport Expansion - Dibrugarh Sector,Airport Expansion,AS,Assam,AS-DBR,Dibrugarh,2201.2,2326,1807,7424.0,R&R,2021-02-04,2026-12-31,IN_PROGRESS,2023-01-10 10:00:00
LG-BR-1229,Urban Metro Rail - Bhagalpur Sector,Urban Metro Rail,BR,Bihar,BR-BGP,Bhagalpur,308.8,185,195,726.5,Legal Resolution,2023-03-30,2026-12-31,IN_PROGRESS,2023-01-10 10:00:00
LG-CG-1230,Railway Line & Freight Corridor - Korba Sector,Railway Line & Freight Corridor,CG,Chhattisgarh,CG-KRB,Korba,228.1,179,133,371.5,Land Identification,2022-02-11,2026-12-31,IN_PROGRESS,2023-01-10 10:00:00
LG-GA-1231,Urban Metro Rail - South Goa Sector,Urban Metro Rail,GA,Goa,GA-SGO,South Goa,1274.6,485,391,1113.6,Notification,2024-10-17,2026-12-31,IN_PROGRESS,2023-01-10 10:00:00
LG-GJ-1232,Water Pipeline & Dam Infrastructure - Surat Sector,Water Pipeline & Dam Infrastructure,GJ,Gujarat,GJ-SRT,Surat,1949.8,2263,2460,3541.4,Possession,2023-08-24,2026-12-31,IN_PROGRESS,2023-01-10 10:00:00
LG-HR-1233,Highway Expansion - Karnal Sector,Highway Expansion,HR,Haryana,HR-KRN,Karnal,2450.6,2026,1627,7127.3,Possession,2024-03-20,2026-12-31,IN_PROGRESS,2023-01-10 10:00:00
LG-HP-1234,Water Pipeline & Dam Infrastructure - Mandi Sector,Water Pipeline & Dam Infrastructure,HP,Himachal Pradesh,HP-MND,Mandi,2041.7,674,658,2585.5,Legal Resolution,2024-03-14,2026-12-31,IN_PROGRESS,2023-01-10 10:00:00
LG-JH-1235,Port & Maritime Logistics - Bokaro Sector,Port & Maritime Logistics,JH,Jharkhand,JH-BKR,Bokaro,2119.6,884,740,4559.9,Land Identification,2021-08-18,2026-12-31,IN_PROGRESS,2023-01-10 10:00:00
LG-KA-1236,Industrial Park & SEZ - Mysuru Sector,Industrial Park & SEZ,KA,Karnataka,KA-MYS,Mysuru,1085.3,1213,1098,2293.6,Survey,2024-11-07,2026-12-31,IN_PROGRESS,2023-01-10 10:00:00
LG-KL-1237,Solar & Renewable Energy Park - Kozhikode Sector,Solar & Renewable Energy Park,KL,Kerala,KL-CLT,Kozhikode,270.2,305,248,672.5,Final Handover,2022-05-18,2026-12-31,IN_PROGRESS,2023-01-10 10:00:00
LG-MP-1238,Solar & Renewable Energy Park - Gwalior Sector,Solar & Renewable Energy Park,MP,Madhya Pradesh,MP-GWL,Gwalior,1611.2,1861,1654,4890.7,Objection/Hearing,2023-11-27,2026-12-31,IN_PROGRESS,2023-01-10 10:00:00
LG-MH-1239,Airport Expansion - Nagpur Sector,Airport Expansion,MH,Maharashtra,MH-NGP,Nagpur,1795.8,670,496,4261.1,R&R,2022-05-09,2026-12-31,IN_PROGRESS,2023-01-10 10:00:00
LG-MN-1240,Water Pipeline & Dam Infrastructure - Churachandpur Sector,Water Pipeline & Dam Infrastructure,MN,Manipur,MN-CBR,Churachandpur,1173.3,411,379,3749.7,Final Handover,2021-10-29,2026-12-31,IN_PROGRESS,2023-01-10 10:00:00
LG-ML-1241,Port & Maritime Logistics - West Garo Hills (Tura) Sector,Port & Maritime Logistics,ML,Meghalaya,ML-TUA,West Garo Hills (Tura),2280.9,2415,2221,3148.8,Possession,2024-08-17,2026-12-31,IN_PROGRESS,2023-01-10 10:00:00
LG-MZ-1242,Urban Metro Rail - Aizawl Sector,Urban Metro Rail,MZ,Mizoram,MZ-AIZ,Aizawl,1244.2,1243,1132,2715.7,Compensation,2024-12-14,2026-12-31,IN_PROGRESS,2023-01-10 10:00:00
LG-NL-1243,Water Pipeline & Dam Infrastructure - Dimapur Sector,Water Pipeline & Dam Infrastructure,NL,Nagaland,NL-DMP,Dimapur,2169.8,2474,1905,4136.9,Land Identification,2023-08-31,2026-12-31,IN_PROGRESS,2023-01-10 10:00:00
LG-OD-1244,Highway Expansion - Sundargarh (Rourkela) Sector,Highway Expansion,OD,Odisha,OD-SNG,Sundargarh (Rourkela),2154.8,2210,1718,3666.1,Documentation,2021-11-02,2026-12-31,IN_PROGRESS,2023-01-10 10:00:00
LG-PB-1245,Water Pipeline & Dam Infrastructure - Ludhiana Sector,Water Pipeline & Dam Infrastructure,PB,Punjab,PB-LDH,Ludhiana,1896.0,1968,1988,1717.6,Compensation,2022-04-11,2026-12-31,IN_PROGRESS,2023-01-10 10:00:00
LG-RJ-1246,Airport Expansion - Jodhpur Sector,Airport Expansion,RJ,Rajasthan,RJ-JHD,Jodhpur,1822.2,1804,1696,2485.4,Documentation,2023-10-06,2026-12-31,IN_PROGRESS,2023-01-10 10:00:00
LG-SK-1247,Urban Metro Rail - Gangtok (East Sikkim) Sector,Urban Metro Rail,SK,Sikkim,SK-GNT,Gangtok (East Sikkim),1807.8,1883,1870,4933.2,Land Identification,2021-01-15,2026-12-31,IN_PROGRESS,2023-01-10 10:00:00
LG-TN-1248,Industrial Park & SEZ - Chennai Sector,Industrial Park & SEZ,TN,Tamil Nadu,TN-CHE,Chennai,932.1,688,632,3065.8,Notification,2023-08-10,2026-12-31,IN_PROGRESS,2023-01-10 10:00:00
LG-TS-1249,Solar & Renewable Energy Park - Warangal Sector,Solar & Renewable Energy Park,TS,Telangana,TS-WGL,Warangal,791.0,829,628,1418.0,Final Handover,2024-11-27,2026-12-31,IN_PROGRESS,2023-01-10 10:00:00
LG-TR-1250,Urban Metro Rail - West Tripura (Agartala) Sector,Urban Metro Rail,TR,Tripura,TR-AGT,West Tripura (Agartala),1607.4,1309,1031,3268.5,Possession,2023-08-18,2026-12-31,IN_PROGRESS,2023-01-10 10:00:00
